direction,scale,n_yesno,k_flip,flip_rate,k_parse_gain,k_flip_true,base_parse_rate,mean_d_margin,sd_d_margin,wilcoxon_p_raw,n_judged,k_false,k_incoh,false_rate,incoh_rate
baseline,0.0,24,0,0.0,0,0,0.0,0.0,0.0,1.0,32,1,5,0.03125,0.15625
jtw_mean_diff_tgt,-1.0,24,24,1.0,24,0,0.0,-0.13109816666666665,0.014524213401335586,1.1920928955078125e-07,32,4,21,0.125,0.65625
jtw_mean_diff_tgt,-0.82,24,21,0.875,21,0,0.0,-0.13188545833333334,0.01590260723490817,1.1920928955078125e-07,32,2,14,0.0625,0.4375
jtw_mean_diff_tgt,-0.66,24,24,1.0,24,0,0.0,-0.09664927499999999,0.01944803189868814,1.1920928955078125e-07,32,1,8,0.03125,0.25
jtw_mean_diff_tgt,-0.52,24,24,1.0,24,0,0.0,-0.05179280833333333,0.020901221230077042,1.1920928955078125e-07,32,2,5,0.0625,0.15625
jtw_mean_diff_tgt,-0.4,24,24,1.0,24,0,0.0,-0.014758884583333335,0.020787407183936474,0.0035042762756347656,32,1,4,0.03125,0.125
jtw_mean_diff_tgt,-0.3,24,24,1.0,24,0,0.0,0.010734845041666668,0.019616232023102583,0.016406655311584473,32,2,5,0.0625,0.15625
jtw_mean_diff_tgt,-0.22,24,21,0.875,21,0,0.0,0.030063823333333333,0.016429319842746055,5.960464477539062e-07,32,2,7,0.0625,0.21875
jtw_mean_diff_tgt,-0.15,24,8,0.3333333333333333,8,0,0.0,0.04024155833333334,0.01091027513800106,1.1920928955078125e-07,32,1,6,0.03125,0.1875
jtw_mean_diff_tgt,-0.08,24,0,0.0,0,0,0.0,0.025879870833333332,0.006582789926670722,1.1920928955078125e-07,32,1,6,0.03125,0.1875
jtw_mean_diff_tgt,-0.04,24,0,0.0,0,0,0.0,0.011002372916666668,0.003149736175960138,1.1920928955078125e-07,32,0,5,0.0,0.15625
jtw_mean_diff_tgt,-0.02,24,0,0.0,0,0,0.0,0.004741942916666667,0.0014519309288891936,1.1920928955078125e-07,32,1,5,0.03125,0.15625
jtw_mean_diff_tgt,-0.01,24,0,0.0,0,0,0.0,0.0021691287500000002,0.0006883173535091555,1.1920928955078125e-07,32,1,5,0.03125,0.15625
jtw_mean_diff_tgt,0.01,24,0,0.0,0,0,0.0,-0.0017634131666666667,0.0006063294265560571,1.1920928955078125e-07,32,1,5,0.03125,0.15625
jtw_mean_diff_tgt,0.02,24,0,0.0,0,0,0.0,-0.0031285362499999998,0.001128698076056667,1.1920928955078125e-07,32,1,7,0.03125,0.21875
jtw_mean_diff_tgt,0.04,24,0,0.0,0,0,0.0,-0.004700140833333333,0.0019340423380913125,1.1920928955078125e-07,32,2,6,0.0625,0.1875
jtw_mean_diff_tgt,0.08,24,0,0.0,0,0,0.0,-0.0030807614750000003,0.0028318125536615476,5.328655242919922e-05,32,3,6,0.09375,0.1875
jtw_mean_diff_tgt,0.15,24,0,0.0,0,0,0.0,0.021879629166666664,0.0076919964421796,1.1920928955078125e-07,32,4,2,0.125,0.0625
jtw_mean_diff_tgt,0.22,24,10,0.4166666666666667,10,0,0.0,0.0765075625,0.024663700902423074,1.1920928955078125e-07,32,4,1,0.125,0.03125
jtw_mean_diff_tgt,0.3,24,7,0.2916666666666667,7,0,0.0,0.07416607208333333,0.046121497226432086,1.1920928955078125e-07,32,1,3,0.03125,0.09375
jtw_mean_diff_tgt,0.4,24,2,0.08333333333333333,2,0,0.0,0.008935395462083334,0.03213088106123541,0.344876766204834,32,3,2,0.09375,0.0625
jtw_mean_diff_tgt,0.52,24,0,0.0,0,0,0.0,-0.034328635833333336,0.015667160174466267,1.1920928955078125e-07,32,6,5,0.1875,0.15625
jtw_mean_diff_tgt,0.66,24,0,0.0,0,0,0.0,-0.037959220833333335,0.014305308958351614,1.1920928955078125e-07,32,5,6,0.15625,0.1875
jtw_mean_diff_tgt,0.82,24,0,0.0,0,0,0.0,-0.03771652083333333,0.014261276175012596,1.1920928955078125e-07,32,6,12,0.1875,0.375
jtw_mean_diff_tgt,1.0,24,0,0.0,0,0,0.0,-0.03764676249999999,0.014269621302790567,1.1920928955078125e-07,32,5,20,0.15625,0.625
mag_resid_pc1,-1.0,24,4,0.16666666666666666,4,0,0.0,0.10595648208333334,0.17924486444682644,0.007189035415649414,32,13,8,0.40625,0.25
mag_resid_pc1,-0.82,24,12,0.5,12,0,0.0,0.35106802291666667,0.28385073655095405,8.344650268554688e-07,32,11,6,0.34375,0.1875
mag_resid_pc1,-0.66,24,0,0.0,0,0,0.0,0.046935290416666664,0.059583020406797,0.0008462667465209961,32,7,7,0.21875,0.21875
mag_resid_pc1,-0.52,24,0,0.0,0,0,0.0,-0.02096086541666667,0.010522482122174315,1.1920928955078125e-07,32,5,6,0.15625,0.1875
mag_resid_pc1,-0.4,24,0,0.0,0,0,0.0,-0.030660208333333338,0.010328729139255297,1.1920928955078125e-07,32,4,7,0.125,0.21875
mag_resid_pc1,-0.3,24,0,0.0,0,0,0.0,-0.031231737500000006,0.009681653131200292,1.1920928955078125e-07,32,3,5,0.09375,0.15625
mag_resid_pc1,-0.22,24,0,0.0,0,0,0.0,-0.028856179166666666,0.008264980036114618,1.1920928955078125e-07,32,0,9,0.0,0.28125
mag_resid_pc1,-0.15,24,0,0.0,0,0,0.0,-0.0247691375,0.006636612697545959,1.1920928955078125e-07,32,0,9,0.0,0.28125
mag_resid_pc1,-0.08,24,0,0.0,0,0,0.0,-0.01687069458333333,0.004075960658385231,1.1920928955078125e-07,32,1,7,0.03125,0.21875
mag_resid_pc1,-0.04,24,0,0.0,0,0,0.0,-0.00964850125,0.0021666415078788618,1.1920928955078125e-07,32,1,6,0.03125,0.1875
mag_resid_pc1,-0.02,24,0,0.0,0,0,0.0,-0.00514236375,0.0011144844010682502,1.1920928955078125e-07,32,1,5,0.03125,0.15625
mag_resid_pc1,-0.01,24,0,0.0,0,0,0.0,-0.0026523458333333333,0.0005653775674401071,1.1920928955078125e-07,32,1,5,0.03125,0.15625
mag_resid_pc1,0.01,24,0,0.0,0,0,0.0,0.002818724166666667,0.0005831052277018176,1.1920928955078125e-07,32,1,6,0.03125,0.1875
mag_resid_pc1,0.02,24,0,0.0,0,0,0.0,0.00580842875,0.0011850785578925267,1.1920928955078125e-07,32,1,5,0.03125,0.15625
mag_resid_pc1,0.04,24,0,0.0,0,0,0.0,0.012330939166666666,0.002455889510797005,1.1920928955078125e-07,32,2,4,0.0625,0.125
mag_resid_pc1,0.08,24,0,0.0,0,0,0.0,0.027880720833333334,0.005333915577410127,1.1920928955078125e-07,32,0,5,0.0,0.15625
mag_resid_pc1,0.15,24,5,0.20833333333333334,5,0,0.0,0.06603559583333334,0.011769605271777814,1.1920928955078125e-07,32,0,4,0.0,0.125
mag_resid_pc1,0.22,24,21,0.875,21,0,0.0,0.11743135,0.020728653819332775,1.1920928955078125e-07,32,1,3,0.03125,0.09375
mag_resid_pc1,0.3,24,24,1.0,24,0,0.0,0.16270339583333335,0.0346723597512044,1.1920928955078125e-07,32,1,3,0.03125,0.09375
mag_resid_pc1,0.4,24,24,1.0,24,0,0.0,0.17026494583333332,0.0471103689883843,1.1920928955078125e-07,32,2,2,0.0625,0.0625
mag_resid_pc1,0.52,24,24,1.0,24,0,0.0,0.13131381583333332,0.05084880677477974,2.384185791015625e-07,32,2,2,0.0625,0.0625
mag_resid_pc1,0.66,24,24,1.0,24,0,0.0,0.05146566249999999,0.04408517219263887,3.6597251892089844e-05,32,1,1,0.03125,0.03125
mag_resid_pc1,0.82,24,24,1.0,24,0,0.0,-0.023055303333333332,0.033447136437211616,0.0020009279251098633,32,0,0,0.0,0.0
mag_resid_pc1,1.0,24,24,1.0,24,0,0.0,-0.0417785875,0.024669092347207554,1.1920928955078125e-06,32,2,0,0.0625,0.0
mag_u_gold,-1.0,24,3,0.125,3,0,0.0,-0.1401953375,0.019708999193346045,1.1920928955078125e-07,32,5,10,0.15625,0.3125
mag_u_gold,-0.82,24,24,1.0,24,0,0.0,-0.205461625,0.020987628952008227,1.1920928955078125e-07,32,6,7,0.1875,0.21875
mag_u_gold,-0.66,24,24,1.0,24,0,0.0,-0.2093190833333333,0.020521298558192964,1.1920928955078125e-07,32,4,6,0.125,0.1875
mag_u_gold,-0.52,24,24,1.0,24,0,0.0,-0.14623066666666665,0.021703980061102933,1.1920928955078125e-07,32,4,3,0.125,0.09375
mag_u_gold,-0.4,24,2,0.08333333333333333,2,0,0.0,-0.0623236375,0.016097801315000392,1.1920928955078125e-07,32,3,4,0.09375,0.125
mag_u_gold,-0.3,24,0,0.0,0,0,0.0,-0.0295079875,0.010264351824738416,1.1920928955078125e-07,32,1,5,0.03125,0.15625
mag_u_gold,-0.22,24,0,0.0,0,0,0.0,-0.01903355958333333,0.006700536648974294,1.1920928955078125e-07,32,1,5,0.03125,0.15625
mag_u_gold,-0.15,24,0,0.0,0,0,0.0,-0.012792012916666666,0.004426151126206782,1.1920928955078125e-07,32,2,3,0.0625,0.09375
mag_u_gold,-0.08,24,0,0.0,0,0,0.0,-0.007042935416666667,0.00244140154220085,1.1920928955078125e-07,32,0,5,0.0,0.15625
mag_u_gold,-0.04,24,0,0.0,0,0,0.0,-0.0036685737499999997,0.001284947598680542,1.1920928955078125e-07,32,1,5,0.03125,0.15625
mag_u_gold,-0.02,24,0,0.0,0,0,0.0,-0.001888506208333333,0.0006650032305811021,1.1920928955078125e-07,32,1,5,0.03125,0.15625
mag_u_gold,-0.01,24,0,0.0,0,0,0.0,-0.0009605880416666667,0.00033895235641265845,1.1920928955078125e-07,32,1,5,0.03125,0.15625
mag_u_gold,0.01,24,0,0.0,0,0,0.0,0.0009990565,0.00035326542384888233,1.1920928955078125e-07,32,1,6,0.03125,0.1875
mag_u_gold,0.02,24,0,0.0,0,0,0.0,0.0020431108333333332,0.0007223453530772651,1.1920928955078125e-07,32,1,6,0.03125,0.1875
mag_u_gold,0.04,24,0,0.0,0,0,0.0,0.004292832083333333,0.0015131512439075447,1.1920928955078125e-07,32,2,7,0.0625,0.21875
mag_u_gold,0.08,24,0,0.0,0,0,0.0,0.00963689375,0.003334046563358383,1.1920928955078125e-07,32,2,8,0.0625,0.25
mag_u_gold,0.15,24,0,0.0,0,0,0.0,0.022713095833333335,0.007268207349670755,1.1920928955078125e-07,32,3,5,0.09375,0.15625
mag_u_gold,0.22,24,0,0.0,0,0,0.0,0.040902512499999995,0.011378541438289902,1.1920928955078125e-07,32,4,4,0.125,0.125
mag_u_gold,0.3,24,0,0.0,0,0,0.0,0.062189775,0.014829788784073001,1.1920928955078125e-07,32,2,6,0.0625,0.1875
mag_u_gold,0.4,24,1,0.041666666666666664,1,0,0.0,0.06380258333333333,0.018193187650677206,1.1920928955078125e-07,32,1,4,0.03125,0.125
mag_u_gold,0.52,24,0,0.0,0,0,0.0,-0.0009191325416666672,0.016093358655754727,0.5838061571121216,32,2,4,0.0625,0.125
mag_u_gold,0.66,24,0,0.0,0,0,0.0,-0.035511875,0.013886585055282983,1.1920928955078125e-07,32,3,6,0.09375,0.1875
mag_u_gold,0.82,24,0,0.0,0,0,0.0,-0.03758715,0.014265846580648786,1.1920928955078125e-07,32,6,8,0.1875,0.25
mag_u_gold,1.0,24,0,0.0,0,0,0.0,-0.03761716666666667,0.014274509481488373,1.1920928955078125e-07,32,5,11,0.15625,0.34375
rand_ctrl,-1.0,24,0,0.0,0,0,0.0,-0.01195032583333333,0.013042575406513409,0.00014960765838623047,32,5,3,0.15625,0.09375
rand_ctrl,-0.82,24,0,0.0,0,0,0.0,0.006654072791666667,0.014047643286660964,0.04248917102813721,32,2,0,0.0625,0.0
rand_ctrl,-0.66,24,0,0.0,0,0,0.0,0.036241762500000003,0.020128909588942888,1.1920928955078125e-07,32,2,3,0.0625,0.09375
rand_ctrl,-0.52,24,0,0.0,0,0,0.0,0.06350232083333333,0.028370178043976714,1.1920928955078125e-07,32,1,3,0.03125,0.09375
rand_ctrl,-0.4,24,0,0.0,0,0,0.0,0.07435498750000001,0.027645986394133588,1.1920928955078125e-07,32,1,3,0.03125,0.09375
rand_ctrl,-0.3,24,0,0.0,0,0,0.0,0.06846288333333332,0.01920212952983548,1.1920928955078125e-07,32,1,3,0.03125,0.09375
rand_ctrl,-0.22,24,0,0.0,0,0,0.0,0.05262007083333333,0.01166770308663226,1.1920928955078125e-07,32,0,5,0.0,0.15625
rand_ctrl,-0.15,24,0,0.0,0,0,0.0,0.034639333333333334,0.007505435698598523,1.1920928955078125e-07,32,0,5,0.0,0.15625
rand_ctrl,-0.08,24,0,0.0,0,0,0.0,0.0169861125,0.004256945220441174,1.1920928955078125e-07,32,1,5,0.03125,0.15625
rand_ctrl,-0.04,24,0,0.0,0,0,0.0,0.007954137916666666,0.0022096446116395383,1.1920928955078125e-07,32,1,5,0.03125,0.15625
rand_ctrl,-0.02,24,0,0.0,0,0,0.0,0.0038319875,0.0011178985657891677,1.1920928955078125e-07,32,1,5,0.03125,0.15625
rand_ctrl,-0.01,24,0,0.0,0,0,0.0,0.0018788821666666667,0.0005609572640837435,1.1920928955078125e-07,32,1,5,0.03125,0.15625
rand_ctrl,0.01,24,0,0.0,0,0,0.0,-0.0018033077916666666,0.0005625247931375407,1.1920928955078125e-07,32,1,6,0.03125,0.1875
rand_ctrl,0.02,24,0,0.0,0,0,0.0,-0.0035302733333333336,0.0011237280018243107,1.1920928955078125e-07,32,1,6,0.03125,0.1875
rand_ctrl,0.04,24,0,0.0,0,0,0.0,-0.0067553775,0.002231151324515917,1.1920928955078125e-07,32,1,6,0.03125,0.1875
rand_ctrl,0.08,24,0,0.0,0,0,0.0,-0.012313334166666667,0.004315820122868398,1.1920928955078125e-07,32,1,6,0.03125,0.1875
rand_ctrl,0.15,24,0,0.0,0,0,0.0,-0.01952962125,0.007283899843237534,1.1920928955078125e-07,32,1,6,0.03125,0.1875
rand_ctrl,0.22,24,0,0.0,0,0,0.0,-0.024372790416666668,0.009299903450959084,1.1920928955078125e-07,32,1,6,0.03125,0.1875
rand_ctrl,0.3,24,0,0.0,0,0,0.0,-0.02807455,0.01072105709494374,1.1920928955078125e-07,32,1,8,0.03125,0.25
rand_ctrl,0.4,24,0,0.0,0,0,0.0,-0.03119925,0.011790135086514525,1.1920928955078125e-07,32,2,8,0.0625,0.25
rand_ctrl,0.52,24,0,0.0,0,0,0.0,-0.034007275000000003,0.012719569048970243,1.1920928955078125e-07,32,4,8,0.125,0.25
rand_ctrl,0.66,24,0,0.0,0,0,0.0,-0.0361117125,0.013468961332999548,1.1920928955078125e-07,32,5,7,0.15625,0.21875
rand_ctrl,0.82,24,0,0.0,0,0,0.0,-0.03694210416666666,0.013828304181530663,1.1920928955078125e-07,32,8,8,0.25,0.25
rand_ctrl,1.0,24,0,0.0,0,0,0.0,-0.03732210416666667,0.014076475655302704,1.1920928955078125e-07,32,8,14,0.25,0.4375
sup_grad,-1.0,24,0,0.0,0,0,0.0,-0.030712645833333333,0.010862869672900281,1.1920928955078125e-07,32,4,10,0.125,0.3125
sup_grad,-0.82,24,4,0.16666666666666666,4,0,0.0,0.008676342583333333,0.012561447434525719,0.00433504581451416,32,1,8,0.03125,0.25
sup_grad,-0.66,24,0,0.0,0,0,0.0,0.04420311666666666,0.010836342718939764,1.1920928955078125e-07,32,0,6,0.0,0.1875
sup_grad,-0.52,24,0,0.0,0,0,0.0,0.052812483333333334,0.009223562562766914,1.1920928955078125e-07,32,1,6,0.03125,0.1875
sup_grad,-0.4,24,0,0.0,0,0,0.0,0.04018855416666667,0.007949376594424363,1.1920928955078125e-07,32,1,4,0.03125,0.125
sup_grad,-0.3,24,0,0.0,0,0,0.0,0.025478462500000004,0.005816225104923408,1.1920928955078125e-07,32,1,6,0.03125,0.1875
sup_grad,-0.22,24,0,0.0,0,0,0.0,0.015008740833333334,0.003933807413811179,1.1920928955078125e-07,32,1,6,0.03125,0.1875
sup_grad,-0.15,24,0,0.0,0,0,0.0,0.007960497499999998,0.0024362789957232266,1.1920928955078125e-07,32,1,7,0.03125,0.21875
sup_grad,-0.08,24,0,0.0,0,0,0.0,0.003131855416666667,0.001179080271054996,1.1920928955078125e-07,32,1,6,0.03125,0.1875
sup_grad,-0.04,24,0,0.0,0,0,0.0,0.001286482375,0.000563297685184834,1.1920928955078125e-07,32,1,5,0.03125,0.15625
sup_grad,-0.02,24,0,0.0,0,0,0.0,0.000579460375,0.00027650381183248946,1.1920928955078125e-07,32,1,5,0.03125,0.15625
sup_grad,-0.01,24,0,0.0,0,0,0.0,0.0002746078875,0.00013707620212526447,1.1920928955078125e-07,32,1,5,0.03125,0.15625
sup_grad,0.01,24,0,0.0,0,0,0.0,-0.00024549895416666666,0.00013541089371379175,1.1920928955078125e-07,32,1,5,0.03125,0.15625
sup_grad,0.02,24,0,0.0,0,0,0.0,-0.0004637893875,0.00026940516347389307,1.1920928955078125e-07,32,1,6,0.03125,0.1875
sup_grad,0.04,24,0,0.0,0,0,0.0,-0.0008230789583333334,0.0005346563742700604,2.384185791015625e-07,32,1,6,0.03125,0.1875
sup_grad,0.08,24,0,0.0,0,0,0.0,-0.0012700299916666667,0.001063817176955919,6.556510925292969e-06,32,1,6,0.03125,0.1875
sup_grad,0.15,24,0,0.0,0,0,0.0,-0.0013851271666666665,0.0020395444887033767,0.00433504581451416,32,1,5,0.03125,0.15625
sup_grad,0.22,24,0,0.0,0,0,0.0,-0.0010758050416666666,0.003120673488920474,0.15998530387878418,32,0,5,0.0,0.15625
sup_grad,0.3,24,0,0.0,0,0,0.0,-0.0011489112125,0.0044359628859262324,0.40611207485198975,32,0,5,0.0,0.15625
sup_grad,0.4,24,0,0.0,0,0,0.0,-0.00457055225,0.006661814891995909,0.0039006471633911133,32,0,5,0.0,0.15625
sup_grad,0.52,24,0,0.0,0,0,0.0,-0.021848283333333333,0.01482863679964567,2.384185791015625e-07,32,0,5,0.0,0.15625
sup_grad,0.66,24,1,0.041666666666666664,1,0,0.0,-0.09519090000000001,0.032613681504973124,1.1920928955078125e-07,32,2,4,0.0625,0.125
sup_grad,0.82,24,23,0.9583333333333334,23,0,0.0,-0.27484708333333335,0.0521529841023058,1.1920928955078125e-07,32,5,6,0.15625,0.1875
sup_grad,1.0,24,24,1.0,24,0,0.0,-0.42408625,0.08686310962220459,1.1920928955078125e-07,32,8,6,0.25,0.1875
sup_mean_diff,-1.0,24,20,0.8333333333333334,20,0,0.0,-0.12702979583333332,0.015672351312741233,1.1920928955078125e-07,32,6,10,0.1875,0.3125
sup_mean_diff,-0.82,24,24,1.0,24,0,0.0,-0.17058279166666668,0.017957792517042426,1.1920928955078125e-07,32,4,9,0.125,0.28125
sup_mean_diff,-0.66,24,24,1.0,24,0,0.0,-0.16775333333333334,0.015910050686298263,1.1920928955078125e-07,32,4,6,0.125,0.1875
sup_mean_diff,-0.52,24,24,1.0,24,0,0.0,-0.12498277916666667,0.017401852750584503,1.1920928955078125e-07,32,2,4,0.0625,0.125
sup_mean_diff,-0.4,24,5,0.20833333333333334,5,0,0.0,-0.06476471666666667,0.015786331159242648,1.1920928955078125e-07,32,2,4,0.0625,0.125
sup_mean_diff,-0.3,24,0,0.0,0,0,0.0,-0.03194219166666667,0.011900199490067626,1.1920928955078125e-07,32,2,4,0.0625,0.125
sup_mean_diff,-0.22,24,0,0.0,0,0,0.0,-0.019731189166666666,0.008300916508393052,1.1920928955078125e-07,32,1,5,0.03125,0.15625
sup_mean_diff,-0.15,24,0,0.0,0,0,0.0,-0.012780227916666666,0.005483825101978251,1.1920928955078125e-07,32,1,4,0.03125,0.125
sup_mean_diff,-0.08,24,0,0.0,0,0,0.0,-0.006938212083333335,0.002930959051545177,1.1920928955078125e-07,32,0,5,0.0,0.15625
sup_mean_diff,-0.04,24,0,0.0,0,0,0.0,-0.003615375416666667,0.0015124130093474128,1.1920928955078125e-07,32,1,5,0.03125,0.15625
sup_mean_diff,-0.02,24,0,0.0,0,0,0.0,-0.0018623903333333334,0.0007756928312686815,1.1920928955078125e-07,32,1,5,0.03125,0.15625
sup_mean_diff,-0.01,24,0,0.0,0,0,0.0,-0.0009474776250000001,0.0003935916379007245,1.1920928955078125e-07,32,1,5,0.03125,0.15625
sup_mean_diff,0.01,24,0,0.0,0,0,0.0,0.0009854648749999999,0.00040713508901232115,1.1920928955078125e-07,32,1,6,0.03125,0.1875
sup_mean_diff,0.02,24,0,0.0,0,0,0.0,0.0020142355,0.0008293097336737343,1.1920928955078125e-07,32,1,6,0.03125,0.1875
sup_mean_diff,0.04,24,0,0.0,0,0,0.0,0.004225016666666667,0.0017240566710867834,1.1920928955078125e-07,32,2,7,0.0625,0.21875
sup_mean_diff,0.08,24,0,0.0,0,0,0.0,0.009408370833333332,0.003738609125441447,1.1920928955078125e-07,32,2,8,0.0625,0.25
sup_mean_diff,0.15,24,0,0.0,0,0,0.0,0.021440954166666665,0.007901572097510457,1.1920928955078125e-07,32,4,6,0.125,0.1875
sup_mean_diff,0.22,24,0,0.0,0,0,0.0,0.036226962499999994,0.01210088044226939,1.1920928955078125e-07,32,4,5,0.125,0.15625
sup_mean_diff,0.3,24,0,0.0,0,0,0.0,0.048913529166666664,0.01553744259624862,1.1920928955078125e-07,32,3,6,0.09375,0.1875
sup_mean_diff,0.4,24,0,0.0,0,0,0.0,0.03664013583333333,0.016691827618709992,1.1920928955078125e-07,32,0,4,0.0,0.125
sup_mean_diff,0.52,24,0,0.0,0,0,0.0,-0.021255925833333338,0.013238994993405528,5.960464477539062e-07,32,3,5,0.09375,0.15625
sup_mean_diff,0.66,24,0,0.0,0,0,0.0,-0.037286466666666664,0.014182381454854981,1.1920928955078125e-07,32,3,6,0.09375,0.1875
sup_mean_diff,0.82,24,0,0.0,0,0,0.0,-0.037623616666666665,0.014275688996657055,1.1920928955078125e-07,32,5,10,0.15625,0.3125
sup_mean_diff,1.0,24,0,0.0,0,0,0.0,-0.03761459166666667,0.014276189345410579,1.1920928955078125e-07,32,3,14,0.09375,0.4375
