stmt_index,m_full,m_stem,ratio,cos_full_stem,delta_norm,eps_star,eps_robust
978,5.14153,1.89729,0.369013,0.401091,4.71272,12.0936,145.007
933,7.34551,2.3164,0.315349,0.362729,6.85409,12.856,192.164
859,8.21938,2.67457,0.325398,0.225863,8.04867,1.03094,49.6378
916,7.77163,2.63111,0.338554,0.247181,7.56387,5.07652,189.905
127,5.88055,2.88955,0.491373,0.40809,5.3909,10.8434,130.224
608,6.41015,2.48401,0.387511,0.381751,5.92479,12.1518,160.491
856,6.16005,2.28415,0.370801,0.308884,5.87122,17.3776,370.629
260,5.56789,2.15693,0.387388,0.306139,5.31983,14.6749,329.386
147,6.47049,3.55873,0.549995,0.28037,6.45134,13.8943,4695.4
810,5.04876,2.66621,0.528092,0.311368,4.92097,23.05,910.672
635,5.45002,2.22538,0.408325,0.393754,5.01037,17.576,217.878
972,4.48867,1.95597,0.435756,0.462781,3.98093,27.6826,244.729
593,9.5248,2.72531,0.286127,0.514916,8.45084,9.58922,85.0455
994,6.87924,2.8957,0.420934,0.527519,5.89003,12.4327,86.4599
285,6.56122,2.9315,0.446792,0.531702,5.58476,10.0367,67.4407
554,5.89081,2.5443,0.43191,0.258388,5.78183,0,inf
467,7.12316,2.57704,0.361783,0.378903,6.59316,6.95034,93.4121
276,4.33045,2.46555,0.569352,0.437441,3.93582,31.3958,344.52
55,8.12113,3.27415,0.403165,0.444306,7.28318,3.706,35.9176
61,6.1394,2.28902,0.372841,0.324539,5.81466,16.9663,320.753
839,7.96353,2.47794,0.311161,0.280874,7.64676,5.77674,145.226
425,7.84106,3.26693,0.416643,0.390106,7.22281,0,inf
82,5.1318,2.77449,0.540646,0.324209,4.98005,19.5966,662.713
620,6.41039,2.06888,0.322739,0.416376,5.8591,16.6152,193.204
787,5.25639,2.88772,0.549373,0.534562,4.44301,24.4086,157.738
2,15.3162,4.61719,0.301459,0.558443,13.3011,3.18124,24.1803
753,5.44311,2.04564,0.375822,0.420821,4.94376,25.6072,279.126
7,7.74434,3.16569,0.408775,0.285998,7.48153,5.43024,160.013
903,6.95894,3.15473,0.453335,0.197371,7.05076,1.26737,inf
626,6.15848,2.22872,0.361894,0.33696,5.80036,15.9691,274.614
51,7.64222,2.97304,0.389028,0.475983,6.75376,6.49975,55.9083
557,8.27069,2.90912,0.351738,0.629816,6.82349,13.0037,74.3155
310,5.21783,2.29621,0.44007,0.48396,4.57181,16.4661,132.995
100,6.09996,3.79283,0.62178,0.29001,6.17865,18.8904,inf
848,6.42437,2.08809,0.325026,0.311812,6.10466,9.33958,187.676
921,5.72364,2.35302,0.411106,0.423836,5.18464,21.7247,230.693
45,7.36003,2.10416,0.28589,0.353822,6.90206,6.94999,111.694
976,6.32222,2.822,0.446363,0.381684,5.85787,16.0713,218.815
136,6.19701,1.80665,0.291536,0.341426,5.83282,19.9793,339.967
128,5.95714,2.4188,0.406034,0.225418,5.90271,13.6408,1492.87
605,7.22153,2.87409,0.397989,0.582188,6.02029,12.264,73.7276
945,7.3453,2.26727,0.30867,0.316014,6.96909,6.5761,128.396
773,5.0902,2.78768,0.547657,0.528074,4.32374,23.8502,158.393
941,9.42093,1.91843,0.203635,0.270225,9.09211,6.11971,175.336
613,15.9623,2.88786,0.180918,0.613331,14.3732,6.33728,63.6579
98,4.57837,2.03354,0.444161,0.291089,4.43582,27.512,883.62
758,6.02142,2.27219,0.377352,0.425832,5.45601,9.98234,106.308
595,7.69426,2.89962,0.376855,0.347518,7.21823,7.11434,114.993
470,5.40397,2.16799,0.401185,0.409855,4.92946,12.6168,143.686
25,8.0319,2.58998,0.322461,0.435073,7.28822,11.8321,127.79
514,6.02422,2.78932,0.463018,0.314343,5.78856,15.2825,390.668
239,9.27968,3.20507,0.345386,0.435773,8.39425,1.22259,12.8132
980,5.32161,2.88773,0.542643,0.267246,5.33336,6.36149,inf
623,9.70456,2.54007,0.26174,0.433572,8.90253,6.5889,79.726
252,5.69798,1.77661,0.311797,0.537941,4.97314,12.3196,96.8438
662,10.1915,2.49513,0.244823,0.317181,9.6934,2.48092,50.7566
171,6.71255,1.91615,0.285458,0.391277,6.21809,9.63909,130.854
408,7.84482,2.92195,0.372469,0.386614,7.23567,5.99953,77.2638
993,6.31457,2.54777,0.403476,0.362776,5.89,5.63986,83.8828
592,5.81833,2.49826,0.429378,0.628882,4.67031,12.7942,64.8427
701,6.24126,3.38322,0.542073,0.45724,5.57582,10.8564,101.823
427,6.58909,2.26145,0.343211,0.333715,6.21168,18.1935,317.634
457,5.06049,1.6352,0.323131,0.196449,5.00312,16.2681,1435.04
454,5.21914,1.77795,0.340659,0.398901,4.79557,14.3433,176.732
151,8.33134,2.85301,0.342443,0.518288,7.27407,6.97656,54.9757
756,6.02913,3.26912,0.542221,0.679185,4.50157,20.4776,80.8232
250,6.25204,1.91857,0.306871,0.344613,5.87382,9.34469,154.466
904,5.00483,3.52437,0.704193,0.311389,5.1463,21.5383,inf
324,6.51641,1.98424,0.304499,0.304455,6.20706,13.9253,293.329
439,6.6876,2.35561,0.352235,0.329762,6.31532,10.0446,180.436
650,5.91056,1.84702,0.312495,0.211841,5.80697,12.409,708.023
238,7.17197,1.65109,0.230214,0.284986,6.88578,6.59418,165.248
498,8.89442,2.65873,0.298921,0.337582,8.37934,2.10916,36.4212
806,5.33574,2.23572,0.419009,0.473997,4.70741,15.0858,128.108
629,5.44934,1.80573,0.331367,0.403514,5.00148,7.91264,96.2765
468,6.22637,4.074,0.654314,0.432783,5.78005,11.2061,156.331
343,4.91195,2.35255,0.478944,0.394436,4.53275,17.0604,220.993
664,5.53079,2.98636,0.539952,0.619302,4.36464,8.73556,41.4306
671,6.63904,1.97908,0.298098,0.24997,6.43621,12.5692,411.415
652,5.45387,2.00827,0.368229,0.395277,5.01189,17.74,218.904
346,7.48798,2.5791,0.344432,0.406245,6.85789,5.32517,63.2839
381,7.04948,3.07646,0.436409,0.501107,6.11754,3.1832,24.0788
493,6.53771,1.84392,0.282044,0.33051,6.17843,4.88685,88.9264
708,7.44749,2.44206,0.327904,0.558822,6.41108,4.3849,31.5091
513,4.68829,4.56807,0.974357,0.165098,5.98128,22.6061,inf
563,8.04769,4.0112,0.498429,0.426983,7.29988,11.0618,119.044
857,5.65967,2.30182,0.406705,0.14539,5.79156,16.1034,inf
781,7.25227,2.56079,0.353101,0.509835,6.34163,8.10337,64.5345
135,7.05977,2.49859,0.35392,0.425025,6.41006,9.27521,100.785
232,6.12246,2.11002,0.344636,0.580878,5.18927,15.9629,104.729
931,20.6599,4.99655,0.241847,0.722442,17.3967,4.26972,27.0322
426,4.10649,2.11887,0.515982,0.414796,3.75958,24.8719,294.423
660,7.7781,2.27043,0.291901,0.234908,7.57344,10.2964,391.302
995,6.58597,2.01925,0.306599,0.251765,6.38405,15.7659,514.226
36,6.4685,2.69875,0.417215,0.453483,5.76991,12.7625,118.174
545,5.29343,2.15547,0.407197,0.468845,4.68696,16.648,145.308
116,5.22132,1.96593,0.376519,0.427182,4.72835,27.6299,292.64
434,7.96302,2.53013,0.317735,0.342721,7.4834,3.50569,58.2044
390,7.45186,2.3421,0.314297,0.359014,6.96304,4.60259,70.1646
751,7.36686,1.99424,0.270705,0.357217,6.91026,1.49956,24.1939
797,8.35625,1.80338,0.215812,0.291968,8.01745,12.3891,305.564
180,5.16071,2.39512,0.464106,0.315705,4.95631,25.4233,641.877
152,6.93254,2.77688,0.400557,0.380434,6.41278,8.95416,119.432
38,6.17739,1.79529,0.290623,0.398221,5.70531,9.36117,122.494
946,5.03393,1.62235,0.322284,0.491368,4.46617,21.0998,187.077
710,6.91067,2.50531,0.362528,0.358968,6.45012,11.0959,166.497
789,5.92599,2.25,0.379684,0.569914,4.9982,15.8805,101.432
558,7.10381,2.36505,0.332927,0.492477,6.28566,10.2034,88.5935
142,6.71557,2.26256,0.336912,0.49788,5.92352,16.6216,140.93
166,6.2353,3.44536,0.552556,0.316554,6.09496,9.89972,439.837
990,6.24317,2.1762,0.348573,0.406312,5.71597,12.4274,147.169
83,5.68677,2.52573,0.444142,0.534854,4.83262,16.692,111.132
914,4.84415,2.04315,0.421777,0.336484,4.58036,32.6673,599.886
230,7.89531,4.4277,0.560801,0.414921,7.27536,10.0745,128.302
885,8.06068,2.12409,0.263513,0.374975,7.52635,1.8978,28.6295
413,4.62662,2.52776,0.546351,0.373839,4.36476,22.443,396.527
125,5.14308,2.27266,0.441886,0.149748,5.30241,24.9341,inf
726,9.36467,2.67775,0.285942,0.51047,8.32262,8.56274,76.9515
865,5.84511,2.25939,0.386544,0.494876,5.1185,15.1317,121.726
638,6.71625,2.94453,0.438418,0.472652,5.92316,15.7685,133.534
96,6.36442,3.62771,0.569998,0.543667,5.34429,8.39276,52.3611
764,5.56313,2.83041,0.508781,0.5333,4.70797,19.0707,124.063
79,9.08748,3.86599,0.425419,0.464241,8.05659,6.6863,58.9409
579,8.75588,2.29335,0.261921,0.32885,8.28963,3.46999,65.1651
421,6.4792,2.5205,0.389014,0.522193,5.59261,14.638,106.974
179,6.36356,3.50294,0.550469,0.411724,5.86599,9.58451,122.58
248,5.45775,2.34615,0.429874,0.418751,4.95656,20.2592,220.614
889,5.22076,1.95155,0.373806,0.477072,4.61991,11.6565,101.282
771,6.87169,2.3821,0.346655,0.411495,6.27877,9.68353,112.228
435,5.45057,3.2793,0.601644,0.736259,3.76067,16.7237,53.9404
860,4.51571,2.22912,0.493636,0.316995,4.35647,15.4211,437.31
582,6.46708,1.99087,0.307847,0.245008,6.28312,3.68696,129.618
302,7.75389,2.86551,0.369558,0.196649,7.7198,9.18846,2090.02
987,5.94183,2.66304,0.448185,0.496558,5.16553,8.58795,65.7327
131,7.58048,2.55212,0.336671,0.229772,7.42203,0,inf
199,5.72025,2.55546,0.446739,0.37708,5.31294,11.9144,167.329
996,4.63297,1.95598,0.422187,0.241381,4.57334,25.5082,1982.03
898,8.08503,3.82484,0.473077,0.393968,7.45862,7.3492,94.8558
934,6.33922,2.68934,0.424239,0.448671,5.66746,9.1319,86.1751
900,7.10388,2.68269,0.377637,0.372657,6.59228,8.73763,121.327
150,6.64804,5.41833,0.815027,0.384834,6.76981,14.1269,inf
143,5.7851,2.24728,0.38846,0.559462,4.896,17.3099,112.63
703,8.88925,3.52321,0.396345,0.383024,8.2122,6.81475,89.4728
474,4.37853,1.6596,0.379031,0.376868,4.0557,33.8459,459.048
371,6.28869,2.11341,0.336066,0.374713,5.83557,6.28049,87.1637
551,6.2478,2.24145,0.358757,0.345113,5.86457,8.75267,142.692
222,5.10686,3.0577,0.598744,0.289241,5.13774,23.7349,inf
835,6.33694,2.41967,0.381835,0.402388,5.80274,8.1597,96.7933
306,5.69208,2.64482,0.46465,0.382474,5.28005,7.46608,103.142
750,5.82856,2.06334,0.354004,0.32178,5.52176,16.461,312.724
963,5.25803,2.32332,0.441861,0.570257,4.37174,13.4204,79.618
340,6.53755,2.84943,0.435855,0.439807,5.87138,21.5748,211.727
767,7.01339,2.57689,0.367425,0.220581,6.91773,3.92679,287.898
830,5.66987,2.54208,0.448348,0.314146,5.43634,17.128,415.859
896,7.08443,2.41864,0.341401,0.41075,6.47788,9.75159,113.896
387,5.56313,2.25335,0.405051,0.264015,5.4228,14.2619,565.398
66,5.26804,2.51251,0.476933,0.461762,4.67346,26.1585,231.765
297,5.17167,2.70704,0.523436,0.412971,4.74458,23.8462,288.76
881,5.93591,2.08042,0.350481,0.109228,6.07169,10.6067,inf
814,6.61606,1.98653,0.300259,0.46488,5.95808,13.91,139.867
892,5.4025,2.07875,0.384775,0.255212,5.27029,20.4701,836.451
724,7.24669,2.5486,0.351691,0.483374,6.41523,8.3715,72.9623
991,4.93469,1.72853,0.350281,0.474433,4.38695,22.4377,202.148
193,5.76662,2.75462,0.477683,0.571755,4.76207,14.255,81.8313
253,5.06752,1.95497,0.385784,0.403623,4.63728,23.8246,280.617
236,4.75452,1.76936,0.372143,0.142719,4.83062,22.8351,inf
891,6.25569,2.16681,0.346374,0.474203,5.56536,11.9217,108.033
674,11.3412,6.07624,0.535768,0.651835,8.70086,7.654,32.8768
746,6.29996,2.05793,0.326657,0.349092,5.90532,15.0559,240.345
315,6.30944,2.53246,0.401377,0.436521,5.68089,2.56957,25.7937
129,7.59117,2.79361,0.368007,0.325738,7.18432,11.6048,216.526
21,7.3284,3.7621,0.51336,0.279646,7.24148,10.7204,903.905
673,5.8116,1.71718,0.295475,0.243566,5.64465,11.1633,388.592
373,4.79313,2.05582,0.428909,0.360438,4.48298,30.3371,468.837
598,7.86835,2.84883,0.362062,0.482892,6.95544,2.01656,17.3807
853,4.93732,1.95351,0.395662,0.372054,4.58436,33.727,471.781
130,4.02005,2.01616,0.501527,0.431549,3.63734,16.3189,171.417
544,6.21052,1.96284,0.31605,0.414998,5.68379,10.1647,119.848
35,5.861,2.13451,0.364188,0.429275,5.30723,17.1077,181.064
867,7.30502,2.07551,0.284122,0.272862,7.0283,5.60991,148.093
203,4.62302,2.23889,0.484293,0.491994,4.02495,20.7694,160.546
86,4.12032,1.88978,0.458649,0.326861,3.93168,14.1669,309.434
146,6.13137,2.54141,0.414493,0.308417,5.86863,13.5421,316.018
433,9.67316,2.69368,0.278469,0.404224,8.93088,0.199808,2.60385
224,4.11626,2.07188,0.50334,0.346899,3.91399,18.539,377.269
218,6.26791,2.58027,0.411665,0.533713,5.35547,9.56554,65.7098
960,6.56784,2.16834,0.330146,0.38649,6.06877,10.3064,135.634
417,6.14872,2.39576,0.389635,0.316014,5.85117,14.4214,298.005
697,5.1975,4.29236,0.825849,0.260862,5.81369,10.2388,inf
552,5.3992,2.66385,0.493378,0.3404,5.14352,13.1562,277.812
88,4.84875,2.34209,0.483029,0.486311,4.2368,19.7104,156.174
624,5.57731,2.15,0.38549,0.252984,5.44626,24.3104,1034.59
445,5.70453,2.76951,0.485493,0.26462,5.64362,10.4166,975.663
268,6.80777,1.99179,0.292577,0.446777,6.18035,15.615,169.428
6,4.91215,2.60926,0.531185,0.744432,3.44305,12.0093,40.1549
630,4.19603,1.97293,0.470189,0.308694,4.04822,30.6805,870.959
805,8.8756,3.14807,0.354688,0.645957,7.25184,0.918519,5.0207
197,6.93928,1.90472,0.274483,0.331215,6.55942,18.0804,330.292
950,5.32565,1.82268,0.342247,0.393552,4.9035,18.5797,234.393
11,7.67518,2.77194,0.361157,0.457248,6.86557,5.2001,49.2973
