direction,eps,frac_reachable
mean_diff_tgt,0,0.00409836
mean_diff_tgt,0.614122,0.00409836
mean_diff_tgt,1.22824,0.00614754
mean_diff_tgt,1.84237,0.00819672
mean_diff_tgt,2.45649,0.0122951
mean_diff_tgt,3.07061,0.0184426
mean_diff_tgt,3.68473,0.0245902
mean_diff_tgt,4.29885,0.0368852
mean_diff_tgt,4.91297,0.045082
mean_diff_tgt,5.5271,0.0532787
mean_diff_tgt,6.14122,0.057377
mean_diff_tgt,6.75534,0.0635246
mean_diff_tgt,7.36946,0.067623
mean_diff_tgt,7.98358,0.0737705
mean_diff_tgt,8.5977,0.0819672
mean_diff_tgt,9.21183,0.0922131
mean_diff_tgt,9.82595,0.104508
mean_diff_tgt,10.4401,0.112705
mean_diff_tgt,11.0542,0.125
mean_diff_tgt,11.6683,0.145492
mean_diff_tgt,12.2824,0.155738
mean_diff_tgt,12.8966,0.170082
mean_diff_tgt,13.5107,0.190574
mean_diff_tgt,14.1248,0.194672
mean_diff_tgt,14.7389,0.211066
mean_diff_tgt,15.353,0.235656
mean_diff_tgt,15.9672,0.256148
mean_diff_tgt,16.5813,0.278689
mean_diff_tgt,17.1954,0.305328
mean_diff_tgt,17.8095,0.317623
mean_diff_tgt,18.4237,0.342213
mean_diff_tgt,19.0378,0.370902
mean_diff_tgt,19.6519,0.383197
mean_diff_tgt,20.266,0.409836
mean_diff_tgt,20.8801,0.42623
mean_diff_tgt,21.4943,0.446721
mean_diff_tgt,22.1084,0.469262
mean_diff_tgt,22.7225,0.495902
mean_diff_tgt,23.3366,0.518443
mean_diff_tgt,23.9507,0.553279
mean_diff_tgt,24.5649,0.57582
mean_diff_tgt,25.179,0.60041
mean_diff_tgt,25.7931,0.631148
mean_diff_tgt,26.4072,0.651639
mean_diff_tgt,27.0214,0.665984
mean_diff_tgt,27.6355,0.688525
mean_diff_tgt,28.2496,0.70082
mean_diff_tgt,28.8637,0.715164
mean_diff_tgt,29.4778,0.739754
mean_diff_tgt,30.092,0.752049
mean_diff_tgt,30.7061,0.772541
mean_diff_tgt,31.3202,0.790984
mean_diff_tgt,31.9343,0.80123
mean_diff_tgt,32.5485,0.815574
mean_diff_tgt,33.1626,0.827869
mean_diff_tgt,33.7767,0.842213
mean_diff_tgt,34.3908,0.852459
mean_diff_tgt,35.0049,0.860656
mean_diff_tgt,35.6191,0.881148
mean_diff_tgt,36.2332,0.887295
mean_diff_tgt,36.8473,0.903689
probe_grad_tgt,0,0
probe_grad_tgt,0.614122,0
probe_grad_tgt,1.22824,0
probe_grad_tgt,1.84237,0
probe_grad_tgt,2.45649,0
probe_grad_tgt,3.07061,0
probe_grad_tgt,3.68473,0
probe_grad_tgt,4.29885,0.00204918
probe_grad_tgt,4.91297,0.00409836
probe_grad_tgt,5.5271,0.00409836
probe_grad_tgt,6.14122,0.00819672
probe_grad_tgt,6.75534,0.0143443
probe_grad_tgt,7.36946,0.0163934
probe_grad_tgt,7.98358,0.0245902
probe_grad_tgt,8.5977,0.0327869
probe_grad_tgt,9.21183,0.0409836
probe_grad_tgt,9.82595,0.0491803
probe_grad_tgt,10.4401,0.0614754
probe_grad_tgt,11.0542,0.0778689
probe_grad_tgt,11.6683,0.0860656
probe_grad_tgt,12.2824,0.0942623
probe_grad_tgt,12.8966,0.108607
probe_grad_tgt,13.5107,0.118852
probe_grad_tgt,14.1248,0.139344
probe_grad_tgt,14.7389,0.151639
probe_grad_tgt,15.353,0.17418
probe_grad_tgt,15.9672,0.196721
probe_grad_tgt,16.5813,0.219262
probe_grad_tgt,17.1954,0.221311
probe_grad_tgt,17.8095,0.243852
probe_grad_tgt,18.4237,0.262295
probe_grad_tgt,19.0378,0.295082
probe_grad_tgt,19.6519,0.309426
probe_grad_tgt,20.266,0.317623
probe_grad_tgt,20.8801,0.340164
probe_grad_tgt,21.4943,0.354508
probe_grad_tgt,22.1084,0.364754
probe_grad_tgt,22.7225,0.383197
probe_grad_tgt,23.3366,0.405738
probe_grad_tgt,23.9507,0.442623
probe_grad_tgt,24.5649,0.465164
probe_grad_tgt,25.179,0.489754
probe_grad_tgt,25.7931,0.508197
probe_grad_tgt,26.4072,0.540984
probe_grad_tgt,27.0214,0.569672
probe_grad_tgt,27.6355,0.604508
probe_grad_tgt,28.2496,0.641393
probe_grad_tgt,28.8637,0.663934
probe_grad_tgt,29.4778,0.688525
probe_grad_tgt,30.092,0.713115
probe_grad_tgt,30.7061,0.737705
probe_grad_tgt,31.3202,0.75
probe_grad_tgt,31.9343,0.776639
probe_grad_tgt,32.5485,0.805328
probe_grad_tgt,33.1626,0.82377
probe_grad_tgt,33.7767,0.836066
probe_grad_tgt,34.3908,0.848361
probe_grad_tgt,35.0049,0.856557
probe_grad_tgt,35.6191,0.881148
probe_grad_tgt,36.2332,0.897541
probe_grad_tgt,36.8473,0.913934
truth_sub_0,0,0.00409836
truth_sub_0,0.614122,0.00409836
truth_sub_0,1.22824,0.00614754
truth_sub_0,1.84237,0.00819672
truth_sub_0,2.45649,0.0122951
truth_sub_0,3.07061,0.0184426
truth_sub_0,3.68473,0.0245902
truth_sub_0,4.29885,0.0368852
truth_sub_0,4.91297,0.045082
truth_sub_0,5.5271,0.0532787
truth_sub_0,6.14122,0.057377
truth_sub_0,6.75534,0.0635246
truth_sub_0,7.36946,0.067623
truth_sub_0,7.98358,0.0737705
truth_sub_0,8.5977,0.0819672
truth_sub_0,9.21183,0.0922131
truth_sub_0,9.82595,0.104508
truth_sub_0,10.4401,0.112705
truth_sub_0,11.0542,0.125
truth_sub_0,11.6683,0.145492
truth_sub_0,12.2824,0.155738
truth_sub_0,12.8966,0.170082
truth_sub_0,13.5107,0.190574
truth_sub_0,14.1248,0.194672
truth_sub_0,14.7389,0.211066
truth_sub_0,15.353,0.235656
truth_sub_0,15.9672,0.256148
truth_sub_0,16.5813,0.278689
truth_sub_0,17.1954,0.305328
truth_sub_0,17.8095,0.317623
truth_sub_0,18.4237,0.342213
truth_sub_0,19.0378,0.370902
truth_sub_0,19.6519,0.383197
truth_sub_0,20.266,0.409836
truth_sub_0,20.8801,0.42623
truth_sub_0,21.4943,0.446721
truth_sub_0,22.1084,0.469262
truth_sub_0,22.7225,0.495902
truth_sub_0,23.3366,0.518443
truth_sub_0,23.9507,0.553279
truth_sub_0,24.5649,0.57582
truth_sub_0,25.179,0.60041
truth_sub_0,25.7931,0.631148
truth_sub_0,26.4072,0.651639
truth_sub_0,27.0214,0.665984
truth_sub_0,27.6355,0.688525
truth_sub_0,28.2496,0.70082
truth_sub_0,28.8637,0.715164
truth_sub_0,29.4778,0.739754
truth_sub_0,30.092,0.752049
truth_sub_0,30.7061,0.772541
truth_sub_0,31.3202,0.790984
truth_sub_0,31.9343,0.80123
truth_sub_0,32.5485,0.815574
truth_sub_0,33.1626,0.827869
truth_sub_0,33.7767,0.842213
truth_sub_0,34.3908,0.852459
truth_sub_0,35.0049,0.860656
truth_sub_0,35.6191,0.881148
truth_sub_0,36.2332,0.887295
truth_sub_0,36.8473,0.903689
rand_0,0,0.0348361
rand_0,0.614122,0.0635246
rand_0,1.22824,0.102459
rand_0,1.84237,0.153689
rand_0,2.45649,0.192623
rand_0,3.07061,0.247951
rand_0,3.68473,0.293033
rand_0,4.29885,0.340164
rand_0,4.91297,0.381148
rand_0,5.5271,0.454918
rand_0,6.14122,0.534836
rand_0,6.75534,0.606557
rand_0,7.36946,0.67418
rand_0,7.98358,0.729508
rand_0,8.5977,0.766393
rand_0,9.21183,0.809426
rand_0,9.82595,0.856557
rand_0,10.4401,0.887295
rand_0,11.0542,0.907787
rand_0,11.6683,0.92623
rand_0,12.2824,0.940574
rand_0,12.8966,0.94877
rand_0,13.5107,0.952869
rand_0,14.1248,0.971311
rand_0,14.7389,0.97541
rand_0,15.353,0.977459
rand_0,15.9672,0.981557
rand_0,16.5813,0.985656
rand_0,17.1954,0.987705
rand_0,17.8095,0.989754
rand_0,18.4237,0.993852
rand_0,19.0378,0.995902
rand_0,19.6519,0.995902
rand_0,20.266,0.995902
rand_0,20.8801,1
rand_0,21.4943,1
rand_0,22.1084,1
rand_0,22.7225,1
rand_0,23.3366,1
rand_0,23.9507,1
rand_0,24.5649,1
rand_0,25.179,1
rand_0,25.7931,1
rand_0,26.4072,1
rand_0,27.0214,1
rand_0,27.6355,1
rand_0,28.2496,1
rand_0,28.8637,1
rand_0,29.4778,1
rand_0,30.092,1
rand_0,30.7061,1
rand_0,31.3202,1
rand_0,31.9343,1
rand_0,32.5485,1
rand_0,33.1626,1
rand_0,33.7767,1
rand_0,34.3908,1
rand_0,35.0049,1
rand_0,35.6191,1
rand_0,36.2332,1
rand_0,36.8473,1
rand_1,0,0.0327869
rand_1,0.614122,0.045082
rand_1,1.22824,0.0922131
rand_1,1.84237,0.137295
rand_1,2.45649,0.206967
rand_1,3.07061,0.286885
rand_1,3.68473,0.368852
rand_1,4.29885,0.493852
rand_1,4.91297,0.594262
rand_1,5.5271,0.682377
rand_1,6.14122,0.743852
rand_1,6.75534,0.80123
rand_1,7.36946,0.829918
rand_1,7.98358,0.864754
rand_1,8.5977,0.903689
rand_1,9.21183,0.944672
rand_1,9.82595,0.956967
rand_1,10.4401,0.967213
rand_1,11.0542,0.97541
rand_1,11.6683,0.991803
rand_1,12.2824,0.993852
rand_1,12.8966,0.995902
rand_1,13.5107,0.997951
rand_1,14.1248,0.997951
rand_1,14.7389,1
rand_1,15.353,1
rand_1,15.9672,1
rand_1,16.5813,1
rand_1,17.1954,1
rand_1,17.8095,1
rand_1,18.4237,1
rand_1,19.0378,1
rand_1,19.6519,1
rand_1,20.266,1
rand_1,20.8801,1
rand_1,21.4943,1
rand_1,22.1084,1
rand_1,22.7225,1
rand_1,23.3366,1
rand_1,23.9507,1
rand_1,24.5649,1
rand_1,25.179,1
rand_1,25.7931,1
rand_1,26.4072,1
rand_1,27.0214,1
rand_1,27.6355,1
rand_1,28.2496,1
rand_1,28.8637,1
rand_1,29.4778,1
rand_1,30.092,1
rand_1,30.7061,1
rand_1,31.3202,1
rand_1,31.9343,1
rand_1,32.5485,1
rand_1,33.1626,1
rand_1,33.7767,1
rand_1,34.3908,1
rand_1,35.0049,1
rand_1,35.6191,1
rand_1,36.2332,1
rand_1,36.8473,1
rand_2,0,0.0307377
rand_2,0.614122,0.0348361
rand_2,1.22824,0.057377
rand_2,1.84237,0.079918
rand_2,2.45649,0.129098
rand_2,3.07061,0.172131
rand_2,3.68473,0.227459
rand_2,4.29885,0.321721
rand_2,4.91297,0.377049
rand_2,5.5271,0.456967
rand_2,6.14122,0.530738
rand_2,6.75534,0.594262
rand_2,7.36946,0.661885
rand_2,7.98358,0.741803
rand_2,8.5977,0.805328
rand_2,9.21183,0.860656
rand_2,9.82595,0.903689
rand_2,10.4401,0.938525
rand_2,11.0542,0.952869
rand_2,11.6683,0.969262
rand_2,12.2824,0.981557
rand_2,12.8966,0.987705
rand_2,13.5107,0.991803
rand_2,14.1248,0.997951
rand_2,14.7389,0.997951
rand_2,15.353,0.997951
rand_2,15.9672,1
rand_2,16.5813,1
rand_2,17.1954,1
rand_2,17.8095,1
rand_2,18.4237,1
rand_2,19.0378,1
rand_2,19.6519,1
rand_2,20.266,1
rand_2,20.8801,1
rand_2,21.4943,1
rand_2,22.1084,1
rand_2,22.7225,1
rand_2,23.3366,1
rand_2,23.9507,1
rand_2,24.5649,1
rand_2,25.179,1
rand_2,25.7931,1
rand_2,26.4072,1
rand_2,27.0214,1
rand_2,27.6355,1
rand_2,28.2496,1
rand_2,28.8637,1
rand_2,29.4778,1
rand_2,30.092,1
rand_2,30.7061,1
rand_2,31.3202,1
rand_2,31.9343,1
rand_2,32.5485,1
rand_2,33.1626,1
rand_2,33.7767,1
rand_2,34.3908,1
rand_2,35.0049,1
rand_2,35.6191,1
rand_2,36.2332,1
rand_2,36.8473,1
rand_4,0,0.0512295
rand_4,0.614122,0.0819672
rand_4,1.22824,0.108607
rand_4,1.84237,0.155738
rand_4,2.45649,0.217213
rand_4,3.07061,0.268443
rand_4,3.68473,0.311475
rand_4,4.29885,0.405738
rand_4,4.91297,0.493852
rand_4,5.5271,0.584016
rand_4,6.14122,0.64959
rand_4,6.75534,0.717213
rand_4,7.36946,0.79918
rand_4,7.98358,0.840164
rand_4,8.5977,0.872951
rand_4,9.21183,0.903689
rand_4,9.82595,0.932377
rand_4,10.4401,0.952869
rand_4,11.0542,0.97541
rand_4,11.6683,0.985656
rand_4,12.2824,0.993852
rand_4,12.8966,0.993852
rand_4,13.5107,0.997951
rand_4,14.1248,0.997951
rand_4,14.7389,1
rand_4,15.353,1
rand_4,15.9672,1
rand_4,16.5813,1
rand_4,17.1954,1
rand_4,17.8095,1
rand_4,18.4237,1
rand_4,19.0378,1
rand_4,19.6519,1
rand_4,20.266,1
rand_4,20.8801,1
rand_4,21.4943,1
rand_4,22.1084,1
rand_4,22.7225,1
rand_4,23.3366,1
rand_4,23.9507,1
rand_4,24.5649,1
rand_4,25.179,1
rand_4,25.7931,1
rand_4,26.4072,1
rand_4,27.0214,1
rand_4,27.6355,1
rand_4,28.2496,1
rand_4,28.8637,1
rand_4,29.4778,1
rand_4,30.092,1
rand_4,30.7061,1
rand_4,31.3202,1
rand_4,31.9343,1
rand_4,32.5485,1
rand_4,33.1626,1
rand_4,33.7767,1
rand_4,34.3908,1
rand_4,35.0049,1
rand_4,35.6191,1
rand_4,36.2332,1
rand_4,36.8473,1
rand_5,0,0.0491803
rand_5,0.614122,0.067623
rand_5,1.22824,0.0942623
rand_5,1.84237,0.125
rand_5,2.45649,0.17623
rand_5,3.07061,0.233607
rand_5,3.68473,0.286885
rand_5,4.29885,0.340164
rand_5,4.91297,0.403689
rand_5,5.5271,0.459016
rand_5,6.14122,0.530738
rand_5,6.75534,0.598361
rand_5,7.36946,0.657787
rand_5,7.98358,0.704918
rand_5,8.5977,0.766393
rand_5,9.21183,0.807377
rand_5,9.82595,0.846311
rand_5,10.4401,0.866803
rand_5,11.0542,0.889344
rand_5,11.6683,0.911885
rand_5,12.2824,0.92418
rand_5,12.8966,0.940574
rand_5,13.5107,0.95082
rand_5,14.1248,0.969262
rand_5,14.7389,0.979508
rand_5,15.353,0.983607
rand_5,15.9672,0.983607
rand_5,16.5813,0.987705
rand_5,17.1954,0.991803
rand_5,17.8095,0.991803
rand_5,18.4237,0.993852
rand_5,19.0378,0.995902
rand_5,19.6519,0.997951
rand_5,20.266,1
rand_5,20.8801,1
rand_5,21.4943,1
rand_5,22.1084,1
rand_5,22.7225,1
rand_5,23.3366,1
rand_5,23.9507,1
rand_5,24.5649,1
rand_5,25.179,1
rand_5,25.7931,1
rand_5,26.4072,1
rand_5,27.0214,1
rand_5,27.6355,1
rand_5,28.2496,1
rand_5,28.8637,1
rand_5,29.4778,1
rand_5,30.092,1
rand_5,30.7061,1
rand_5,31.3202,1
rand_5,31.9343,1
rand_5,32.5485,1
rand_5,33.1626,1
rand_5,33.7767,1
rand_5,34.3908,1
rand_5,35.0049,1
rand_5,35.6191,1
rand_5,36.2332,1
rand_5,36.8473,1
rand_6,0,0.0553279
rand_6,0.614122,0.0717213
rand_6,1.22824,0.108607
rand_6,1.84237,0.155738
rand_6,2.45649,0.204918
rand_6,3.07061,0.268443
rand_6,3.68473,0.354508
rand_6,4.29885,0.438525
rand_6,4.91297,0.538934
rand_6,5.5271,0.616803
rand_6,6.14122,0.721311
rand_6,6.75534,0.803279
rand_6,7.36946,0.856557
rand_6,7.98358,0.913934
rand_6,8.5977,0.95082
rand_6,9.21183,0.977459
rand_6,9.82595,0.987705
rand_6,10.4401,0.993852
rand_6,11.0542,0.995902
rand_6,11.6683,0.997951
rand_6,12.2824,0.997951
rand_6,12.8966,1
rand_6,13.5107,1
rand_6,14.1248,1
rand_6,14.7389,1
rand_6,15.353,1
rand_6,15.9672,1
rand_6,16.5813,1
rand_6,17.1954,1
rand_6,17.8095,1
rand_6,18.4237,1
rand_6,19.0378,1
rand_6,19.6519,1
rand_6,20.266,1
rand_6,20.8801,1
rand_6,21.4943,1
rand_6,22.1084,1
rand_6,22.7225,1
rand_6,23.3366,1
rand_6,23.9507,1
rand_6,24.5649,1
rand_6,25.179,1
rand_6,25.7931,1
rand_6,26.4072,1
rand_6,27.0214,1
rand_6,27.6355,1
rand_6,28.2496,1
rand_6,28.8637,1
rand_6,29.4778,1
rand_6,30.092,1
rand_6,30.7061,1
rand_6,31.3202,1
rand_6,31.9343,1
rand_6,32.5485,1
rand_6,33.1626,1
rand_6,33.7767,1
rand_6,34.3908,1
rand_6,35.0049,1
rand_6,35.6191,1
rand_6,36.2332,1
rand_6,36.8473,1
rand_7,0,0.045082
rand_7,0.614122,0.0491803
rand_7,1.22824,0.0655738
rand_7,1.84237,0.106557
rand_7,2.45649,0.141393
rand_7,3.07061,0.178279
rand_7,3.68473,0.252049
rand_7,4.29885,0.344262
rand_7,4.91297,0.446721
rand_7,5.5271,0.538934
rand_7,6.14122,0.647541
rand_7,6.75534,0.72541
rand_7,7.36946,0.803279
rand_7,7.98358,0.864754
rand_7,8.5977,0.897541
rand_7,9.21183,0.944672
rand_7,9.82595,0.961066
rand_7,10.4401,0.981557
rand_7,11.0542,0.985656
rand_7,11.6683,0.991803
rand_7,12.2824,0.993852
rand_7,12.8966,0.993852
rand_7,13.5107,0.995902
rand_7,14.1248,0.995902
rand_7,14.7389,1
rand_7,15.353,1
rand_7,15.9672,1
rand_7,16.5813,1
rand_7,17.1954,1
rand_7,17.8095,1
rand_7,18.4237,1
rand_7,19.0378,1
rand_7,19.6519,1
rand_7,20.266,1
rand_7,20.8801,1
rand_7,21.4943,1
rand_7,22.1084,1
rand_7,22.7225,1
rand_7,23.3366,1
rand_7,23.9507,1
rand_7,24.5649,1
rand_7,25.179,1
rand_7,25.7931,1
rand_7,26.4072,1
rand_7,27.0214,1
rand_7,27.6355,1
rand_7,28.2496,1
rand_7,28.8637,1
rand_7,29.4778,1
rand_7,30.092,1
rand_7,30.7061,1
rand_7,31.3202,1
rand_7,31.9343,1
rand_7,32.5485,1
rand_7,33.1626,1
rand_7,33.7767,1
rand_7,34.3908,1
rand_7,35.0049,1
rand_7,35.6191,1
rand_7,36.2332,1
rand_7,36.8473,1
rand_8,0,0.0163934
rand_8,0.614122,0.0163934
rand_8,1.22824,0.0245902
rand_8,1.84237,0.0245902
rand_8,2.45649,0.0368852
rand_8,3.07061,0.0696721
rand_8,3.68473,0.125
rand_8,4.29885,0.172131
rand_8,4.91297,0.237705
rand_8,5.5271,0.313525
rand_8,6.14122,0.372951
rand_8,6.75534,0.465164
rand_8,7.36946,0.518443
rand_8,7.98358,0.598361
rand_8,8.5977,0.661885
rand_8,9.21183,0.706967
rand_8,9.82595,0.766393
rand_8,10.4401,0.805328
rand_8,11.0542,0.85041
rand_8,11.6683,0.877049
rand_8,12.2824,0.905738
rand_8,12.8966,0.938525
rand_8,13.5107,0.94877
rand_8,14.1248,0.956967
rand_8,14.7389,0.965164
rand_8,15.353,0.981557
rand_8,15.9672,0.989754
rand_8,16.5813,0.989754
rand_8,17.1954,1
rand_8,17.8095,1
rand_8,18.4237,1
rand_8,19.0378,1
rand_8,19.6519,1
rand_8,20.266,1
rand_8,20.8801,1
rand_8,21.4943,1
rand_8,22.1084,1
rand_8,22.7225,1
rand_8,23.3366,1
rand_8,23.9507,1
rand_8,24.5649,1
rand_8,25.179,1
rand_8,25.7931,1
rand_8,26.4072,1
rand_8,27.0214,1
rand_8,27.6355,1
rand_8,28.2496,1
rand_8,28.8637,1
rand_8,29.4778,1
rand_8,30.092,1
rand_8,30.7061,1
rand_8,31.3202,1
rand_8,31.9343,1
rand_8,32.5485,1
rand_8,33.1626,1
rand_8,33.7767,1
rand_8,34.3908,1
rand_8,35.0049,1
rand_8,35.6191,1
rand_8,36.2332,1
rand_8,36.8473,1
rand_9,0,0.0368852
rand_9,0.614122,0.0655738
rand_9,1.22824,0.102459
rand_9,1.84237,0.118852
rand_9,2.45649,0.17418
rand_9,3.07061,0.221311
rand_9,3.68473,0.297131
rand_9,4.29885,0.377049
rand_9,4.91297,0.45082
rand_9,5.5271,0.54918
rand_9,6.14122,0.631148
rand_9,6.75534,0.696721
rand_9,7.36946,0.77459
rand_9,7.98358,0.82582
rand_9,8.5977,0.862705
rand_9,9.21183,0.897541
rand_9,9.82595,0.942623
rand_9,10.4401,0.961066
rand_9,11.0542,0.973361
rand_9,11.6683,0.985656
rand_9,12.2824,0.991803
rand_9,12.8966,0.997951
rand_9,13.5107,0.997951
rand_9,14.1248,0.997951
rand_9,14.7389,0.997951
rand_9,15.353,0.997951
rand_9,15.9672,1
rand_9,16.5813,1
rand_9,17.1954,1
rand_9,17.8095,1
rand_9,18.4237,1
rand_9,19.0378,1
rand_9,19.6519,1
rand_9,20.266,1
rand_9,20.8801,1
rand_9,21.4943,1
rand_9,22.1084,1
rand_9,22.7225,1
rand_9,23.3366,1
rand_9,23.9507,1
rand_9,24.5649,1
rand_9,25.179,1
rand_9,25.7931,1
rand_9,26.4072,1
rand_9,27.0214,1
rand_9,27.6355,1
rand_9,28.2496,1
rand_9,28.8637,1
rand_9,29.4778,1
rand_9,30.092,1
rand_9,30.7061,1
rand_9,31.3202,1
rand_9,31.9343,1
rand_9,32.5485,1
rand_9,33.1626,1
rand_9,33.7767,1
rand_9,34.3908,1
rand_9,35.0049,1
rand_9,35.6191,1
rand_9,36.2332,1
rand_9,36.8473,1
rand_11,0,0.00409836
rand_11,0.614122,0.0102459
rand_11,1.22824,0.0204918
rand_11,1.84237,0.0327869
rand_11,2.45649,0.0491803
rand_11,3.07061,0.0840164
rand_11,3.68473,0.120902
rand_11,4.29885,0.168033
rand_11,4.91297,0.239754
rand_11,5.5271,0.293033
rand_11,6.14122,0.358607
rand_11,6.75534,0.42418
rand_11,7.36946,0.502049
rand_11,7.98358,0.569672
rand_11,8.5977,0.643443
rand_11,9.21183,0.721311
rand_11,9.82595,0.784836
rand_11,10.4401,0.844262
rand_11,11.0542,0.89959
rand_11,11.6683,0.922131
rand_11,12.2824,0.940574
rand_11,12.8966,0.956967
rand_11,13.5107,0.969262
rand_11,14.1248,0.973361
rand_11,14.7389,0.989754
rand_11,15.353,0.997951
rand_11,15.9672,0.997951
rand_11,16.5813,0.997951
rand_11,17.1954,1
rand_11,17.8095,1
rand_11,18.4237,1
rand_11,19.0378,1
rand_11,19.6519,1
rand_11,20.266,1
rand_11,20.8801,1
rand_11,21.4943,1
rand_11,22.1084,1
rand_11,22.7225,1
rand_11,23.3366,1
rand_11,23.9507,1
rand_11,24.5649,1
rand_11,25.179,1
rand_11,25.7931,1
rand_11,26.4072,1
rand_11,27.0214,1
rand_11,27.6355,1
rand_11,28.2496,1
rand_11,28.8637,1
rand_11,29.4778,1
rand_11,30.092,1
rand_11,30.7061,1
rand_11,31.3202,1
rand_11,31.9343,1
rand_11,32.5485,1
rand_11,33.1626,1
rand_11,33.7767,1
rand_11,34.3908,1
rand_11,35.0049,1
rand_11,35.6191,1
rand_11,36.2332,1
rand_11,36.8473,1
rand_12,0,0.0594262
rand_12,0.614122,0.0922131
rand_12,1.22824,0.116803
rand_12,1.84237,0.139344
rand_12,2.45649,0.178279
rand_12,3.07061,0.213115
rand_12,3.68473,0.272541
rand_12,4.29885,0.340164
rand_12,4.91297,0.393443
rand_12,5.5271,0.459016
rand_12,6.14122,0.510246
rand_12,6.75534,0.563525
rand_12,7.36946,0.627049
rand_12,7.98358,0.67418
rand_12,8.5977,0.721311
rand_12,9.21183,0.766393
rand_12,9.82595,0.807377
rand_12,10.4401,0.846311
rand_12,11.0542,0.866803
rand_12,11.6683,0.895492
rand_12,12.2824,0.92418
rand_12,12.8966,0.94877
rand_12,13.5107,0.965164
rand_12,14.1248,0.971311
rand_12,14.7389,0.981557
rand_12,15.353,0.983607
rand_12,15.9672,0.995902
rand_12,16.5813,0.997951
rand_12,17.1954,1
rand_12,17.8095,1
rand_12,18.4237,1
rand_12,19.0378,1
rand_12,19.6519,1
rand_12,20.266,1
rand_12,20.8801,1
rand_12,21.4943,1
rand_12,22.1084,1
rand_12,22.7225,1
rand_12,23.3366,1
rand_12,23.9507,1
rand_12,24.5649,1
rand_12,25.179,1
rand_12,25.7931,1
rand_12,26.4072,1
rand_12,27.0214,1
rand_12,27.6355,1
rand_12,28.2496,1
rand_12,28.8637,1
rand_12,29.4778,1
rand_12,30.092,1
rand_12,30.7061,1
rand_12,31.3202,1
rand_12,31.9343,1
rand_12,32.5485,1
rand_12,33.1626,1
rand_12,33.7767,1
rand_12,34.3908,1
rand_12,35.0049,1
rand_12,35.6191,1
rand_12,36.2332,1
rand_12,36.8473,1
rand_13,0,0.0758197
rand_13,0.614122,0.110656
rand_13,1.22824,0.135246
rand_13,1.84237,0.168033
rand_13,2.45649,0.202869
rand_13,3.07061,0.264344
rand_13,3.68473,0.334016
rand_13,4.29885,0.395492
rand_13,4.91297,0.497951
rand_13,5.5271,0.594262
rand_13,6.14122,0.651639
rand_13,6.75534,0.713115
rand_13,7.36946,0.793033
rand_13,7.98358,0.844262
rand_13,8.5977,0.889344
rand_13,9.21183,0.920082
rand_13,9.82595,0.94877
rand_13,10.4401,0.971311
rand_13,11.0542,0.985656
rand_13,11.6683,0.993852
rand_13,12.2824,0.995902
rand_13,12.8966,0.997951
rand_13,13.5107,1
rand_13,14.1248,1
rand_13,14.7389,1
rand_13,15.353,1
rand_13,15.9672,1
rand_13,16.5813,1
rand_13,17.1954,1
rand_13,17.8095,1
rand_13,18.4237,1
rand_13,19.0378,1
rand_13,19.6519,1
rand_13,20.266,1
rand_13,20.8801,1
rand_13,21.4943,1
rand_13,22.1084,1
rand_13,22.7225,1
rand_13,23.3366,1
rand_13,23.9507,1
rand_13,24.5649,1
rand_13,25.179,1
rand_13,25.7931,1
rand_13,26.4072,1
rand_13,27.0214,1
rand_13,27.6355,1
rand_13,28.2496,1
rand_13,28.8637,1
rand_13,29.4778,1
rand_13,30.092,1
rand_13,30.7061,1
rand_13,31.3202,1
rand_13,31.9343,1
rand_13,32.5485,1
rand_13,33.1626,1
rand_13,33.7767,1
rand_13,34.3908,1
rand_13,35.0049,1
rand_13,35.6191,1
rand_13,36.2332,1
rand_13,36.8473,1
rand_14,0,0
rand_14,0.614122,0
rand_14,1.22824,0
rand_14,1.84237,0.00204918
rand_14,2.45649,0.00819672
rand_14,3.07061,0.0143443
rand_14,3.68473,0.0245902
rand_14,4.29885,0.0348361
rand_14,4.91297,0.0512295
rand_14,5.5271,0.0758197
rand_14,6.14122,0.108607
rand_14,6.75534,0.153689
rand_14,7.36946,0.190574
rand_14,7.98358,0.239754
rand_14,8.5977,0.32377
rand_14,9.21183,0.395492
rand_14,9.82595,0.456967
rand_14,10.4401,0.534836
rand_14,11.0542,0.590164
rand_14,11.6683,0.659836
rand_14,12.2824,0.727459
rand_14,12.8966,0.788934
rand_14,13.5107,0.831967
rand_14,14.1248,0.866803
rand_14,14.7389,0.889344
rand_14,15.353,0.928279
rand_14,15.9672,0.959016
rand_14,16.5813,0.963115
rand_14,17.1954,0.97541
rand_14,17.8095,0.981557
rand_14,18.4237,0.985656
rand_14,19.0378,0.989754
rand_14,19.6519,0.991803
rand_14,20.266,0.991803
rand_14,20.8801,0.991803
rand_14,21.4943,0.995902
rand_14,22.1084,0.997951
rand_14,22.7225,0.997951
rand_14,23.3366,1
rand_14,23.9507,1
rand_14,24.5649,1
rand_14,25.179,1
rand_14,25.7931,1
rand_14,26.4072,1
rand_14,27.0214,1
rand_14,27.6355,1
rand_14,28.2496,1
rand_14,28.8637,1
rand_14,29.4778,1
rand_14,30.092,1
rand_14,30.7061,1
rand_14,31.3202,1
rand_14,31.9343,1
rand_14,32.5485,1
rand_14,33.1626,1
rand_14,33.7767,1
rand_14,34.3908,1
rand_14,35.0049,1
rand_14,35.6191,1
rand_14,36.2332,1
rand_14,36.8473,1
rand_15,0,0.0389344
rand_15,0.614122,0.057377
rand_15,1.22824,0.0819672
rand_15,1.84237,0.112705
rand_15,2.45649,0.155738
rand_15,3.07061,0.221311
rand_15,3.68473,0.284836
rand_15,4.29885,0.356557
rand_15,4.91297,0.44877
rand_15,5.5271,0.540984
rand_15,6.14122,0.610656
rand_15,6.75534,0.684426
rand_15,7.36946,0.741803
rand_15,7.98358,0.811475
rand_15,8.5977,0.838115
rand_15,9.21183,0.877049
rand_15,9.82595,0.905738
rand_15,10.4401,0.92418
rand_15,11.0542,0.946721
rand_15,11.6683,0.954918
rand_15,12.2824,0.977459
rand_15,12.8966,0.981557
rand_15,13.5107,0.983607
rand_15,14.1248,0.989754
rand_15,14.7389,0.993852
rand_15,15.353,0.995902
rand_15,15.9672,0.995902
rand_15,16.5813,0.997951
rand_15,17.1954,1
rand_15,17.8095,1
rand_15,18.4237,1
rand_15,19.0378,1
rand_15,19.6519,1
rand_15,20.266,1
rand_15,20.8801,1
rand_15,21.4943,1
rand_15,22.1084,1
rand_15,22.7225,1
rand_15,23.3366,1
rand_15,23.9507,1
rand_15,24.5649,1
rand_15,25.179,1
rand_15,25.7931,1
rand_15,26.4072,1
rand_15,27.0214,1
rand_15,27.6355,1
rand_15,28.2496,1
rand_15,28.8637,1
rand_15,29.4778,1
rand_15,30.092,1
rand_15,30.7061,1
rand_15,31.3202,1
rand_15,31.9343,1
rand_15,32.5485,1
rand_15,33.1626,1
rand_15,33.7767,1
rand_15,34.3908,1
rand_15,35.0049,1
rand_15,35.6191,1
rand_15,36.2332,1
rand_15,36.8473,1
rand_18,0,0.0594262
rand_18,0.614122,0.102459
rand_18,1.22824,0.145492
rand_18,1.84237,0.196721
rand_18,2.45649,0.25
rand_18,3.07061,0.311475
rand_18,3.68473,0.401639
rand_18,4.29885,0.459016
rand_18,4.91297,0.540984
rand_18,5.5271,0.639344
rand_18,6.14122,0.719262
rand_18,6.75534,0.778689
rand_18,7.36946,0.817623
rand_18,7.98358,0.854508
rand_18,8.5977,0.891393
rand_18,9.21183,0.930328
rand_18,9.82595,0.956967
rand_18,10.4401,0.967213
rand_18,11.0542,0.979508
rand_18,11.6683,0.991803
rand_18,12.2824,0.995902
rand_18,12.8966,1
rand_18,13.5107,1
rand_18,14.1248,1
rand_18,14.7389,1
rand_18,15.353,1
rand_18,15.9672,1
rand_18,16.5813,1
rand_18,17.1954,1
rand_18,17.8095,1
rand_18,18.4237,1
rand_18,19.0378,1
rand_18,19.6519,1
rand_18,20.266,1
rand_18,20.8801,1
rand_18,21.4943,1
rand_18,22.1084,1
rand_18,22.7225,1
rand_18,23.3366,1
rand_18,23.9507,1
rand_18,24.5649,1
rand_18,25.179,1
rand_18,25.7931,1
rand_18,26.4072,1
rand_18,27.0214,1
rand_18,27.6355,1
rand_18,28.2496,1
rand_18,28.8637,1
rand_18,29.4778,1
rand_18,30.092,1
rand_18,30.7061,1
rand_18,31.3202,1
rand_18,31.9343,1
rand_18,32.5485,1
rand_18,33.1626,1
rand_18,33.7767,1
rand_18,34.3908,1
rand_18,35.0049,1
rand_18,35.6191,1
rand_18,36.2332,1
rand_18,36.8473,1
rand_19,0,0.079918
rand_19,0.614122,0.108607
rand_19,1.22824,0.157787
rand_19,1.84237,0.204918
rand_19,2.45649,0.245902
rand_19,3.07061,0.30123
rand_19,3.68473,0.381148
rand_19,4.29885,0.45082
rand_19,4.91297,0.516393
rand_19,5.5271,0.592213
rand_19,6.14122,0.643443
rand_19,6.75534,0.711066
rand_19,7.36946,0.782787
rand_19,7.98358,0.829918
rand_19,8.5977,0.872951
rand_19,9.21183,0.909836
rand_19,9.82595,0.940574
rand_19,10.4401,0.969262
rand_19,11.0542,0.981557
rand_19,11.6683,0.989754
rand_19,12.2824,0.993852
rand_19,12.8966,0.993852
rand_19,13.5107,0.995902
rand_19,14.1248,0.997951
rand_19,14.7389,0.997951
rand_19,15.353,1
rand_19,15.9672,1
rand_19,16.5813,1
rand_19,17.1954,1
rand_19,17.8095,1
rand_19,18.4237,1
rand_19,19.0378,1
rand_19,19.6519,1
rand_19,20.266,1
rand_19,20.8801,1
rand_19,21.4943,1
rand_19,22.1084,1
rand_19,22.7225,1
rand_19,23.3366,1
rand_19,23.9507,1
rand_19,24.5649,1
rand_19,25.179,1
rand_19,25.7931,1
rand_19,26.4072,1
rand_19,27.0214,1
rand_19,27.6355,1
rand_19,28.2496,1
rand_19,28.8637,1
rand_19,29.4778,1
rand_19,30.092,1
rand_19,30.7061,1
rand_19,31.3202,1
rand_19,31.9343,1
rand_19,32.5485,1
rand_19,33.1626,1
rand_19,33.7767,1
rand_19,34.3908,1
rand_19,35.0049,1
rand_19,35.6191,1
rand_19,36.2332,1
rand_19,36.8473,1
rand_20,0,0.0614754
rand_20,0.614122,0.079918
rand_20,1.22824,0.110656
rand_20,1.84237,0.157787
rand_20,2.45649,0.20082
rand_20,3.07061,0.252049
rand_20,3.68473,0.329918
rand_20,4.29885,0.383197
rand_20,4.91297,0.446721
rand_20,5.5271,0.506148
rand_20,6.14122,0.571721
rand_20,6.75534,0.651639
rand_20,7.36946,0.69877
rand_20,7.98358,0.741803
rand_20,8.5977,0.782787
rand_20,9.21183,0.815574
rand_20,9.82595,0.864754
rand_20,10.4401,0.907787
rand_20,11.0542,0.936475
rand_20,11.6683,0.952869
rand_20,12.2824,0.973361
rand_20,12.8966,0.985656
rand_20,13.5107,0.997951
rand_20,14.1248,1
rand_20,14.7389,1
rand_20,15.353,1
rand_20,15.9672,1
rand_20,16.5813,1
rand_20,17.1954,1
rand_20,17.8095,1
rand_20,18.4237,1
rand_20,19.0378,1
rand_20,19.6519,1
rand_20,20.266,1
rand_20,20.8801,1
rand_20,21.4943,1
rand_20,22.1084,1
rand_20,22.7225,1
rand_20,23.3366,1
rand_20,23.9507,1
rand_20,24.5649,1
rand_20,25.179,1
rand_20,25.7931,1
rand_20,26.4072,1
rand_20,27.0214,1
rand_20,27.6355,1
rand_20,28.2496,1
rand_20,28.8637,1
rand_20,29.4778,1
rand_20,30.092,1
rand_20,30.7061,1
rand_20,31.3202,1
rand_20,31.9343,1
rand_20,32.5485,1
rand_20,33.1626,1
rand_20,33.7767,1
rand_20,34.3908,1
rand_20,35.0049,1
rand_20,35.6191,1
rand_20,36.2332,1
rand_20,36.8473,1
rand_21,0,0.0471311
rand_21,0.614122,0.0696721
rand_21,1.22824,0.0840164
rand_21,1.84237,0.122951
rand_21,2.45649,0.170082
rand_21,3.07061,0.229508
rand_21,3.68473,0.309426
rand_21,4.29885,0.407787
rand_21,4.91297,0.483607
rand_21,5.5271,0.567623
rand_21,6.14122,0.657787
rand_21,6.75534,0.702869
rand_21,7.36946,0.768443
rand_21,7.98358,0.813525
rand_21,8.5977,0.868852
rand_21,9.21183,0.891393
rand_21,9.82595,0.92418
rand_21,10.4401,0.940574
rand_21,11.0542,0.959016
rand_21,11.6683,0.971311
rand_21,12.2824,0.987705
rand_21,12.8966,0.997951
rand_21,13.5107,1
rand_21,14.1248,1
rand_21,14.7389,1
rand_21,15.353,1
rand_21,15.9672,1
rand_21,16.5813,1
rand_21,17.1954,1
rand_21,17.8095,1
rand_21,18.4237,1
rand_21,19.0378,1
rand_21,19.6519,1
rand_21,20.266,1
rand_21,20.8801,1
rand_21,21.4943,1
rand_21,22.1084,1
rand_21,22.7225,1
rand_21,23.3366,1
rand_21,23.9507,1
rand_21,24.5649,1
rand_21,25.179,1
rand_21,25.7931,1
rand_21,26.4072,1
rand_21,27.0214,1
rand_21,27.6355,1
rand_21,28.2496,1
rand_21,28.8637,1
rand_21,29.4778,1
rand_21,30.092,1
rand_21,30.7061,1
rand_21,31.3202,1
rand_21,31.9343,1
rand_21,32.5485,1
rand_21,33.1626,1
rand_21,33.7767,1
rand_21,34.3908,1
rand_21,35.0049,1
rand_21,35.6191,1
rand_21,36.2332,1
rand_21,36.8473,1
rand_22,0,0.0430328
rand_22,0.614122,0.0635246
rand_22,1.22824,0.0963115
rand_22,1.84237,0.137295
rand_22,2.45649,0.190574
rand_22,3.07061,0.239754
rand_22,3.68473,0.29918
rand_22,4.29885,0.358607
rand_22,4.91297,0.428279
rand_22,5.5271,0.477459
rand_22,6.14122,0.543033
rand_22,6.75534,0.586066
rand_22,7.36946,0.633197
rand_22,7.98358,0.67623
rand_22,8.5977,0.731557
rand_22,9.21183,0.79918
rand_22,9.82595,0.840164
rand_22,10.4401,0.881148
rand_22,11.0542,0.920082
rand_22,11.6683,0.946721
rand_22,12.2824,0.959016
rand_22,12.8966,0.971311
rand_22,13.5107,0.981557
rand_22,14.1248,0.993852
rand_22,14.7389,0.995902
rand_22,15.353,0.995902
rand_22,15.9672,0.997951
rand_22,16.5813,1
rand_22,17.1954,1
rand_22,17.8095,1
rand_22,18.4237,1
rand_22,19.0378,1
rand_22,19.6519,1
rand_22,20.266,1
rand_22,20.8801,1
rand_22,21.4943,1
rand_22,22.1084,1
rand_22,22.7225,1
rand_22,23.3366,1
rand_22,23.9507,1
rand_22,24.5649,1
rand_22,25.179,1
rand_22,25.7931,1
rand_22,26.4072,1
rand_22,27.0214,1
rand_22,27.6355,1
rand_22,28.2496,1
rand_22,28.8637,1
rand_22,29.4778,1
rand_22,30.092,1
rand_22,30.7061,1
rand_22,31.3202,1
rand_22,31.9343,1
rand_22,32.5485,1
rand_22,33.1626,1
rand_22,33.7767,1
rand_22,34.3908,1
rand_22,35.0049,1
rand_22,35.6191,1
rand_22,36.2332,1
rand_22,36.8473,1
rand_23,0,0.0614754
rand_23,0.614122,0.0881148
rand_23,1.22824,0.127049
rand_23,1.84237,0.170082
rand_23,2.45649,0.221311
rand_23,3.07061,0.268443
rand_23,3.68473,0.315574
rand_23,4.29885,0.387295
rand_23,4.91297,0.444672
rand_23,5.5271,0.493852
rand_23,6.14122,0.57377
rand_23,6.75534,0.639344
rand_23,7.36946,0.682377
rand_23,7.98358,0.723361
rand_23,8.5977,0.745902
rand_23,9.21183,0.768443
rand_23,9.82595,0.786885
rand_23,10.4401,0.809426
rand_23,11.0542,0.838115
rand_23,11.6683,0.864754
rand_23,12.2824,0.889344
rand_23,12.8966,0.89959
rand_23,13.5107,0.918033
rand_23,14.1248,0.934426
rand_23,14.7389,0.961066
rand_23,15.353,0.971311
rand_23,15.9672,0.991803
rand_23,16.5813,0.997951
rand_23,17.1954,1
rand_23,17.8095,1
rand_23,18.4237,1
rand_23,19.0378,1
rand_23,19.6519,1
rand_23,20.266,1
rand_23,20.8801,1
rand_23,21.4943,1
rand_23,22.1084,1
rand_23,22.7225,1
rand_23,23.3366,1
rand_23,23.9507,1
rand_23,24.5649,1
rand_23,25.179,1
rand_23,25.7931,1
rand_23,26.4072,1
rand_23,27.0214,1
rand_23,27.6355,1
rand_23,28.2496,1
rand_23,28.8637,1
rand_23,29.4778,1
rand_23,30.092,1
rand_23,30.7061,1
rand_23,31.3202,1
rand_23,31.9343,1
rand_23,32.5485,1
rand_23,33.1626,1
rand_23,33.7767,1
rand_23,34.3908,1
rand_23,35.0049,1
rand_23,35.6191,1
rand_23,36.2332,1
rand_23,36.8473,1
rand_24,0,0.0819672
rand_24,0.614122,0.112705
rand_24,1.22824,0.141393
rand_24,1.84237,0.170082
rand_24,2.45649,0.235656
rand_24,3.07061,0.280738
rand_24,3.68473,0.315574
rand_24,4.29885,0.372951
rand_24,4.91297,0.442623
rand_24,5.5271,0.504098
rand_24,6.14122,0.55123
rand_24,6.75534,0.612705
rand_24,7.36946,0.637295
rand_24,7.98358,0.696721
rand_24,8.5977,0.762295
rand_24,9.21183,0.793033
rand_24,9.82595,0.82377
rand_24,10.4401,0.846311
rand_24,11.0542,0.866803
rand_24,11.6683,0.885246
rand_24,12.2824,0.907787
rand_24,12.8966,0.930328
rand_24,13.5107,0.946721
rand_24,14.1248,0.963115
rand_24,14.7389,0.979508
rand_24,15.353,0.991803
rand_24,15.9672,0.995902
rand_24,16.5813,0.997951
rand_24,17.1954,0.997951
rand_24,17.8095,1
rand_24,18.4237,1
rand_24,19.0378,1
rand_24,19.6519,1
rand_24,20.266,1
rand_24,20.8801,1
rand_24,21.4943,1
rand_24,22.1084,1
rand_24,22.7225,1
rand_24,23.3366,1
rand_24,23.9507,1
rand_24,24.5649,1
rand_24,25.179,1
rand_24,25.7931,1
rand_24,26.4072,1
rand_24,27.0214,1
rand_24,27.6355,1
rand_24,28.2496,1
rand_24,28.8637,1
rand_24,29.4778,1
rand_24,30.092,1
rand_24,30.7061,1
rand_24,31.3202,1
rand_24,31.9343,1
rand_24,32.5485,1
rand_24,33.1626,1
rand_24,33.7767,1
rand_24,34.3908,1
rand_24,35.0049,1
rand_24,35.6191,1
rand_24,36.2332,1
rand_24,36.8473,1
rand_25,0,0.0348361
rand_25,0.614122,0.0614754
rand_25,1.22824,0.0963115
rand_25,1.84237,0.131148
rand_25,2.45649,0.206967
rand_25,3.07061,0.272541
rand_25,3.68473,0.346311
rand_25,4.29885,0.418033
rand_25,4.91297,0.510246
rand_25,5.5271,0.584016
rand_25,6.14122,0.643443
rand_25,6.75534,0.715164
rand_25,7.36946,0.786885
rand_25,7.98358,0.840164
rand_25,8.5977,0.881148
rand_25,9.21183,0.918033
rand_25,9.82595,0.940574
rand_25,10.4401,0.954918
rand_25,11.0542,0.97541
rand_25,11.6683,0.983607
rand_25,12.2824,0.989754
rand_25,12.8966,0.993852
rand_25,13.5107,0.995902
rand_25,14.1248,0.995902
rand_25,14.7389,0.995902
rand_25,15.353,0.997951
rand_25,15.9672,1
rand_25,16.5813,1
rand_25,17.1954,1
rand_25,17.8095,1
rand_25,18.4237,1
rand_25,19.0378,1
rand_25,19.6519,1
rand_25,20.266,1
rand_25,20.8801,1
rand_25,21.4943,1
rand_25,22.1084,1
rand_25,22.7225,1
rand_25,23.3366,1
rand_25,23.9507,1
rand_25,24.5649,1
rand_25,25.179,1
rand_25,25.7931,1
rand_25,26.4072,1
rand_25,27.0214,1
rand_25,27.6355,1
rand_25,28.2496,1
rand_25,28.8637,1
rand_25,29.4778,1
rand_25,30.092,1
rand_25,30.7061,1
rand_25,31.3202,1
rand_25,31.9343,1
rand_25,32.5485,1
rand_25,33.1626,1
rand_25,33.7767,1
rand_25,34.3908,1
rand_25,35.0049,1
rand_25,35.6191,1
rand_25,36.2332,1
rand_25,36.8473,1
rand_26,0,0.108607
rand_26,0.614122,0.135246
rand_26,1.22824,0.172131
rand_26,1.84237,0.217213
rand_26,2.45649,0.270492
rand_26,3.07061,0.331967
rand_26,3.68473,0.42418
rand_26,4.29885,0.510246
rand_26,4.91297,0.569672
rand_26,5.5271,0.655738
rand_26,6.14122,0.723361
rand_26,6.75534,0.786885
rand_26,7.36946,0.85041
rand_26,7.98358,0.889344
rand_26,8.5977,0.920082
rand_26,9.21183,0.94877
rand_26,9.82595,0.961066
rand_26,10.4401,0.973361
rand_26,11.0542,0.983607
rand_26,11.6683,0.989754
rand_26,12.2824,0.989754
rand_26,12.8966,0.989754
rand_26,13.5107,0.991803
rand_26,14.1248,0.995902
rand_26,14.7389,0.995902
rand_26,15.353,1
rand_26,15.9672,1
rand_26,16.5813,1
rand_26,17.1954,1
rand_26,17.8095,1
rand_26,18.4237,1
rand_26,19.0378,1
rand_26,19.6519,1
rand_26,20.266,1
rand_26,20.8801,1
rand_26,21.4943,1
rand_26,22.1084,1
rand_26,22.7225,1
rand_26,23.3366,1
rand_26,23.9507,1
rand_26,24.5649,1
rand_26,25.179,1
rand_26,25.7931,1
rand_26,26.4072,1
rand_26,27.0214,1
rand_26,27.6355,1
rand_26,28.2496,1
rand_26,28.8637,1
rand_26,29.4778,1
rand_26,30.092,1
rand_26,30.7061,1
rand_26,31.3202,1
rand_26,31.9343,1
rand_26,32.5485,1
rand_26,33.1626,1
rand_26,33.7767,1
rand_26,34.3908,1
rand_26,35.0049,1
rand_26,35.6191,1
rand_26,36.2332,1
rand_26,36.8473,1
rand_27,0,0.067623
rand_27,0.614122,0.0901639
rand_27,1.22824,0.131148
rand_27,1.84237,0.178279
rand_27,2.45649,0.247951
rand_27,3.07061,0.321721
rand_27,3.68473,0.395492
rand_27,4.29885,0.467213
rand_27,4.91297,0.526639
rand_27,5.5271,0.614754
rand_27,6.14122,0.688525
rand_27,6.75534,0.764344
rand_27,7.36946,0.82582
rand_27,7.98358,0.866803
rand_27,8.5977,0.901639
rand_27,9.21183,0.92623
rand_27,9.82595,0.952869
rand_27,10.4401,0.965164
rand_27,11.0542,0.983607
rand_27,11.6683,0.983607
rand_27,12.2824,0.989754
rand_27,12.8966,0.989754
rand_27,13.5107,0.991803
rand_27,14.1248,0.993852
rand_27,14.7389,0.995902
rand_27,15.353,0.997951
rand_27,15.9672,0.997951
rand_27,16.5813,1
rand_27,17.1954,1
rand_27,17.8095,1
rand_27,18.4237,1
rand_27,19.0378,1
rand_27,19.6519,1
rand_27,20.266,1
rand_27,20.8801,1
rand_27,21.4943,1
rand_27,22.1084,1
rand_27,22.7225,1
rand_27,23.3366,1
rand_27,23.9507,1
rand_27,24.5649,1
rand_27,25.179,1
rand_27,25.7931,1
rand_27,26.4072,1
rand_27,27.0214,1
rand_27,27.6355,1
rand_27,28.2496,1
rand_27,28.8637,1
rand_27,29.4778,1
rand_27,30.092,1
rand_27,30.7061,1
rand_27,31.3202,1
rand_27,31.9343,1
rand_27,32.5485,1
rand_27,33.1626,1
rand_27,33.7767,1
rand_27,34.3908,1
rand_27,35.0049,1
rand_27,35.6191,1
rand_27,36.2332,1
rand_27,36.8473,1
rand_28,0,0.0635246
rand_28,0.614122,0.104508
rand_28,1.22824,0.157787
rand_28,1.84237,0.215164
rand_28,2.45649,0.280738
rand_28,3.07061,0.370902
rand_28,3.68473,0.452869
rand_28,4.29885,0.538934
rand_28,4.91297,0.606557
rand_28,5.5271,0.692623
rand_28,6.14122,0.778689
rand_28,6.75534,0.827869
rand_28,7.36946,0.885246
rand_28,7.98358,0.92418
rand_28,8.5977,0.946721
rand_28,9.21183,0.965164
rand_28,9.82595,0.981557
rand_28,10.4401,0.987705
rand_28,11.0542,0.993852
rand_28,11.6683,0.995902
rand_28,12.2824,0.995902
rand_28,12.8966,1
rand_28,13.5107,1
rand_28,14.1248,1
rand_28,14.7389,1
rand_28,15.353,1
rand_28,15.9672,1
rand_28,16.5813,1
rand_28,17.1954,1
rand_28,17.8095,1
rand_28,18.4237,1
rand_28,19.0378,1
rand_28,19.6519,1
rand_28,20.266,1
rand_28,20.8801,1
rand_28,21.4943,1
rand_28,22.1084,1
rand_28,22.7225,1
rand_28,23.3366,1
rand_28,23.9507,1
rand_28,24.5649,1
rand_28,25.179,1
rand_28,25.7931,1
rand_28,26.4072,1
rand_28,27.0214,1
rand_28,27.6355,1
rand_28,28.2496,1
rand_28,28.8637,1
rand_28,29.4778,1
rand_28,30.092,1
rand_28,30.7061,1
rand_28,31.3202,1
rand_28,31.9343,1
rand_28,32.5485,1
rand_28,33.1626,1
rand_28,33.7767,1
rand_28,34.3908,1
rand_28,35.0049,1
rand_28,35.6191,1
rand_28,36.2332,1
rand_28,36.8473,1
rand_30,0,0.0307377
rand_30,0.614122,0.057377
rand_30,1.22824,0.0737705
rand_30,1.84237,0.139344
rand_30,2.45649,0.186475
rand_30,3.07061,0.237705
rand_30,3.68473,0.29918
rand_30,4.29885,0.362705
rand_30,4.91297,0.442623
rand_30,5.5271,0.520492
rand_30,6.14122,0.584016
rand_30,6.75534,0.678279
rand_30,7.36946,0.764344
rand_30,7.98358,0.82377
rand_30,8.5977,0.854508
rand_30,9.21183,0.895492
rand_30,9.82595,0.944672
rand_30,10.4401,0.956967
rand_30,11.0542,0.971311
rand_30,11.6683,0.983607
rand_30,12.2824,0.991803
rand_30,12.8966,0.993852
rand_30,13.5107,0.993852
rand_30,14.1248,0.995902
rand_30,14.7389,0.997951
rand_30,15.353,0.997951
rand_30,15.9672,1
rand_30,16.5813,1
rand_30,17.1954,1
rand_30,17.8095,1
rand_30,18.4237,1
rand_30,19.0378,1
rand_30,19.6519,1
rand_30,20.266,1
rand_30,20.8801,1
rand_30,21.4943,1
rand_30,22.1084,1
rand_30,22.7225,1
rand_30,23.3366,1
rand_30,23.9507,1
rand_30,24.5649,1
rand_30,25.179,1
rand_30,25.7931,1
rand_30,26.4072,1
rand_30,27.0214,1
rand_30,27.6355,1
rand_30,28.2496,1
rand_30,28.8637,1
rand_30,29.4778,1
rand_30,30.092,1
rand_30,30.7061,1
rand_30,31.3202,1
rand_30,31.9343,1
rand_30,32.5485,1
rand_30,33.1626,1
rand_30,33.7767,1
rand_30,34.3908,1
rand_30,35.0049,1
rand_30,35.6191,1
rand_30,36.2332,1
rand_30,36.8473,1
rand_32,0,0.0266393
rand_32,0.614122,0.0491803
rand_32,1.22824,0.0840164
rand_32,1.84237,0.120902
rand_32,2.45649,0.165984
rand_32,3.07061,0.227459
rand_32,3.68473,0.29918
rand_32,4.29885,0.391393
rand_32,4.91297,0.477459
rand_32,5.5271,0.602459
rand_32,6.14122,0.69877
rand_32,6.75534,0.776639
rand_32,7.36946,0.831967
rand_32,7.98358,0.870902
rand_32,8.5977,0.901639
rand_32,9.21183,0.934426
rand_32,9.82595,0.942623
rand_32,10.4401,0.965164
rand_32,11.0542,0.971311
rand_32,11.6683,0.977459
rand_32,12.2824,0.989754
rand_32,12.8966,0.993852
rand_32,13.5107,0.997951
rand_32,14.1248,0.997951
rand_32,14.7389,0.997951
rand_32,15.353,1
rand_32,15.9672,1
rand_32,16.5813,1
rand_32,17.1954,1
rand_32,17.8095,1
rand_32,18.4237,1
rand_32,19.0378,1
rand_32,19.6519,1
rand_32,20.266,1
rand_32,20.8801,1
rand_32,21.4943,1
rand_32,22.1084,1
rand_32,22.7225,1
rand_32,23.3366,1
rand_32,23.9507,1
rand_32,24.5649,1
rand_32,25.179,1
rand_32,25.7931,1
rand_32,26.4072,1
rand_32,27.0214,1
rand_32,27.6355,1
rand_32,28.2496,1
rand_32,28.8637,1
rand_32,29.4778,1
rand_32,30.092,1
rand_32,30.7061,1
rand_32,31.3202,1
rand_32,31.9343,1
rand_32,32.5485,1
rand_32,33.1626,1
rand_32,33.7767,1
rand_32,34.3908,1
rand_32,35.0049,1
rand_32,35.6191,1
rand_32,36.2332,1
rand_32,36.8473,1
rand_33,0,0.0553279
rand_33,0.614122,0.0758197
rand_33,1.22824,0.125
rand_33,1.84237,0.168033
rand_33,2.45649,0.213115
rand_33,3.07061,0.245902
rand_33,3.68473,0.297131
rand_33,4.29885,0.344262
rand_33,4.91297,0.418033
rand_33,5.5271,0.493852
rand_33,6.14122,0.563525
rand_33,6.75534,0.606557
rand_33,7.36946,0.663934
rand_33,7.98358,0.709016
rand_33,8.5977,0.745902
rand_33,9.21183,0.813525
rand_33,9.82595,0.852459
rand_33,10.4401,0.885246
rand_33,11.0542,0.911885
rand_33,11.6683,0.936475
rand_33,12.2824,0.961066
rand_33,12.8966,0.97541
rand_33,13.5107,0.983607
rand_33,14.1248,0.991803
rand_33,14.7389,0.993852
rand_33,15.353,0.997951
rand_33,15.9672,0.997951
rand_33,16.5813,0.997951
rand_33,17.1954,1
rand_33,17.8095,1
rand_33,18.4237,1
rand_33,19.0378,1
rand_33,19.6519,1
rand_33,20.266,1
rand_33,20.8801,1
rand_33,21.4943,1
rand_33,22.1084,1
rand_33,22.7225,1
rand_33,23.3366,1
rand_33,23.9507,1
rand_33,24.5649,1
rand_33,25.179,1
rand_33,25.7931,1
rand_33,26.4072,1
rand_33,27.0214,1
rand_33,27.6355,1
rand_33,28.2496,1
rand_33,28.8637,1
rand_33,29.4778,1
rand_33,30.092,1
rand_33,30.7061,1
rand_33,31.3202,1
rand_33,31.9343,1
rand_33,32.5485,1
rand_33,33.1626,1
rand_33,33.7767,1
rand_33,34.3908,1
rand_33,35.0049,1
rand_33,35.6191,1
rand_33,36.2332,1
rand_33,36.8473,1
rand_34,0,0.0430328
rand_34,0.614122,0.057377
rand_34,1.22824,0.0840164
rand_34,1.84237,0.116803
rand_34,2.45649,0.168033
rand_34,3.07061,0.229508
rand_34,3.68473,0.276639
rand_34,4.29885,0.358607
rand_34,4.91297,0.430328
rand_34,5.5271,0.497951
rand_34,6.14122,0.57582
rand_34,6.75534,0.655738
rand_34,7.36946,0.721311
rand_34,7.98358,0.770492
rand_34,8.5977,0.819672
rand_34,9.21183,0.870902
rand_34,9.82595,0.922131
rand_34,10.4401,0.940574
rand_34,11.0542,0.954918
rand_34,11.6683,0.967213
rand_34,12.2824,0.971311
rand_34,12.8966,0.977459
rand_34,13.5107,0.987705
rand_34,14.1248,0.989754
rand_34,14.7389,0.989754
rand_34,15.353,0.997951
rand_34,15.9672,1
rand_34,16.5813,1
rand_34,17.1954,1
rand_34,17.8095,1
rand_34,18.4237,1
rand_34,19.0378,1
rand_34,19.6519,1
rand_34,20.266,1
rand_34,20.8801,1
rand_34,21.4943,1
rand_34,22.1084,1
rand_34,22.7225,1
rand_34,23.3366,1
rand_34,23.9507,1
rand_34,24.5649,1
rand_34,25.179,1
rand_34,25.7931,1
rand_34,26.4072,1
rand_34,27.0214,1
rand_34,27.6355,1
rand_34,28.2496,1
rand_34,28.8637,1
rand_34,29.4778,1
rand_34,30.092,1
rand_34,30.7061,1
rand_34,31.3202,1
rand_34,31.9343,1
rand_34,32.5485,1
rand_34,33.1626,1
rand_34,33.7767,1
rand_34,34.3908,1
rand_34,35.0049,1
rand_34,35.6191,1
rand_34,36.2332,1
rand_34,36.8473,1
rand_35,0,0.0512295
rand_35,0.614122,0.079918
rand_35,1.22824,0.112705
rand_35,1.84237,0.139344
rand_35,2.45649,0.17418
rand_35,3.07061,0.215164
rand_35,3.68473,0.266393
rand_35,4.29885,0.331967
rand_35,4.91297,0.387295
rand_35,5.5271,0.461066
rand_35,6.14122,0.54918
rand_35,6.75534,0.641393
rand_35,7.36946,0.704918
rand_35,7.98358,0.782787
rand_35,8.5977,0.846311
rand_35,9.21183,0.89959
rand_35,9.82595,0.928279
rand_35,10.4401,0.946721
rand_35,11.0542,0.963115
rand_35,11.6683,0.979508
rand_35,12.2824,0.983607
rand_35,12.8966,0.989754
rand_35,13.5107,0.991803
rand_35,14.1248,0.995902
rand_35,14.7389,0.997951
rand_35,15.353,0.997951
rand_35,15.9672,0.997951
rand_35,16.5813,1
rand_35,17.1954,1
rand_35,17.8095,1
rand_35,18.4237,1
rand_35,19.0378,1
rand_35,19.6519,1
rand_35,20.266,1
rand_35,20.8801,1
rand_35,21.4943,1
rand_35,22.1084,1
rand_35,22.7225,1
rand_35,23.3366,1
rand_35,23.9507,1
rand_35,24.5649,1
rand_35,25.179,1
rand_35,25.7931,1
rand_35,26.4072,1
rand_35,27.0214,1
rand_35,27.6355,1
rand_35,28.2496,1
rand_35,28.8637,1
rand_35,29.4778,1
rand_35,30.092,1
rand_35,30.7061,1
rand_35,31.3202,1
rand_35,31.9343,1
rand_35,32.5485,1
rand_35,33.1626,1
rand_35,33.7767,1
rand_35,34.3908,1
rand_35,35.0049,1
rand_35,35.6191,1
rand_35,36.2332,1
rand_35,36.8473,1
rand_37,0,0.0102459
rand_37,0.614122,0.0122951
rand_37,1.22824,0.0245902
rand_37,1.84237,0.045082
rand_37,2.45649,0.0717213
rand_37,3.07061,0.108607
rand_37,3.68473,0.168033
rand_37,4.29885,0.235656
rand_37,4.91297,0.313525
rand_37,5.5271,0.366803
rand_37,6.14122,0.463115
rand_37,6.75534,0.57582
rand_37,7.36946,0.657787
rand_37,7.98358,0.727459
rand_37,8.5977,0.805328
rand_37,9.21183,0.858607
rand_37,9.82595,0.893443
rand_37,10.4401,0.913934
rand_37,11.0542,0.946721
rand_37,11.6683,0.963115
rand_37,12.2824,0.977459
rand_37,12.8966,0.985656
rand_37,13.5107,0.987705
rand_37,14.1248,0.993852
rand_37,14.7389,1
rand_37,15.353,1
rand_37,15.9672,1
rand_37,16.5813,1
rand_37,17.1954,1
rand_37,17.8095,1
rand_37,18.4237,1
rand_37,19.0378,1
rand_37,19.6519,1
rand_37,20.266,1
rand_37,20.8801,1
rand_37,21.4943,1
rand_37,22.1084,1
rand_37,22.7225,1
rand_37,23.3366,1
rand_37,23.9507,1
rand_37,24.5649,1
rand_37,25.179,1
rand_37,25.7931,1
rand_37,26.4072,1
rand_37,27.0214,1
rand_37,27.6355,1
rand_37,28.2496,1
rand_37,28.8637,1
rand_37,29.4778,1
rand_37,30.092,1
rand_37,30.7061,1
rand_37,31.3202,1
rand_37,31.9343,1
rand_37,32.5485,1
rand_37,33.1626,1
rand_37,33.7767,1
rand_37,34.3908,1
rand_37,35.0049,1
rand_37,35.6191,1
rand_37,36.2332,1
rand_37,36.8473,1
rand_39,0,0.0696721
rand_39,0.614122,0.0942623
rand_39,1.22824,0.122951
rand_39,1.84237,0.157787
rand_39,2.45649,0.204918
rand_39,3.07061,0.270492
rand_39,3.68473,0.327869
rand_39,4.29885,0.403689
rand_39,4.91297,0.479508
rand_39,5.5271,0.555328
rand_39,6.14122,0.637295
rand_39,6.75534,0.69877
rand_39,7.36946,0.760246
rand_39,7.98358,0.805328
rand_39,8.5977,0.870902
rand_39,9.21183,0.913934
rand_39,9.82595,0.95082
rand_39,10.4401,0.969262
rand_39,11.0542,0.983607
rand_39,11.6683,0.991803
rand_39,12.2824,0.995902
rand_39,12.8966,1
rand_39,13.5107,1
rand_39,14.1248,1
rand_39,14.7389,1
rand_39,15.353,1
rand_39,15.9672,1
rand_39,16.5813,1
rand_39,17.1954,1
rand_39,17.8095,1
rand_39,18.4237,1
rand_39,19.0378,1
rand_39,19.6519,1
rand_39,20.266,1
rand_39,20.8801,1
rand_39,21.4943,1
rand_39,22.1084,1
rand_39,22.7225,1
rand_39,23.3366,1
rand_39,23.9507,1
rand_39,24.5649,1
rand_39,25.179,1
rand_39,25.7931,1
rand_39,26.4072,1
rand_39,27.0214,1
rand_39,27.6355,1
rand_39,28.2496,1
rand_39,28.8637,1
rand_39,29.4778,1
rand_39,30.092,1
rand_39,30.7061,1
rand_39,31.3202,1
rand_39,31.9343,1
rand_39,32.5485,1
rand_39,33.1626,1
rand_39,33.7767,1
rand_39,34.3908,1
rand_39,35.0049,1
rand_39,35.6191,1
rand_39,36.2332,1
rand_39,36.8473,1
rand_40,0,0.0717213
rand_40,0.614122,0.10041
rand_40,1.22824,0.129098
rand_40,1.84237,0.17623
rand_40,2.45649,0.227459
rand_40,3.07061,0.288934
rand_40,3.68473,0.389344
rand_40,4.29885,0.465164
rand_40,4.91297,0.54918
rand_40,5.5271,0.625
rand_40,6.14122,0.711066
rand_40,6.75534,0.762295
rand_40,7.36946,0.815574
rand_40,7.98358,0.870902
rand_40,8.5977,0.903689
rand_40,9.21183,0.928279
rand_40,9.82595,0.942623
rand_40,10.4401,0.954918
rand_40,11.0542,0.967213
rand_40,11.6683,0.979508
rand_40,12.2824,0.985656
rand_40,12.8966,0.989754
rand_40,13.5107,0.991803
rand_40,14.1248,0.995902
rand_40,14.7389,0.997951
rand_40,15.353,1
rand_40,15.9672,1
rand_40,16.5813,1
rand_40,17.1954,1
rand_40,17.8095,1
rand_40,18.4237,1
rand_40,19.0378,1
rand_40,19.6519,1
rand_40,20.266,1
rand_40,20.8801,1
rand_40,21.4943,1
rand_40,22.1084,1
rand_40,22.7225,1
rand_40,23.3366,1
rand_40,23.9507,1
rand_40,24.5649,1
rand_40,25.179,1
rand_40,25.7931,1
rand_40,26.4072,1
rand_40,27.0214,1
rand_40,27.6355,1
rand_40,28.2496,1
rand_40,28.8637,1
rand_40,29.4778,1
rand_40,30.092,1
rand_40,30.7061,1
rand_40,31.3202,1
rand_40,31.9343,1
rand_40,32.5485,1
rand_40,33.1626,1
rand_40,33.7767,1
rand_40,34.3908,1
rand_40,35.0049,1
rand_40,35.6191,1
rand_40,36.2332,1
rand_40,36.8473,1
rand_41,0,0.0307377
rand_41,0.614122,0.0512295
rand_41,1.22824,0.0778689
rand_41,1.84237,0.114754
rand_41,2.45649,0.155738
rand_41,3.07061,0.19877
rand_41,3.68473,0.276639
rand_41,4.29885,0.340164
rand_41,4.91297,0.391393
rand_41,5.5271,0.454918
rand_41,6.14122,0.536885
rand_41,6.75534,0.608607
rand_41,7.36946,0.655738
rand_41,7.98358,0.719262
rand_41,8.5977,0.782787
rand_41,9.21183,0.827869
rand_41,9.82595,0.858607
rand_41,10.4401,0.883197
rand_41,11.0542,0.897541
rand_41,11.6683,0.922131
rand_41,12.2824,0.932377
rand_41,12.8966,0.95082
rand_41,13.5107,0.965164
rand_41,14.1248,0.981557
rand_41,14.7389,0.995902
rand_41,15.353,0.997951
rand_41,15.9672,1
rand_41,16.5813,1
rand_41,17.1954,1
rand_41,17.8095,1
rand_41,18.4237,1
rand_41,19.0378,1
rand_41,19.6519,1
rand_41,20.266,1
rand_41,20.8801,1
rand_41,21.4943,1
rand_41,22.1084,1
rand_41,22.7225,1
rand_41,23.3366,1
rand_41,23.9507,1
rand_41,24.5649,1
rand_41,25.179,1
rand_41,25.7931,1
rand_41,26.4072,1
rand_41,27.0214,1
rand_41,27.6355,1
rand_41,28.2496,1
rand_41,28.8637,1
rand_41,29.4778,1
rand_41,30.092,1
rand_41,30.7061,1
rand_41,31.3202,1
rand_41,31.9343,1
rand_41,32.5485,1
rand_41,33.1626,1
rand_41,33.7767,1
rand_41,34.3908,1
rand_41,35.0049,1
rand_41,35.6191,1
rand_41,36.2332,1
rand_41,36.8473,1
rand_42,0,0.0553279
rand_42,0.614122,0.0696721
rand_42,1.22824,0.104508
rand_42,1.84237,0.141393
rand_42,2.45649,0.202869
rand_42,3.07061,0.252049
rand_42,3.68473,0.309426
rand_42,4.29885,0.389344
rand_42,4.91297,0.469262
rand_42,5.5271,0.567623
rand_42,6.14122,0.643443
rand_42,6.75534,0.713115
rand_42,7.36946,0.778689
rand_42,7.98358,0.829918
rand_42,8.5977,0.866803
rand_42,9.21183,0.915984
rand_42,9.82595,0.936475
rand_42,10.4401,0.961066
rand_42,11.0542,0.973361
rand_42,11.6683,0.977459
rand_42,12.2824,0.985656
rand_42,12.8966,0.989754
rand_42,13.5107,0.993852
rand_42,14.1248,0.997951
rand_42,14.7389,1
rand_42,15.353,1
rand_42,15.9672,1
rand_42,16.5813,1
rand_42,17.1954,1
rand_42,17.8095,1
rand_42,18.4237,1
rand_42,19.0378,1
rand_42,19.6519,1
rand_42,20.266,1
rand_42,20.8801,1
rand_42,21.4943,1
rand_42,22.1084,1
rand_42,22.7225,1
rand_42,23.3366,1
rand_42,23.9507,1
rand_42,24.5649,1
rand_42,25.179,1
rand_42,25.7931,1
rand_42,26.4072,1
rand_42,27.0214,1
rand_42,27.6355,1
rand_42,28.2496,1
rand_42,28.8637,1
rand_42,29.4778,1
rand_42,30.092,1
rand_42,30.7061,1
rand_42,31.3202,1
rand_42,31.9343,1
rand_42,32.5485,1
rand_42,33.1626,1
rand_42,33.7767,1
rand_42,34.3908,1
rand_42,35.0049,1
rand_42,35.6191,1
rand_42,36.2332,1
rand_42,36.8473,1
rand_44,0,0.0286885
rand_44,0.614122,0.0368852
rand_44,1.22824,0.0655738
rand_44,1.84237,0.0881148
rand_44,2.45649,0.110656
rand_44,3.07061,0.151639
rand_44,3.68473,0.215164
rand_44,4.29885,0.266393
rand_44,4.91297,0.336066
rand_44,5.5271,0.409836
rand_44,6.14122,0.473361
rand_44,6.75534,0.545082
rand_44,7.36946,0.606557
rand_44,7.98358,0.67418
rand_44,8.5977,0.717213
rand_44,9.21183,0.756148
rand_44,9.82595,0.793033
rand_44,10.4401,0.836066
rand_44,11.0542,0.877049
rand_44,11.6683,0.909836
rand_44,12.2824,0.936475
rand_44,12.8966,0.956967
rand_44,13.5107,0.977459
rand_44,14.1248,0.981557
rand_44,14.7389,0.987705
rand_44,15.353,0.991803
rand_44,15.9672,0.991803
rand_44,16.5813,0.995902
rand_44,17.1954,0.997951
rand_44,17.8095,1
rand_44,18.4237,1
rand_44,19.0378,1
rand_44,19.6519,1
rand_44,20.266,1
rand_44,20.8801,1
rand_44,21.4943,1
rand_44,22.1084,1
rand_44,22.7225,1
rand_44,23.3366,1
rand_44,23.9507,1
rand_44,24.5649,1
rand_44,25.179,1
rand_44,25.7931,1
rand_44,26.4072,1
rand_44,27.0214,1
rand_44,27.6355,1
rand_44,28.2496,1
rand_44,28.8637,1
rand_44,29.4778,1
rand_44,30.092,1
rand_44,30.7061,1
rand_44,31.3202,1
rand_44,31.9343,1
rand_44,32.5485,1
rand_44,33.1626,1
rand_44,33.7767,1
rand_44,34.3908,1
rand_44,35.0049,1
rand_44,35.6191,1
rand_44,36.2332,1
rand_44,36.8473,1
rand_45,0,0.0737705
rand_45,0.614122,0.104508
rand_45,1.22824,0.127049
rand_45,1.84237,0.163934
rand_45,2.45649,0.217213
rand_45,3.07061,0.305328
rand_45,3.68473,0.391393
rand_45,4.29885,0.461066
rand_45,4.91297,0.555328
rand_45,5.5271,0.629098
rand_45,6.14122,0.717213
rand_45,6.75534,0.784836
rand_45,7.36946,0.834016
rand_45,7.98358,0.903689
rand_45,8.5977,0.936475
rand_45,9.21183,0.969262
rand_45,9.82595,0.981557
rand_45,10.4401,0.989754
rand_45,11.0542,0.993852
rand_45,11.6683,0.993852
rand_45,12.2824,0.995902
rand_45,12.8966,0.995902
rand_45,13.5107,1
rand_45,14.1248,1
rand_45,14.7389,1
rand_45,15.353,1
rand_45,15.9672,1
rand_45,16.5813,1
rand_45,17.1954,1
rand_45,17.8095,1
rand_45,18.4237,1
rand_45,19.0378,1
rand_45,19.6519,1
rand_45,20.266,1
rand_45,20.8801,1
rand_45,21.4943,1
rand_45,22.1084,1
rand_45,22.7225,1
rand_45,23.3366,1
rand_45,23.9507,1
rand_45,24.5649,1
rand_45,25.179,1
rand_45,25.7931,1
rand_45,26.4072,1
rand_45,27.0214,1
rand_45,27.6355,1
rand_45,28.2496,1
rand_45,28.8637,1
rand_45,29.4778,1
rand_45,30.092,1
rand_45,30.7061,1
rand_45,31.3202,1
rand_45,31.9343,1
rand_45,32.5485,1
rand_45,33.1626,1
rand_45,33.7767,1
rand_45,34.3908,1
rand_45,35.0049,1
rand_45,35.6191,1
rand_45,36.2332,1
rand_45,36.8473,1
rand_46,0,0.108607
rand_46,0.614122,0.129098
rand_46,1.22824,0.155738
rand_46,1.84237,0.202869
rand_46,2.45649,0.262295
rand_46,3.07061,0.334016
rand_46,3.68473,0.401639
rand_46,4.29885,0.493852
rand_46,4.91297,0.563525
rand_46,5.5271,0.631148
rand_46,6.14122,0.682377
rand_46,6.75534,0.75
rand_46,7.36946,0.784836
rand_46,7.98358,0.82582
rand_46,8.5977,0.866803
rand_46,9.21183,0.897541
rand_46,9.82595,0.92418
rand_46,10.4401,0.95082
rand_46,11.0542,0.977459
rand_46,11.6683,0.985656
rand_46,12.2824,0.991803
rand_46,12.8966,1
rand_46,13.5107,1
rand_46,14.1248,1
rand_46,14.7389,1
rand_46,15.353,1
rand_46,15.9672,1
rand_46,16.5813,1
rand_46,17.1954,1
rand_46,17.8095,1
rand_46,18.4237,1
rand_46,19.0378,1
rand_46,19.6519,1
rand_46,20.266,1
rand_46,20.8801,1
rand_46,21.4943,1
rand_46,22.1084,1
rand_46,22.7225,1
rand_46,23.3366,1
rand_46,23.9507,1
rand_46,24.5649,1
rand_46,25.179,1
rand_46,25.7931,1
rand_46,26.4072,1
rand_46,27.0214,1
rand_46,27.6355,1
rand_46,28.2496,1
rand_46,28.8637,1
rand_46,29.4778,1
rand_46,30.092,1
rand_46,30.7061,1
rand_46,31.3202,1
rand_46,31.9343,1
rand_46,32.5485,1
rand_46,33.1626,1
rand_46,33.7767,1
rand_46,34.3908,1
rand_46,35.0049,1
rand_46,35.6191,1
rand_46,36.2332,1
rand_46,36.8473,1
rand_47,0,0.057377
rand_47,0.614122,0.0860656
rand_47,1.22824,0.133197
rand_47,1.84237,0.178279
rand_47,2.45649,0.231557
rand_47,3.07061,0.29918
rand_47,3.68473,0.364754
rand_47,4.29885,0.454918
rand_47,4.91297,0.536885
rand_47,5.5271,0.618852
rand_47,6.14122,0.688525
rand_47,6.75534,0.758197
rand_47,7.36946,0.829918
rand_47,7.98358,0.864754
rand_47,8.5977,0.907787
rand_47,9.21183,0.92418
rand_47,9.82595,0.94877
rand_47,10.4401,0.973361
rand_47,11.0542,0.983607
rand_47,11.6683,0.987705
rand_47,12.2824,0.989754
rand_47,12.8966,0.997951
rand_47,13.5107,0.997951
rand_47,14.1248,0.997951
rand_47,14.7389,0.997951
rand_47,15.353,1
rand_47,15.9672,1
rand_47,16.5813,1
rand_47,17.1954,1
rand_47,17.8095,1
rand_47,18.4237,1
rand_47,19.0378,1
rand_47,19.6519,1
rand_47,20.266,1
rand_47,20.8801,1
rand_47,21.4943,1
rand_47,22.1084,1
rand_47,22.7225,1
rand_47,23.3366,1
rand_47,23.9507,1
rand_47,24.5649,1
rand_47,25.179,1
rand_47,25.7931,1
rand_47,26.4072,1
rand_47,27.0214,1
rand_47,27.6355,1
rand_47,28.2496,1
rand_47,28.8637,1
rand_47,29.4778,1
rand_47,30.092,1
rand_47,30.7061,1
rand_47,31.3202,1
rand_47,31.9343,1
rand_47,32.5485,1
rand_47,33.1626,1
rand_47,33.7767,1
rand_47,34.3908,1
rand_47,35.0049,1
rand_47,35.6191,1
rand_47,36.2332,1
rand_47,36.8473,1
rand_48,0,0.0819672
rand_48,0.614122,0.102459
rand_48,1.22824,0.137295
rand_48,1.84237,0.20082
rand_48,2.45649,0.252049
rand_48,3.07061,0.327869
rand_48,3.68473,0.397541
rand_48,4.29885,0.471311
rand_48,4.91297,0.540984
rand_48,5.5271,0.622951
rand_48,6.14122,0.694672
rand_48,6.75534,0.762295
rand_48,7.36946,0.838115
rand_48,7.98358,0.887295
rand_48,8.5977,0.918033
rand_48,9.21183,0.946721
rand_48,9.82595,0.977459
rand_48,10.4401,0.987705
rand_48,11.0542,0.993852
rand_48,11.6683,0.997951
rand_48,12.2824,0.997951
rand_48,12.8966,1
rand_48,13.5107,1
rand_48,14.1248,1
rand_48,14.7389,1
rand_48,15.353,1
rand_48,15.9672,1
rand_48,16.5813,1
rand_48,17.1954,1
rand_48,17.8095,1
rand_48,18.4237,1
rand_48,19.0378,1
rand_48,19.6519,1
rand_48,20.266,1
rand_48,20.8801,1
rand_48,21.4943,1
rand_48,22.1084,1
rand_48,22.7225,1
rand_48,23.3366,1
rand_48,23.9507,1
rand_48,24.5649,1
rand_48,25.179,1
rand_48,25.7931,1
rand_48,26.4072,1
rand_48,27.0214,1
rand_48,27.6355,1
rand_48,28.2496,1
rand_48,28.8637,1
rand_48,29.4778,1
rand_48,30.092,1
rand_48,30.7061,1
rand_48,31.3202,1
rand_48,31.9343,1
rand_48,32.5485,1
rand_48,33.1626,1
rand_48,33.7767,1
rand_48,34.3908,1
rand_48,35.0049,1
rand_48,35.6191,1
rand_48,36.2332,1
rand_48,36.8473,1
rand_49,0,0.0717213
rand_49,0.614122,0.0942623
rand_49,1.22824,0.129098
rand_49,1.84237,0.188525
rand_49,2.45649,0.258197
rand_49,3.07061,0.317623
rand_49,3.68473,0.381148
rand_49,4.29885,0.446721
rand_49,4.91297,0.508197
rand_49,5.5271,0.581967
rand_49,6.14122,0.629098
rand_49,6.75534,0.684426
rand_49,7.36946,0.735656
rand_49,7.98358,0.795082
rand_49,8.5977,0.834016
rand_49,9.21183,0.875
rand_49,9.82595,0.89959
rand_49,10.4401,0.915984
rand_49,11.0542,0.92623
rand_49,11.6683,0.946721
rand_49,12.2824,0.956967
rand_49,12.8966,0.967213
rand_49,13.5107,0.97541
rand_49,14.1248,0.979508
rand_49,14.7389,0.985656
rand_49,15.353,0.991803
rand_49,15.9672,0.995902
rand_49,16.5813,0.997951
rand_49,17.1954,1
rand_49,17.8095,1
rand_49,18.4237,1
rand_49,19.0378,1
rand_49,19.6519,1
rand_49,20.266,1
rand_49,20.8801,1
rand_49,21.4943,1
rand_49,22.1084,1
rand_49,22.7225,1
rand_49,23.3366,1
rand_49,23.9507,1
rand_49,24.5649,1
rand_49,25.179,1
rand_49,25.7931,1
rand_49,26.4072,1
rand_49,27.0214,1
rand_49,27.6355,1
rand_49,28.2496,1
rand_49,28.8637,1
rand_49,29.4778,1
rand_49,30.092,1
rand_49,30.7061,1
rand_49,31.3202,1
rand_49,31.9343,1
rand_49,32.5485,1
rand_49,33.1626,1
rand_49,33.7767,1
rand_49,34.3908,1
rand_49,35.0049,1
rand_49,35.6191,1
rand_49,36.2332,1
rand_49,36.8473,1
rand_50,0,0.0143443
rand_50,0.614122,0.0307377
rand_50,1.22824,0.0389344
rand_50,1.84237,0.0532787
rand_50,2.45649,0.0840164
rand_50,3.07061,0.106557
rand_50,3.68473,0.139344
rand_50,4.29885,0.188525
rand_50,4.91297,0.243852
rand_50,5.5271,0.305328
rand_50,6.14122,0.375
rand_50,6.75534,0.454918
rand_50,7.36946,0.508197
rand_50,7.98358,0.57582
rand_50,8.5977,0.637295
rand_50,9.21183,0.721311
rand_50,9.82595,0.77459
rand_50,10.4401,0.815574
rand_50,11.0542,0.854508
rand_50,11.6683,0.872951
rand_50,12.2824,0.903689
rand_50,12.8966,0.934426
rand_50,13.5107,0.952869
rand_50,14.1248,0.967213
rand_50,14.7389,0.979508
rand_50,15.353,0.985656
rand_50,15.9672,0.989754
rand_50,16.5813,0.997951
rand_50,17.1954,0.997951
rand_50,17.8095,1
rand_50,18.4237,1
rand_50,19.0378,1
rand_50,19.6519,1
rand_50,20.266,1
rand_50,20.8801,1
rand_50,21.4943,1
rand_50,22.1084,1
rand_50,22.7225,1
rand_50,23.3366,1
rand_50,23.9507,1
rand_50,24.5649,1
rand_50,25.179,1
rand_50,25.7931,1
rand_50,26.4072,1
rand_50,27.0214,1
rand_50,27.6355,1
rand_50,28.2496,1
rand_50,28.8637,1
rand_50,29.4778,1
rand_50,30.092,1
rand_50,30.7061,1
rand_50,31.3202,1
rand_50,31.9343,1
rand_50,32.5485,1
rand_50,33.1626,1
rand_50,33.7767,1
rand_50,34.3908,1
rand_50,35.0049,1
rand_50,35.6191,1
rand_50,36.2332,1
rand_50,36.8473,1
rand_52,0,0.0471311
rand_52,0.614122,0.067623
rand_52,1.22824,0.0942623
rand_52,1.84237,0.118852
rand_52,2.45649,0.14959
rand_52,3.07061,0.17623
rand_52,3.68473,0.227459
rand_52,4.29885,0.260246
rand_52,4.91297,0.305328
rand_52,5.5271,0.354508
rand_52,6.14122,0.395492
rand_52,6.75534,0.45082
rand_52,7.36946,0.493852
rand_52,7.98358,0.559426
rand_52,8.5977,0.60041
rand_52,9.21183,0.641393
rand_52,9.82595,0.690574
rand_52,10.4401,0.741803
rand_52,11.0542,0.768443
rand_52,11.6683,0.803279
rand_52,12.2824,0.831967
rand_52,12.8966,0.866803
rand_52,13.5107,0.901639
rand_52,14.1248,0.938525
rand_52,14.7389,0.961066
rand_52,15.353,0.981557
rand_52,15.9672,0.989754
rand_52,16.5813,0.991803
rand_52,17.1954,0.995902
rand_52,17.8095,1
rand_52,18.4237,1
rand_52,19.0378,1
rand_52,19.6519,1
rand_52,20.266,1
rand_52,20.8801,1
rand_52,21.4943,1
rand_52,22.1084,1
rand_52,22.7225,1
rand_52,23.3366,1
rand_52,23.9507,1
rand_52,24.5649,1
rand_52,25.179,1
rand_52,25.7931,1
rand_52,26.4072,1
rand_52,27.0214,1
rand_52,27.6355,1
rand_52,28.2496,1
rand_52,28.8637,1
rand_52,29.4778,1
rand_52,30.092,1
rand_52,30.7061,1
rand_52,31.3202,1
rand_52,31.9343,1
rand_52,32.5485,1
rand_52,33.1626,1
rand_52,33.7767,1
rand_52,34.3908,1
rand_52,35.0049,1
rand_52,35.6191,1
rand_52,36.2332,1
rand_52,36.8473,1
rand_53,0,0.0594262
rand_53,0.614122,0.0922131
rand_53,1.22824,0.145492
rand_53,1.84237,0.215164
rand_53,2.45649,0.288934
rand_53,3.07061,0.397541
rand_53,3.68473,0.467213
rand_53,4.29885,0.555328
rand_53,4.91297,0.655738
rand_53,5.5271,0.711066
rand_53,6.14122,0.784836
rand_53,6.75534,0.831967
rand_53,7.36946,0.881148
rand_53,7.98358,0.922131
rand_53,8.5977,0.961066
rand_53,9.21183,0.979508
rand_53,9.82595,0.989754
rand_53,10.4401,0.995902
rand_53,11.0542,1
rand_53,11.6683,1
rand_53,12.2824,1
rand_53,12.8966,1
rand_53,13.5107,1
rand_53,14.1248,1
rand_53,14.7389,1
rand_53,15.353,1
rand_53,15.9672,1
rand_53,16.5813,1
rand_53,17.1954,1
rand_53,17.8095,1
rand_53,18.4237,1
rand_53,19.0378,1
rand_53,19.6519,1
rand_53,20.266,1
rand_53,20.8801,1
rand_53,21.4943,1
rand_53,22.1084,1
rand_53,22.7225,1
rand_53,23.3366,1
rand_53,23.9507,1
rand_53,24.5649,1
rand_53,25.179,1
rand_53,25.7931,1
rand_53,26.4072,1
rand_53,27.0214,1
rand_53,27.6355,1
rand_53,28.2496,1
rand_53,28.8637,1
rand_53,29.4778,1
rand_53,30.092,1
rand_53,30.7061,1
rand_53,31.3202,1
rand_53,31.9343,1
rand_53,32.5485,1
rand_53,33.1626,1
rand_53,33.7767,1
rand_53,34.3908,1
rand_53,35.0049,1
rand_53,35.6191,1
rand_53,36.2332,1
rand_53,36.8473,1
rand_54,0,0.0286885
rand_54,0.614122,0.0491803
rand_54,1.22824,0.0819672
rand_54,1.84237,0.137295
rand_54,2.45649,0.196721
rand_54,3.07061,0.295082
rand_54,3.68473,0.362705
rand_54,4.29885,0.422131
rand_54,4.91297,0.491803
rand_54,5.5271,0.598361
rand_54,6.14122,0.702869
rand_54,6.75534,0.768443
rand_54,7.36946,0.829918
rand_54,7.98358,0.866803
rand_54,8.5977,0.903689
rand_54,9.21183,0.934426
rand_54,9.82595,0.95082
rand_54,10.4401,0.969262
rand_54,11.0542,0.983607
rand_54,11.6683,0.985656
rand_54,12.2824,0.987705
rand_54,12.8966,0.991803
rand_54,13.5107,0.993852
rand_54,14.1248,0.997951
rand_54,14.7389,0.997951
rand_54,15.353,1
rand_54,15.9672,1
rand_54,16.5813,1
rand_54,17.1954,1
rand_54,17.8095,1
rand_54,18.4237,1
rand_54,19.0378,1
rand_54,19.6519,1
rand_54,20.266,1
rand_54,20.8801,1
rand_54,21.4943,1
rand_54,22.1084,1
rand_54,22.7225,1
rand_54,23.3366,1
rand_54,23.9507,1
rand_54,24.5649,1
rand_54,25.179,1
rand_54,25.7931,1
rand_54,26.4072,1
rand_54,27.0214,1
rand_54,27.6355,1
rand_54,28.2496,1
rand_54,28.8637,1
rand_54,29.4778,1
rand_54,30.092,1
rand_54,30.7061,1
rand_54,31.3202,1
rand_54,31.9343,1
rand_54,32.5485,1
rand_54,33.1626,1
rand_54,33.7767,1
rand_54,34.3908,1
rand_54,35.0049,1
rand_54,35.6191,1
rand_54,36.2332,1
rand_54,36.8473,1
rand_55,0,0
rand_55,0.614122,0
rand_55,1.22824,0.00409836
rand_55,1.84237,0.0102459
rand_55,2.45649,0.0143443
rand_55,3.07061,0.0245902
rand_55,3.68473,0.0348361
rand_55,4.29885,0.0532787
rand_55,4.91297,0.0922131
rand_55,5.5271,0.155738
rand_55,6.14122,0.19877
rand_55,6.75534,0.245902
rand_55,7.36946,0.30123
rand_55,7.98358,0.356557
rand_55,8.5977,0.403689
rand_55,9.21183,0.473361
rand_55,9.82595,0.545082
rand_55,10.4401,0.594262
rand_55,11.0542,0.643443
rand_55,11.6683,0.67418
rand_55,12.2824,0.717213
rand_55,12.8966,0.754098
rand_55,13.5107,0.79918
rand_55,14.1248,0.834016
rand_55,14.7389,0.860656
rand_55,15.353,0.89959
rand_55,15.9672,0.92623
rand_55,16.5813,0.942623
rand_55,17.1954,0.965164
rand_55,17.8095,0.973361
rand_55,18.4237,0.981557
rand_55,19.0378,0.987705
rand_55,19.6519,0.993852
rand_55,20.266,1
rand_55,20.8801,1
rand_55,21.4943,1
rand_55,22.1084,1
rand_55,22.7225,1
rand_55,23.3366,1
rand_55,23.9507,1
rand_55,24.5649,1
rand_55,25.179,1
rand_55,25.7931,1
rand_55,26.4072,1
rand_55,27.0214,1
rand_55,27.6355,1
rand_55,28.2496,1
rand_55,28.8637,1
rand_55,29.4778,1
rand_55,30.092,1
rand_55,30.7061,1
rand_55,31.3202,1
rand_55,31.9343,1
rand_55,32.5485,1
rand_55,33.1626,1
rand_55,33.7767,1
rand_55,34.3908,1
rand_55,35.0049,1
rand_55,35.6191,1
rand_55,36.2332,1
rand_55,36.8473,1
rand_56,0,0.0327869
rand_56,0.614122,0.045082
rand_56,1.22824,0.067623
rand_56,1.84237,0.10041
rand_56,2.45649,0.155738
rand_56,3.07061,0.211066
rand_56,3.68473,0.247951
rand_56,4.29885,0.307377
rand_56,4.91297,0.366803
rand_56,5.5271,0.446721
rand_56,6.14122,0.502049
rand_56,6.75534,0.555328
rand_56,7.36946,0.612705
rand_56,7.98358,0.67623
rand_56,8.5977,0.741803
rand_56,9.21183,0.786885
rand_56,9.82595,0.836066
rand_56,10.4401,0.901639
rand_56,11.0542,0.92623
rand_56,11.6683,0.95082
rand_56,12.2824,0.967213
rand_56,12.8966,0.981557
rand_56,13.5107,0.987705
rand_56,14.1248,0.997951
rand_56,14.7389,0.997951
rand_56,15.353,0.997951
rand_56,15.9672,0.997951
rand_56,16.5813,0.997951
rand_56,17.1954,0.997951
rand_56,17.8095,1
rand_56,18.4237,1
rand_56,19.0378,1
rand_56,19.6519,1
rand_56,20.266,1
rand_56,20.8801,1
rand_56,21.4943,1
rand_56,22.1084,1
rand_56,22.7225,1
rand_56,23.3366,1
rand_56,23.9507,1
rand_56,24.5649,1
rand_56,25.179,1
rand_56,25.7931,1
rand_56,26.4072,1
rand_56,27.0214,1
rand_56,27.6355,1
rand_56,28.2496,1
rand_56,28.8637,1
rand_56,29.4778,1
rand_56,30.092,1
rand_56,30.7061,1
rand_56,31.3202,1
rand_56,31.9343,1
rand_56,32.5485,1
rand_56,33.1626,1
rand_56,33.7767,1
rand_56,34.3908,1
rand_56,35.0049,1
rand_56,35.6191,1
rand_56,36.2332,1
rand_56,36.8473,1
rand_57,0,0.0327869
rand_57,0.614122,0.067623
rand_57,1.22824,0.102459
rand_57,1.84237,0.151639
rand_57,2.45649,0.211066
rand_57,3.07061,0.278689
rand_57,3.68473,0.344262
rand_57,4.29885,0.440574
rand_57,4.91297,0.534836
rand_57,5.5271,0.618852
rand_57,6.14122,0.692623
rand_57,6.75534,0.770492
rand_57,7.36946,0.827869
rand_57,7.98358,0.864754
rand_57,8.5977,0.901639
rand_57,9.21183,0.92623
rand_57,9.82595,0.94877
rand_57,10.4401,0.959016
rand_57,11.0542,0.97541
rand_57,11.6683,0.981557
rand_57,12.2824,0.983607
rand_57,12.8966,0.987705
rand_57,13.5107,0.995902
rand_57,14.1248,0.997951
rand_57,14.7389,0.997951
rand_57,15.353,1
rand_57,15.9672,1
rand_57,16.5813,1
rand_57,17.1954,1
rand_57,17.8095,1
rand_57,18.4237,1
rand_57,19.0378,1
rand_57,19.6519,1
rand_57,20.266,1
rand_57,20.8801,1
rand_57,21.4943,1
rand_57,22.1084,1
rand_57,22.7225,1
rand_57,23.3366,1
rand_57,23.9507,1
rand_57,24.5649,1
rand_57,25.179,1
rand_57,25.7931,1
rand_57,26.4072,1
rand_57,27.0214,1
rand_57,27.6355,1
rand_57,28.2496,1
rand_57,28.8637,1
rand_57,29.4778,1
rand_57,30.092,1
rand_57,30.7061,1
rand_57,31.3202,1
rand_57,31.9343,1
rand_57,32.5485,1
rand_57,33.1626,1
rand_57,33.7767,1
rand_57,34.3908,1
rand_57,35.0049,1
rand_57,35.6191,1
rand_57,36.2332,1
rand_57,36.8473,1
rand_60,0,0.00819672
rand_60,0.614122,0.0204918
rand_60,1.22824,0.0471311
rand_60,1.84237,0.0860656
rand_60,2.45649,0.122951
rand_60,3.07061,0.186475
rand_60,3.68473,0.286885
rand_60,4.29885,0.375
rand_60,4.91297,0.456967
rand_60,5.5271,0.553279
rand_60,6.14122,0.604508
rand_60,6.75534,0.692623
rand_60,7.36946,0.762295
rand_60,7.98358,0.819672
rand_60,8.5977,0.864754
rand_60,9.21183,0.907787
rand_60,9.82595,0.932377
rand_60,10.4401,0.952869
rand_60,11.0542,0.969262
rand_60,11.6683,0.981557
rand_60,12.2824,0.993852
rand_60,12.8966,0.995902
rand_60,13.5107,0.997951
rand_60,14.1248,0.997951
rand_60,14.7389,1
rand_60,15.353,1
rand_60,15.9672,1
rand_60,16.5813,1
rand_60,17.1954,1
rand_60,17.8095,1
rand_60,18.4237,1
rand_60,19.0378,1
rand_60,19.6519,1
rand_60,20.266,1
rand_60,20.8801,1
rand_60,21.4943,1
rand_60,22.1084,1
rand_60,22.7225,1
rand_60,23.3366,1
rand_60,23.9507,1
rand_60,24.5649,1
rand_60,25.179,1
rand_60,25.7931,1
rand_60,26.4072,1
rand_60,27.0214,1
rand_60,27.6355,1
rand_60,28.2496,1
rand_60,28.8637,1
rand_60,29.4778,1
rand_60,30.092,1
rand_60,30.7061,1
rand_60,31.3202,1
rand_60,31.9343,1
rand_60,32.5485,1
rand_60,33.1626,1
rand_60,33.7767,1
rand_60,34.3908,1
rand_60,35.0049,1
rand_60,35.6191,1
rand_60,36.2332,1
rand_60,36.8473,1
rand_62,0,0.0327869
rand_62,0.614122,0.045082
rand_62,1.22824,0.0512295
rand_62,1.84237,0.0614754
rand_62,2.45649,0.0819672
rand_62,3.07061,0.102459
rand_62,3.68473,0.143443
rand_62,4.29885,0.17418
rand_62,4.91297,0.213115
rand_62,5.5271,0.272541
rand_62,6.14122,0.311475
rand_62,6.75534,0.389344
rand_62,7.36946,0.45082
rand_62,7.98358,0.514344
rand_62,8.5977,0.577869
rand_62,9.21183,0.622951
rand_62,9.82595,0.67418
rand_62,10.4401,0.729508
rand_62,11.0542,0.77459
rand_62,11.6683,0.813525
rand_62,12.2824,0.829918
rand_62,12.8966,0.856557
rand_62,13.5107,0.887295
rand_62,14.1248,0.909836
rand_62,14.7389,0.938525
rand_62,15.353,0.969262
rand_62,15.9672,0.985656
rand_62,16.5813,0.993852
rand_62,17.1954,0.995902
rand_62,17.8095,0.997951
rand_62,18.4237,0.997951
rand_62,19.0378,1
rand_62,19.6519,1
rand_62,20.266,1
rand_62,20.8801,1
rand_62,21.4943,1
rand_62,22.1084,1
rand_62,22.7225,1
rand_62,23.3366,1
rand_62,23.9507,1
rand_62,24.5649,1
rand_62,25.179,1
rand_62,25.7931,1
rand_62,26.4072,1
rand_62,27.0214,1
rand_62,27.6355,1
rand_62,28.2496,1
rand_62,28.8637,1
rand_62,29.4778,1
rand_62,30.092,1
rand_62,30.7061,1
rand_62,31.3202,1
rand_62,31.9343,1
rand_62,32.5485,1
rand_62,33.1626,1
rand_62,33.7767,1
rand_62,34.3908,1
rand_62,35.0049,1
rand_62,35.6191,1
rand_62,36.2332,1
rand_62,36.8473,1
truth_sub_best,0,0.00409836
truth_sub_best,0.614122,0.00409836
truth_sub_best,1.22824,0.00614754
truth_sub_best,1.84237,0.00819672
truth_sub_best,2.45649,0.0122951
truth_sub_best,3.07061,0.0184426
truth_sub_best,3.68473,0.0245902
truth_sub_best,4.29885,0.0368852
truth_sub_best,4.91297,0.045082
truth_sub_best,5.5271,0.0532787
truth_sub_best,6.14122,0.057377
truth_sub_best,6.75534,0.067623
truth_sub_best,7.36946,0.0717213
truth_sub_best,7.98358,0.0840164
truth_sub_best,8.5977,0.0922131
truth_sub_best,9.21183,0.102459
truth_sub_best,9.82595,0.118852
truth_sub_best,10.4401,0.131148
truth_sub_best,11.0542,0.14959
truth_sub_best,11.6683,0.170082
truth_sub_best,12.2824,0.182377
truth_sub_best,12.8966,0.20082
truth_sub_best,13.5107,0.219262
truth_sub_best,14.1248,0.231557
truth_sub_best,14.7389,0.247951
truth_sub_best,15.353,0.280738
truth_sub_best,15.9672,0.303279
truth_sub_best,16.5813,0.32377
truth_sub_best,17.1954,0.342213
truth_sub_best,17.8095,0.358607
truth_sub_best,18.4237,0.385246
truth_sub_best,19.0378,0.409836
truth_sub_best,19.6519,0.430328
truth_sub_best,20.266,0.456967
truth_sub_best,20.8801,0.47541
truth_sub_best,21.4943,0.491803
truth_sub_best,22.1084,0.516393
truth_sub_best,22.7225,0.543033
truth_sub_best,23.3366,0.557377
truth_sub_best,23.9507,0.588115
truth_sub_best,24.5649,0.610656
truth_sub_best,25.179,0.633197
truth_sub_best,25.7931,0.663934
truth_sub_best,26.4072,0.688525
truth_sub_best,27.0214,0.713115
truth_sub_best,27.6355,0.739754
truth_sub_best,28.2496,0.756148
truth_sub_best,28.8637,0.768443
truth_sub_best,29.4778,0.780738
truth_sub_best,30.092,0.790984
truth_sub_best,30.7061,0.813525
truth_sub_best,31.3202,0.82582
truth_sub_best,31.9343,0.842213
truth_sub_best,32.5485,0.854508
truth_sub_best,33.1626,0.866803
truth_sub_best,33.7767,0.875
truth_sub_best,34.3908,0.883197
truth_sub_best,35.0049,0.893443
truth_sub_best,35.6191,0.911885
truth_sub_best,36.2332,0.922131
truth_sub_best,36.8473,0.942623
