stmt_index,m_pred,slope_samepoint,calibration,slope_stem,context_factor
0,6.779,6.87195,1.01371,0.606265,0.0882232
12,7.75282,7.69784,0.992908,0.20509,0.0266425
28,8.6236,8.5364,0.989888,0.455417,0.0533501
40,7.29442,7.34474,1.0069,0.488341,0.0664885
56,6.67969,6.74728,1.01012,0.529228,0.0784358
58,5.78549,5.71304,0.987478,0.567726,0.0993736
60,7.17173,7.22467,1.00738,0.487297,0.0674491
72,7.88375,7.78047,0.9869,0.588384,0.0756231
80,7.81603,7.76185,0.993068,0.5549,0.0714907
88,6.8391,6.85613,1.00249,0.447317,0.0652435
92,7.16253,7.07122,0.987251,0.570683,0.0807051
96,6.43262,6.56662,1.02083,0.586771,0.0893566
102,6.80104,6.8949,1.0138,0.583331,0.0846033
110,8.56549,8.74022,1.0204,0.54574,0.06244
118,6.75675,6.9058,1.02206,0.496317,0.0718697
120,5.6587,5.48494,0.969293,0.3171,0.0578129
122,5.87806,5.39465,0.917761,0.400106,0.0741672
128,5.88429,5.74481,0.976296,0.354969,0.0617895
142,7.47051,7.47272,1.0003,0.869528,0.11636
154,6.60517,6.59264,0.998103,0.647708,0.0982471
166,7.36353,7.28653,0.989543,0.629067,0.0863328
172,8.10705,8.13081,1.00293,0.699404,0.0860191
182,7.40721,7.44435,1.00501,0.401457,0.0539277
192,8.9544,8.96358,1.00103,0.610849,0.0681479
196,6.91536,6.67043,0.964582,0.55492,0.0831911
200,6.77725,6.82988,1.00777,0.467807,0.0684942
202,6.6244,6.57971,0.993254,0.687421,0.104476
214,9.35645,9.35469,0.999812,0.456144,0.048761
230,7.63627,7.65007,1.00181,0.644606,0.0842614
232,7.782,7.79371,1.00151,0.641005,0.0822464
240,9.52856,9.78224,1.02662,0.493547,0.0504534
248,6.38766,6.66643,1.04364,0.642153,0.0963264
256,5.45383,5.40323,0.990722,0.557623,0.103202
262,7.43834,7.43807,0.999964,0.587594,0.0789982
264,6.77933,6.82107,1.00616,0.513266,0.0752471
270,7.80743,7.77292,0.99558,0.567018,0.0729478
272,5.96648,5.44961,0.913371,0.726538,0.133319
276,7.85717,7.83961,0.997766,0.435299,0.0555256
280,6.20082,6.31489,1.0184,0.606913,0.0961082
284,5.89886,5.87201,0.995449,0.578114,0.0984524
294,7.11465,7.3416,1.0319,0.530325,0.0722357
302,7.74412,7.71182,0.995829,0.640786,0.0830914
304,7.15312,7.27141,1.01654,0.573202,0.0788295
308,8.6351,8.57203,0.992696,0.543589,0.0634142
318,7.74745,8.12551,1.0488,0.349371,0.0429968
328,5.45027,5.4423,0.998538,0.505999,0.0929752
342,4.91629,4.84007,0.984497,1.14857,0.237304
346,7.74572,7.86414,1.01529,0.475511,0.0604658
352,8.57544,8.5311,0.99483,0.54088,0.063401
358,8.95055,8.90151,0.994521,0.450799,0.050643
360,7.70415,7.6307,0.990466,0.629043,0.0824358
370,8.99909,8.9541,0.995001,0.777369,0.0868171
386,7.18477,7.19601,1.00156,0.534985,0.0743446
398,7.88175,7.9115,1.00377,0.595634,0.0752871
404,7.70626,7.83748,1.01703,0.550232,0.0702053
408,7.21696,7.13654,0.988856,0.529096,0.0741391
434,7.79438,7.83409,1.00509,0.492964,0.0629255
444,6.27942,6.08855,0.969604,0.568424,0.0933594
448,7.09881,7.23201,1.01876,0.530772,0.073392
450,7.43928,7.33662,0.986201,0.168631,0.0229848
460,8.01169,7.89574,0.985528,0.567929,0.0719285
462,7.99795,7.96592,0.995995,0.586708,0.0736523
464,7.33781,7.28554,0.992876,0.5869,0.0805569
472,8.27624,8.1881,0.98935,0.638375,0.0779637
474,7.61587,7.46199,0.979795,0.557957,0.0747733
482,8.41288,8.40144,0.99864,0.559002,0.0665365
486,7.9204,7.88071,0.994989,0.479783,0.0608806
490,5.42773,5.26371,0.96978,0.252135,0.0479006
496,6.12428,6.08295,0.993252,0.272001,0.0447153
500,6.97087,7.1487,1.02551,0.519377,0.0726533
506,5.55355,5.60245,1.00881,0.56384,0.100642
518,5.82439,5.80608,0.996857,0.574126,0.0988835
520,8.4511,8.36219,0.98948,0.487702,0.0583223
542,6.71063,6.87452,1.02442,0.608335,0.0884912
552,6.8821,6.78335,0.985651,0.324955,0.0479048
556,9.3131,9.30965,0.999629,0.532105,0.0571562
562,6.01068,5.94754,0.989495,0.593327,0.0997601
578,8.02587,7.98934,0.995449,0.631051,0.0789866
596,7.70107,7.64917,0.993261,0.575168,0.0751935
598,8.71708,8.68418,0.996226,0.509225,0.0586382
610,5.91084,5.8502,0.989742,0.556322,0.0950944
618,6.72034,6.70035,0.997025,0.522579,0.0779928
620,6.87665,6.9185,1.00609,0.689587,0.099673
630,7.3512,7.29028,0.991712,0.417054,0.0572068
638,7.58795,7.50659,0.989277,0.505026,0.0672778
642,7.21336,7.33739,1.01719,0.392701,0.0535206
656,7.08312,7.277,1.02737,0.663678,0.0912022
668,6.30069,6.2328,0.989225,0.6977,0.11194
690,8.02911,8.07928,1.00625,0.650462,0.0805099
700,6.86409,7.33428,1.0685,0.501375,0.0683605
702,7.11424,7.46148,1.04881,0.4437,0.0594654
706,8.2373,8.4301,1.02341,0.532583,0.0631764
726,6.43968,6.60015,1.02492,0.674352,0.102172
734,5.9004,5.75585,0.975502,0.539397,0.0937127
736,6.54958,6.33889,0.967831,0.592623,0.0934901
742,6.18105,6.06374,0.981021,0.6436,0.106139
746,8.10092,8.0912,0.9988,0.477623,0.0590299
760,7.0433,7.11166,1.00971,0.528298,0.0742862
762,6.64869,6.58459,0.990359,0.453628,0.0688924
774,7.1829,7.29928,1.0162,0.491543,0.0673413
780,5.33813,5.4678,1.02429,0.578594,0.105819
786,8.2069,8.33573,1.0157,0.490438,0.0588356
796,7.48696,7.4463,0.994569,0.675749,0.0907496
800,7.7633,7.72631,0.995235,0.592747,0.0767179
804,8.16469,8.15203,0.99845,0.657036,0.0805979
812,8.55027,8.57356,1.00272,0.603389,0.0703778
816,7.91684,7.93213,1.00193,0.448228,0.0565079
826,8.81005,8.6701,0.984115,0.525349,0.0605932
830,7.94514,7.90889,0.995438,0.566173,0.0715869
834,5.91522,5.68752,0.961506,0.574446,0.101001
838,6.75901,6.89343,1.01989,0.653622,0.0948182
840,6.64745,6.6873,1.006,0.310225,0.0463902
842,7.11172,7.04661,0.990845,0.663057,0.0940958
844,6.48289,6.82584,1.0529,0.426389,0.0624669
850,8.18807,8.19208,1.00049,0.398102,0.0485959
868,9.55744,9.55485,0.999729,0.594888,0.0622603
872,7.28264,7.28849,1.0008,0.410693,0.0563482
882,6.61405,6.58574,0.99572,0.546602,0.0829978
890,8.63921,8.64752,1.00096,0.536526,0.0620438
892,8.23247,8.21677,0.998093,0.665428,0.0809841
912,5.69713,5.5977,0.982547,0.55897,0.0998571
914,6.76164,6.85327,1.01355,0.509276,0.0743114
918,7.3666,7.4313,1.00878,0.441067,0.0593526
928,8.41246,8.4039,0.998983,0.664859,0.0791131
930,7.92777,7.94157,1.00174,0.658647,0.0829366
932,6.37806,6.50335,1.01964,0.575857,0.0885477
944,5.60208,5.31496,0.948748,0.312048,0.0587112
952,7.32248,7.35883,1.00496,0.541909,0.0736406
956,7.02318,6.97614,0.993302,0.488201,0.0699816
964,8.32003,8.31868,0.999837,0.610997,0.0734488
972,6.73956,6.68373,0.991716,0.718258,0.107464
976,8.07644,8.08456,1.00101,0.53669,0.0663846
1010,8.04482,8.15885,1.01417,0.334232,0.0409656
1018,8.24056,8.15696,0.989855,0.516486,0.0633184
1022,8.60063,8.59588,0.999448,0.668543,0.0777748
1024,8.20201,8.22581,1.0029,0.575938,0.070016
1028,7.46133,7.55114,1.01204,0.165201,0.0218776
1030,8.32394,8.67847,1.04259,0.395397,0.0455607
1032,5.37445,5.22777,0.972707,0.575332,0.110053
1034,7.96779,8.24722,1.03507,0.47392,0.0574642
1038,7.29251,7.31025,1.00243,0.526904,0.0720773
1044,8.39997,8.32003,0.990484,0.538226,0.0646903
1060,7.23291,7.26121,1.00391,0.501258,0.0690323
1084,7.11903,7.27762,1.02228,0.33648,0.0462349
1088,8.02801,8.13405,1.01321,0.553931,0.0681003
1090,7.76479,7.94545,1.02327,0.456554,0.0574611
1108,7.05031,7.04798,0.999669,0.676083,0.0959257
1132,8.2496,8.28348,1.00411,0.583241,0.0704101
1134,6.72496,6.63278,0.986294,0.456386,0.0688075
1140,8.89016,8.89618,1.00068,0.473892,0.0532692
1150,6.68059,6.76266,1.01229,0.677619,0.1002
1154,7.30359,7.35935,1.00763,0.38912,0.0528742
1156,5.5829,5.76093,1.03189,0.55042,0.0955436
1158,7.17943,7.32277,1.01997,0.474058,0.0647375
1162,6.81767,6.78583,0.99533,0.489399,0.0721207
1168,6.86548,6.99564,1.01896,0.467071,0.066766
1184,7.91898,7.79732,0.984637,0.482031,0.0618202
1186,6.83171,6.9191,1.01279,0.484112,0.0699675
1188,7.30268,7.30497,1.00031,0.509416,0.0697355
1190,7.39623,7.41222,1.00216,0.545579,0.0736054
1200,10.0319,10.0292,0.999731,0.356361,0.0355323
1202,6.74848,6.72416,0.996396,0.484863,0.0721076
1210,4.56936,4.39751,0.96239,0.237892,0.054097
1226,5.57519,5.00576,0.897864,0.577468,0.115361
1232,7.19837,7.25365,1.00768,0.515459,0.0710619
1238,6.58761,6.32938,0.9608,0.625947,0.0988955
1254,7.8064,7.79845,0.998982,0.729892,0.0935945
1270,7.16972,7.20583,1.00504,0.464655,0.0644832
1272,6.75869,6.78266,1.00355,0.50655,0.074683
1292,8.78796,8.81794,1.00341,0.648808,0.0735782
1298,8.48001,8.39596,0.990089,0.548454,0.0653235
1304,7.93206,7.90317,0.996358,0.633179,0.0801171
1306,7.74117,7.68288,0.99247,0.566099,0.0736832
1312,8.54346,8.53526,0.999041,0.622388,0.0729196
1320,7.62768,7.75637,1.01687,0.314515,0.0405492
1322,8.37297,8.46865,1.01143,0.415636,0.0490793
1336,7.3959,7.57626,1.02439,0.473088,0.0624435
1342,6.62803,6.5418,0.986991,0.5699,0.0871166
1346,9.05657,9.12021,1.00703,0.430006,0.0471487
1348,5.5097,5.25497,0.953767,0.578945,0.110171
1356,7.30043,7.24691,0.992669,0.570998,0.078792
1364,6.3422,6.22142,0.980957,0.52012,0.0836015
1372,6.98885,7.07663,1.01256,0.379549,0.0536341
1384,6.5981,6.6701,1.01091,0.500823,0.0750848
1388,7.3735,7.30863,0.991203,0.474759,0.0649587
1390,7.20657,7.30764,1.01402,0.541279,0.0740704
1392,6.97508,7.08847,1.01626,0.599441,0.0845656
1398,7.77178,7.6826,0.988525,0.50789,0.0661092
1406,8.20175,8.13594,0.991976,0.606265,0.0745169
1410,9.27785,9.25924,0.997995,0.602366,0.0650557
1428,7.30703,7.39546,1.0121,0.575222,0.0777804
1434,9.3974,9.37465,0.997579,0.508287,0.0542193
1452,7.19232,7.15864,0.995317,0.53986,0.0754138
1456,6.02296,6.17527,1.02529,0.506266,0.0819828
1458,6.83469,6.76793,0.990233,0.546213,0.0807061
1462,6.56793,6.7139,1.02222,0.656429,0.0977716
1466,6.04423,6.28829,1.04038,0.540239,0.085912
1468,7.55413,7.38296,0.977341,0.522807,0.0708127
1486,6.89044,6.89261,1.00031,0.499337,0.0724453
