stmt_index,step,g,m,delta_norm,cos_jtw0,capped
978,0,62.1795,5.14153,0,1,0
978,1,-9.19807,6.95822,12.0936,0.858514,0
978,2,-0.200674,6.65837,10.9796,0.885842,0
978,3,-0.000121869,6.65179,10.9539,0.886427,0
933,0,94.4343,7.34551,0,1,0
933,1,-9.86508,9.27257,12.8561,0.768593,0
933,2,-0.0921072,9.08981,12.0576,0.799137,0
933,3,-5.03545e-05,9.08782,12.0498,0.799422,0
859,0,8.47365,8.21938,0,1,0
859,1,-0.052564,8.31857,1.03094,0.997886,0
859,2,2.02144e-05,8.31802,1.02463,0.997912,0
859,3,-1.10203e-05,8.31802,1.02463,0.997912,0
916,0,39.4528,7.77163,0,1,0
916,1,-1.80286,8.50593,5.07652,0.951015,0
916,2,-0.00334394,8.47425,4.87538,0.954861,0
916,3,2.46855e-07,8.47419,4.87501,0.954868,0
127,0,63.7652,5.88055,0,1,0
127,1,8.47815,5.7829,10.8434,0.676316,0
127,2,-0.308521,6.22815,11.8841,0.627921,0
127,3,-0.000450137,6.21064,11.8497,0.629578,0
608,0,77.895,6.41015,0,1,0
608,1,-10.4489,8.36792,12.1518,0.795303,0
608,2,-0.147049,8.12589,11.1844,0.830074,0
608,3,8.06518e-06,8.12212,11.1701,0.830559,0
856,0,107.047,6.16005,0,1,0
856,1,16.6798,5.9381,17.3776,0.615863,0
856,2,-0.893089,6.58565,19.2353,0.535055,0
856,3,-0.00219318,6.5533,19.1504,0.53887,0
260,0,81.7085,5.56789,0,1,0
260,1,-7.27059,7.53226,14.6749,0.718132,0
260,2,-0.154956,7.21475,13.9979,0.748721,0
260,3,-9.23837e-05,7.20793,13.9825,0.749383,0
147,0,89.9026,6.47049,0,1,0
147,1,7.19594,6.16403,13.8943,0.76645,0
147,2,-0.0486273,6.25449,14.808,0.742156,0
147,3,3.21736e-05,6.25374,14.802,0.74233,0
810,0,116.374,5.04876,0,1,0
810,1,-1.31046,6.03759,23.05,0.561351,0
810,2,-0.00241518,6.01524,22.9289,0.567424,0
810,3,-6.88989e-06,6.0152,22.9287,0.567435,0
635,0,95.7894,5.45002,0,1,0
635,1,-0.812199,6.21594,17.576,0.68216,0
635,2,-0.000831568,6.20328,17.4871,0.68579,0
635,3,1.93253e-05,6.20327,17.487,0.685794,0
972,0,124.258,4.48867,0,1,0
972,1,6.20491,5.27287,27.6826,0.497276,0
972,2,-0.0758528,5.40719,28.2862,0.479425,0
972,3,-2.15641e-05,5.4054,28.279,0.479656,0
593,0,91.3355,9.52481,0,1,0
593,1,41.4302,6.34207,9.58922,0.521961,0
593,2,-2.85327,7.76362,14.1429,0.363525,0
593,3,-0.0285445,7.60939,13.9028,0.372554,0
994,0,85.5272,6.87924,0,1,0
994,1,-0.099974,8.17606,12.4327,0.688955,0
994,2,-3.67819e-05,8.1728,12.4242,0.689227,0
994,3,-1.57519e-06,8.1728,12.4242,0.689227,0
285,0,65.8531,6.56123,0,1,0
285,1,-4.77974,8.0333,10.0367,0.8425,0
285,2,-0.059818,7.8351,9.54081,0.85943,0
285,3,-7.07566e-06,7.83266,9.53439,0.859641,0
554,0,-4.70919,5.8908,0,1,0
554,1,-0.0399859,5.79193,0.799415,0.999196,0
554,2,1.9946e-05,5.7911,0.806313,0.999182,0
554,3,-1.70692e-05,5.7911,0.806309,0.999182,0
467,0,49.5084,7.12316,0,1,0
467,1,-3.0312,8.37211,6.95034,0.851292,0
467,2,-0.0148721,8.28979,6.64484,0.861505,0
467,3,-1.48559e-05,8.28938,6.64332,0.861555,0
276,0,135.958,4.33045,0,1,0
276,1,11.1268,5.78415,31.3958,0.480147,0
276,2,-0.416773,6.22437,32.3634,0.440433,0
276,3,-0.000520991,6.20833,32.3309,0.441844,0
55,0,30.0969,8.12112,0,1,0
55,1,-0.760266,8.584,3.706,0.971526,0
55,2,-0.00063176,8.57011,3.62002,0.972748,0
55,3,-4.5904e-05,8.57009,3.61995,0.972749,0
61,0,104.163,6.1394,0,1,0
61,1,-1.16203,6.41147,16.9663,0.674169,0
61,2,0.000722282,6.41895,16.8447,0.679534,0
61,3,-1.28205e-05,6.41895,16.8447,0.67953,0
839,0,46.0032,7.96354,0,1,0
839,1,-2.15648,8.78592,5.77673,0.926093,0
839,2,-0.00426675,8.75007,5.55019,0.931143,0
839,3,-4.97982e-05,8.75,5.54974,0.931153,0
425,0,-32.2952,7.84106,0,1,0
425,1,0.214089,7.79134,4.11873,0.976966,0
425,2,-6.58003e-05,7.79464,4.09189,0.977254,0
425,3,-1.65816e-05,7.79464,4.0919,0.977253,0
82,0,100.566,5.13181,0,1,0
82,1,-15.7935,7.72104,19.5966,0.649695,0
82,2,-0.549598,7.18992,18.3337,0.703569,0
82,3,-0.000745405,7.17074,18.2848,0.705502,0
620,0,106.51,6.41039,0,1,0
620,1,0.0474759,7.45196,16.6152,0.695752,0
620,2,1.87508e-05,7.45281,16.6197,0.695592,0
620,3,-2.13845e-05,7.45281,16.6197,0.695592,0
787,0,128.301,5.25639,0,1,0
787,1,44.9284,4.49398,24.4086,0.349031,0
787,2,-6.9831,5.98552,29.4291,0.134994,0
787,3,-0.116531,5.78364,28.9741,0.15316,0
2,0,48.7244,15.3162,0,1,0
2,1,22.9641,6.40819,3.18124,0.652948,0
2,2,0.797267,6.07683,6.1522,0.528192,0
2,3,0.000224813,6.07342,6.26231,0.525897,0
753,0,139.383,5.44311,0,1,0
753,1,10.8119,5.79365,25.6073,0.497163,0
753,2,-0.205503,6.02288,26.5844,0.452538,0
753,3,-7.58031e-05,6.0182,26.5672,0.45337,0
7,0,42.0536,7.74434,0,1,0
7,1,-3.0792,8.99672,5.43024,0.945594,0
7,2,-0.0166289,8.89955,5.10782,0.951785,0
7,3,2.2611e-05,8.89902,5.10605,0.951818,0
903,0,8.81955,6.95894,0,1,0
903,1,0.00826704,6.95635,1.26737,0.995622,0
903,2,-2.19073e-05,6.95638,1.26855,0.995613,0
903,3,3.87787e-06,6.95638,1.26855,0.995613,0
626,0,98.3456,6.15848,0,1,0
626,1,-8.95714,8.69862,15.9691,0.613114,0
626,2,-0.127689,8.44864,15.3593,0.64005,0
626,3,-3.28632e-05,8.44488,15.3503,0.640433,0
51,0,49.6726,7.64222,0,1,0
51,1,3.01077,6.83326,6.49975,0.90667,0
51,2,0.00383944,6.81751,6.90174,0.894668,0
51,3,-1.43655e-05,6.81749,6.90225,0.894653,0
557,0,107.55,8.27069,0,1,0
557,1,9.81564,9.00151,13.0037,0.651308,0
557,2,-0.163016,9.30232,13.7388,0.628447,0
557,3,-5.50224e-05,9.2974,13.727,0.628846,0
