stmt_index,stem,label,g_old
60,The city of Tirunelveli is in,1,-53.2059
804,The city of Dandong is in,1,-51.763
464,The city of Taiz is in,1,-54.7956
450,The city of Bouake is in Côte,1,-56.4641
834,The city of Rajshahi is in,1,-54.4007
1320,The city of Ouagadougou is in Burkina,1,-52.8968
1030,The city of Sorocaba is in,1,-52.3815
830,The city of Dongying is in,1,-51.6959
1398,The city of Shangrao is in,1,-51.5285
142,The city of Qom is in,1,-51.5067
360,The city of Liuzhou is in,1,-50.5478
1254,The city of Chongqing is in,1,-49.6496
1468,The city of Xinyang is in,1,-49.7076
786,The city of Contagem is in,1,-52.1446
122,The city of Seongnam-si is in South,1,-65.8643
976,The city of Quzhou is in,1,-50.3706
930,The city of Qingdao is in,1,-50.7165
726,The city of Petaling Jaya is in,1,-54.9152
398,The city of Kemerovo is in,1,-53.0775
302,The city of Karol Bagh is in,1,-52.7858
262,The city of Bhayandar is in,1,-57.1508
110,The city of Belo Horizonte is in,1,-54.4065
1364,The city of San Pedro Sula is in,1,-56.2897
1452,The city of Maiduguri is in,1,-55.6977
736,The city of Bahcelievler is in,1,-54.1704
102,The city of Perm is in,1,-48.9811
914,The city of Nanded is in,1,-52.637
1156,The city of Kota Kinabalu is in,1,-53.1593
370,The city of E'zhou is in,1,-52.0229
1238,The city of Shubra al Khaymah is in,0,-54.8835
598,The city of Tianshui is in,1,-55.2585
838,The city of Dortmund is in,1,-51.7188
1202,The city of Thuan An is in,1,-50.0033
638,The city of Ar Raqqah is in,1,-51.735
1226,The city of Jambi City is in,1,-47.1665
1462,The city of Rostov-na-Donu is in,1,-49.5583
1190,The city of Barnaul is in,1,-53.1707
1342,The city of Ilorin is in,1,-56.3346
1406,The city of Huainan is in,1,-52.5661
182,The city of Porto Velho is in,1,-55.2209
868,The city of Ordos is in,1,-56.1041
196,The city of Naberezhnyye Chelny is in,1,-49.3437
0,The city of Krasnodar is in,1,-49.1848
556,The city of Culiacan is in,1,-56.7278
618,The city of Enugu is in,1,-55.4979
1210,The city of Abu Dhabi is in the United Arab,1,-57.6063
56,The city of Marrakesh is in,1,-53.0435
1088,The city of Curitiba is in,1,-51.4281
500,The city of Sao Jose dos Campos is in,1,-50.9905
166,The city of Zhenjiang is in,1,-48.1622
630,The city of Hubli is in,1,-53.7572
1304,The city of Lanzhou is in,1,-50.1464
192,The city of Suez is in,1,-58.8549
826,The city of Guang'an is in,0,-50.9934
230,The city of Yiwu is in,1,-53.1442
944,The city of Goyang-si is in South,1,-64.7801
1270,The city of Nagpur is in,1,-53.971
472,The city of Zhengzhou is in,1,-49.7574
702,The city of Sao Bernardo do Campo is in,1,-53.0116
690,The city of Jiamusi is in,1,-51.5994
308,The city of Xuchang is in,1,-51.3834
352,The city of Xuanzhou is in,1,-50.6338
1028,The city of Brazzaville is in the Republic of the,1,-68.5253
404,The city of Aguascalientes is in,0,-50.4872
1348,The city of Gujranwala is in,1,-52.7268
1292,The city of Xining is in,1,-52.5091
1084,The city of Bloemfontein is in South,1,-59.1036
1298,The city of Shangluo is in,1,-54.4305
1018,The city of Qinzhou is in,1,-52.6431
232,The city of Qiqihar is in,1,-50.5592
1186,The city of Fes is in,1,-51.8518
642,The city of Johannesburg is in South,1,-63.9546
304,The city of Orumiyeh is in,1,-49.1756
1010,The city of Soweto is in South,1,-62.8775
734,The city of Multan is in,1,-52.5599
918,The city of Dombivli is in,1,-53.7059
202,The city of Sevastopol is in,1,-56.9882
1306,The city of Chenzhou is in,1,-49.274
72,The city of Liaocheng is in,0,-51.0226
1188,The city of Surat is in,1,-54.3665
342,The city of Sarajevo is in Bosnia and,1,-43.0556
596,The city of Zibo is in,1,-51.815
812,The city of Jaboatao is in,1,-52.5422
964,The city of Lome is in,1,-56.8803
1022,The city of Hefei is in,1,-51.8528
562,The city of Ebute Ikorodu is in,1,-56.779
1388,The city of Karbala is in,1,-52.8065
796,The city of Zhangjiagang is in,1,-48.2443
890,The city of Sanya is in,1,-53.2398
154,The city of Ahvaz is in,1,-51.1208
668,The city of Kermanshah is in,1,-49.448
700,The city of Comilla is in,1,-53.3975
284,The city of Eskisehir is in,1,-51.7009
1322,The city of Duque de Caxias is in,1,-53.9439
840,The city of Detroit is in the United,1,-83.5394
1108,The city of Izhevsk is in,1,-52.3957
1154,The city of Victoria de Durango is in,1,-54.8024
96,The city of Boumerdes is in,0,-55.634
490,The city of Albuquerque is in the United,1,-79.7942
214,The city of Maturin is in,0,-60.7977
28,The city of Panshan is in,1,-51.4282
172,The city of Tianjin is in,1,-52.9592
12,The city of Abidjan is in Côte,0,-51.9944
1372,The city of Durban is in South,0,-61.7684
496,The city of Kisangani is in the Democratic Republic of the,1,-70.2371
578,The city of Kunming is in,1,-51.5279
1410,The city of Fuxin is in,1,-53.3828
346,The city of Joao Pessoa is in,1,-51.3684
240,The city of Ciudad Nezahualcoyotl is in,1,-56.6043
1356,The city of Suqian is in,1,-51.3893
816,The city of Londrina is in,1,-52.7836
120,The city of Busan is in South,1,-63.5927
1150,The city of Tabriz is in,1,-45.0619
386,The city of Kano is in,1,-54.1538
448,The city of Can Tho is in,1,-47.3209
1184,The city of Leon de los Aldama is in,1,-55.0208
552,The city of Cheonan is in South,1,-65.4159
656,The city of Shah Alam is in,1,-53.5475
1168,The city of Jamshedpur is in,1,-57.9266
1392,The city of Denpasar is in,1,-52.1487
1032,The city of Aktobe is in,1,-53.4192
460,The city of Qionghai is in,1,-52.9997
1162,The city of Rajkot is in,1,-54.7329
1140,The city of Zapopan is in,1,-51.9151
1428,The city of Ufa is in,1,-53.4257
972,The city of Kryvyy Rih is in,1,-52.6443
280,The city of Bogor is in,1,-47.4106
706,The city of Porto Alegre is in,1,-53.5103
248,The city of Subang Jaya is in,1,-56.2131
118,The city of Malacca is in,1,-50.0564
444,The city of Bandar Lampung is in,1,-49.1493
882,The city of Battagram is in,1,-55.8954
842,The city of Latakia is in,1,-51.4426
620,The city of Shizuoka is in,1,-46.2562
1272,The city of Kolhapur is in,1,-50.9675
358,The city of Luancheng is in,0,-49.3988
270,The city of Rizhao is in,1,-50.7957
434,The city of Siliguri is in,1,-54.5588
80,The city of Panzhihua is in,1,-52.327
128,The city of Incheon is in South,1,-64.1031
1024,The city of Handan is in,1,-53.9242
520,The city of Pimpri is in,1,-52.2518
892,The city of Foshan is in,1,-48.8177
800,The city of Jieyang is in,1,-47.0655
264,The city of Bareilly is in,1,-53.7403
542,The city of Tyumen is in,1,-49.7382
276,The city of Bilimora is in,1,-57.71
462,The city of Chuzhou is in,1,-52.3244
92,The city of Odesa is in,1,-52.471
474,The city of Ya'an is in,1,-49.9307
956,The city of Bhilai is in,1,-56.3415
928,The city of Urumqi is in,1,-56.6237
952,The city of Jaipur is in,1,-50.953
482,The city of Bengbu is in,1,-51.1283
1384,The city of Faridabad is in,1,-54.8115
318,The city of Jaboatao dos Guararapes is in,1,-49.0722
1044,The city of Jingmen is in,1,-50.9627
1312,The city of Daqing is in,1,-52.4323
