stmt_index,label,direction,eps,eps_frac,rel_err
110,1,jtw_mean_diff_tgt,2.3858,0.05,0.179619
110,1,jtw_mean_diff_tgt,3.87839,0.08128,0.265853
110,1,jtw_mean_diff_tgt,6.30477,0.1321,0.374635
110,1,jtw_mean_diff_tgt,10.2491,0.2148,0.495634
110,1,jtw_mean_diff_tgt,16.6611,0.3492,0.612461
110,1,jtw_mean_diff_tgt,27.0845,0.5676,0.713566
110,1,jtw_mean_diff_tgt,44.0289,0.9227,0.796966
110,1,jtw_mean_diff_tgt,71.574,1.5,0.86254
110,1,mean_diff_src,2.3858,0.05,0.0279338
110,1,mean_diff_src,3.87839,0.08128,0.0449937
110,1,mean_diff_src,6.30477,0.1321,0.0721939
110,1,mean_diff_src,10.2491,0.2148,0.115448
110,1,mean_diff_src,16.6611,0.3492,0.184422
110,1,mean_diff_src,27.0845,0.5676,0.294487
110,1,mean_diff_src,44.0289,0.9227,0.463988
110,1,mean_diff_src,71.574,1.5,0.692338
110,1,dct_v_top,2.3858,0.05,0.0755899
110,1,dct_v_top,3.87839,0.08128,0.125386
110,1,dct_v_top,6.30477,0.1321,0.208144
110,1,dct_v_top,10.2491,0.2148,0.336767
110,1,dct_v_top,16.6611,0.3492,0.50508
110,1,dct_v_top,27.0845,0.5676,0.775912
110,1,dct_v_top,44.0289,0.9227,0.91115
110,1,dct_v_top,71.574,1.5,0.936447
110,1,random,2.3858,0.05,0.0288503
110,1,random,3.87839,0.08128,0.047295
110,1,random,6.30477,0.1321,0.077934
110,1,random,10.2491,0.2148,0.129435
110,1,random,16.6611,0.3492,0.217237
110,1,random,27.0845,0.5676,0.367336
110,1,random,44.0289,0.9227,0.611134
110,1,random,71.574,1.5,0.950336
125,0,jtw_mean_diff_tgt,2.3858,0.05,0.317545
125,0,jtw_mean_diff_tgt,3.87839,0.08128,0.438168
125,0,jtw_mean_diff_tgt,6.30477,0.1321,0.565748
125,0,jtw_mean_diff_tgt,10.2491,0.2148,0.683583
125,0,jtw_mean_diff_tgt,16.6611,0.3492,0.780521
125,0,jtw_mean_diff_tgt,27.0845,0.5676,0.85367
125,0,jtw_mean_diff_tgt,44.0289,0.9227,0.905409
125,0,jtw_mean_diff_tgt,71.574,1.5,0.938229
125,0,mean_diff_src,2.3858,0.05,0.0516988
125,0,mean_diff_src,3.87839,0.08128,0.0834668
125,0,mean_diff_src,6.30477,0.1321,0.133746
125,0,mean_diff_src,10.2491,0.2148,0.210615
125,0,mean_diff_src,16.6611,0.3492,0.319643
125,0,mean_diff_src,27.0845,0.5676,0.457421
125,0,mean_diff_src,44.0289,0.9227,0.61839
125,0,mean_diff_src,71.574,1.5,0.786644
125,0,dct_v_top,2.3858,0.05,0.0938541
125,0,dct_v_top,3.87839,0.08128,0.153917
125,0,dct_v_top,6.30477,0.1321,0.248555
125,0,dct_v_top,10.2491,0.2148,0.3807
125,0,dct_v_top,16.6611,0.3492,0.536643
125,0,dct_v_top,27.0845,0.5676,0.770866
125,0,dct_v_top,44.0289,0.9227,0.938325
125,0,dct_v_top,71.574,1.5,0.933176
125,0,random,2.3858,0.05,0.0315097
125,0,random,3.87839,0.08128,0.0513116
125,0,random,6.30477,0.1321,0.083653
125,0,random,10.2491,0.2148,0.136513
125,0,random,16.6611,0.3492,0.222666
125,0,random,27.0845,0.5676,0.360601
125,0,random,44.0289,0.9227,0.572024
125,0,random,71.574,1.5,0.874294
127,0,jtw_mean_diff_tgt,2.3858,0.05,0.267962
127,0,jtw_mean_diff_tgt,3.87839,0.08128,0.385483
127,0,jtw_mean_diff_tgt,6.30477,0.1321,0.518641
127,0,jtw_mean_diff_tgt,10.2491,0.2148,0.648474
127,0,jtw_mean_diff_tgt,16.6611,0.3492,0.757666
127,0,jtw_mean_diff_tgt,27.0845,0.5676,0.838866
127,0,jtw_mean_diff_tgt,44.0289,0.9227,0.89695
127,0,jtw_mean_diff_tgt,71.574,1.5,0.937531
127,0,mean_diff_src,2.3858,0.05,0.0490355
127,0,mean_diff_src,3.87839,0.08128,0.0791005
127,0,mean_diff_src,6.30477,0.1321,0.126715
127,0,mean_diff_src,10.2491,0.2148,0.200055
127,0,mean_diff_src,16.6611,0.3492,0.306168
127,0,mean_diff_src,27.0845,0.5676,0.440343
127,0,mean_diff_src,44.0289,0.9227,0.582531
127,0,mean_diff_src,71.574,1.5,0.735962
127,0,dct_v_top,2.3858,0.05,0.0813178
127,0,dct_v_top,3.87839,0.08128,0.13448
127,0,dct_v_top,6.30477,0.1321,0.220825
127,0,dct_v_top,10.2491,0.2148,0.3497
127,0,dct_v_top,16.6611,0.3492,0.520706
127,0,dct_v_top,27.0845,0.5676,0.73652
127,0,dct_v_top,44.0289,0.9227,0.8733
127,0,dct_v_top,71.574,1.5,0.923257
127,0,random,2.3858,0.05,0.032125
127,0,random,3.87839,0.08128,0.0522706
127,0,random,6.30477,0.1321,0.0850067
127,0,random,10.2491,0.2148,0.137865
127,0,random,16.6611,0.3492,0.221398
127,0,random,27.0845,0.5676,0.345782
127,0,random,44.0289,0.9227,0.517485
127,0,random,71.574,1.5,0.788059
137,0,jtw_mean_diff_tgt,2.3858,0.05,0.347211
137,0,jtw_mean_diff_tgt,3.87839,0.08128,0.482683
137,0,jtw_mean_diff_tgt,6.30477,0.1321,0.621471
137,0,jtw_mean_diff_tgt,10.2491,0.2148,0.741753
137,0,jtw_mean_diff_tgt,16.6611,0.3492,0.833223
137,0,jtw_mean_diff_tgt,27.0845,0.5676,0.897768
137,0,jtw_mean_diff_tgt,44.0289,0.9227,0.940996
137,0,jtw_mean_diff_tgt,71.574,1.5,0.965375
137,0,mean_diff_src,2.3858,0.05,0.0721841
137,0,mean_diff_src,3.87839,0.08128,0.117224
137,0,mean_diff_src,6.30477,0.1321,0.189351
137,0,mean_diff_src,10.2491,0.2148,0.300584
137,0,mean_diff_src,16.6611,0.3492,0.454817
137,0,mean_diff_src,27.0845,0.5676,0.6184
137,0,mean_diff_src,44.0289,0.9227,0.726218
137,0,mean_diff_src,71.574,1.5,0.810079
137,0,dct_v_top,2.3858,0.05,0.101702
137,0,dct_v_top,3.87839,0.08128,0.161866
137,0,dct_v_top,6.30477,0.1321,0.251611
137,0,dct_v_top,10.2491,0.2148,0.377603
137,0,dct_v_top,16.6611,0.3492,0.561079
137,0,dct_v_top,27.0845,0.5676,0.824861
137,0,dct_v_top,44.0289,0.9227,0.896326
137,0,dct_v_top,71.574,1.5,0.921495
137,0,random,2.3858,0.05,0.0323245
137,0,random,3.87839,0.08128,0.0524001
137,0,random,6.30477,0.1321,0.0848064
137,0,random,10.2491,0.2148,0.13665
137,0,random,16.6611,0.3492,0.218048
137,0,random,27.0845,0.5676,0.339984
137,0,random,44.0289,0.9227,0.507935
137,0,random,71.574,1.5,0.753948
142,1,jtw_mean_diff_tgt,2.3858,0.05,0.137684
142,1,jtw_mean_diff_tgt,3.87839,0.08128,0.21153
142,1,jtw_mean_diff_tgt,6.30477,0.1321,0.312875
142,1,jtw_mean_diff_tgt,10.2491,0.2148,0.436789
142,1,jtw_mean_diff_tgt,16.6611,0.3492,0.566786
142,1,jtw_mean_diff_tgt,27.0845,0.5676,0.683958
142,1,jtw_mean_diff_tgt,44.0289,0.9227,0.778538
142,1,jtw_mean_diff_tgt,71.574,1.5,0.849558
142,1,mean_diff_src,2.3858,0.05,0.0345629
142,1,mean_diff_src,3.87839,0.08128,0.055288
142,1,mean_diff_src,6.30477,0.1321,0.0875256
142,1,mean_diff_src,10.2491,0.2148,0.136402
142,1,mean_diff_src,16.6611,0.3492,0.208185
142,1,mean_diff_src,27.0845,0.5676,0.31185
142,1,mean_diff_src,44.0289,0.9227,0.463547
142,1,mean_diff_src,71.574,1.5,0.668497
142,1,dct_v_top,2.3858,0.05,0.0755257
142,1,dct_v_top,3.87839,0.08128,0.123839
142,1,dct_v_top,6.30477,0.1321,0.203125
142,1,dct_v_top,10.2491,0.2148,0.331324
142,1,dct_v_top,16.6611,0.3492,0.528845
142,1,dct_v_top,27.0845,0.5676,0.827525
142,1,dct_v_top,44.0289,0.9227,0.981
142,1,dct_v_top,71.574,1.5,0.929578
142,1,random,2.3858,0.05,0.0282276
142,1,random,3.87839,0.08128,0.0461376
142,1,random,6.30477,0.1321,0.0756384
142,1,random,10.2491,0.2148,0.12465
142,1,random,16.6611,0.3492,0.206895
142,1,random,27.0845,0.5676,0.345765
142,1,random,44.0289,0.9227,0.575654
142,1,random,71.574,1.5,0.917356
188,1,jtw_mean_diff_tgt,2.3858,0.05,0.130702
188,1,jtw_mean_diff_tgt,3.87839,0.08128,0.2009
188,1,jtw_mean_diff_tgt,6.30477,0.1321,0.297359
188,1,jtw_mean_diff_tgt,10.2491,0.2148,0.415635
188,1,jtw_mean_diff_tgt,16.6611,0.3492,0.540262
188,1,jtw_mean_diff_tgt,27.0845,0.5676,0.653017
188,1,jtw_mean_diff_tgt,44.0289,0.9227,0.745484
188,1,jtw_mean_diff_tgt,71.574,1.5,0.820924
188,1,mean_diff_src,2.3858,0.05,0.0323328
188,1,mean_diff_src,3.87839,0.08128,0.0520518
188,1,mean_diff_src,6.30477,0.1321,0.0832906
188,1,mean_diff_src,10.2491,0.2148,0.132047
188,1,mean_diff_src,16.6611,0.3492,0.206415
188,1,mean_diff_src,27.0845,0.5676,0.316387
188,1,mean_diff_src,44.0289,0.9227,0.472601
188,1,mean_diff_src,71.574,1.5,0.676018
188,1,dct_v_top,2.3858,0.05,0.067946
188,1,dct_v_top,3.87839,0.08128,0.112204
188,1,dct_v_top,6.30477,0.1321,0.186414
188,1,dct_v_top,10.2491,0.2148,0.307903
188,1,dct_v_top,16.6611,0.3492,0.481677
188,1,dct_v_top,27.0845,0.5676,0.708897
188,1,dct_v_top,44.0289,0.9227,0.890305
188,1,dct_v_top,71.574,1.5,0.916867
188,1,random,2.3858,0.05,0.0286075
188,1,random,3.87839,0.08128,0.0466911
188,1,random,6.30477,0.1321,0.0763814
188,1,random,10.2491,0.2148,0.125503
188,1,random,16.6611,0.3492,0.207725
188,1,random,27.0845,0.5676,0.347503
188,1,random,44.0289,0.9227,0.585747
188,1,random,71.574,1.5,0.960499
189,0,jtw_mean_diff_tgt,2.3858,0.05,0.278753
189,0,jtw_mean_diff_tgt,3.87839,0.08128,0.404528
189,0,jtw_mean_diff_tgt,6.30477,0.1321,0.547249
189,0,jtw_mean_diff_tgt,10.2491,0.2148,0.684603
189,0,jtw_mean_diff_tgt,16.6611,0.3492,0.797575
189,0,jtw_mean_diff_tgt,27.0845,0.5676,0.880055
189,0,jtw_mean_diff_tgt,44.0289,0.9227,0.929284
189,0,jtw_mean_diff_tgt,71.574,1.5,0.955249
189,0,mean_diff_src,2.3858,0.05,0.0637764
189,0,mean_diff_src,3.87839,0.08128,0.107181
189,0,mean_diff_src,6.30477,0.1321,0.183985
189,0,mean_diff_src,10.2491,0.2148,0.325356
189,0,mean_diff_src,16.6611,0.3492,0.584529
189,0,mean_diff_src,27.0845,0.5676,0.948399
189,0,mean_diff_src,44.0289,0.9227,1.14175
189,0,mean_diff_src,71.574,1.5,1.10559
189,0,dct_v_top,2.3858,0.05,0.102672
189,0,dct_v_top,3.87839,0.08128,0.161314
189,0,dct_v_top,6.30477,0.1321,0.246412
189,0,dct_v_top,10.2491,0.2148,0.362507
189,0,dct_v_top,16.6611,0.3492,0.518263
189,0,dct_v_top,27.0845,0.5676,0.739143
189,0,dct_v_top,44.0289,0.9227,0.919559
189,0,dct_v_top,71.574,1.5,0.950741
189,0,random,2.3858,0.05,0.0364418
189,0,random,3.87839,0.08128,0.0592318
189,0,random,6.30477,0.1321,0.0962417
189,0,random,10.2491,0.2148,0.15647
189,0,random,16.6611,0.3492,0.254866
189,0,random,27.0845,0.5676,0.415066
189,0,random,44.0289,0.9227,0.65237
189,0,random,71.574,1.5,0.881139
236,1,jtw_mean_diff_tgt,2.3858,0.05,0.165375
236,1,jtw_mean_diff_tgt,3.87839,0.08128,0.247738
236,1,jtw_mean_diff_tgt,6.30477,0.1321,0.353988
236,1,jtw_mean_diff_tgt,10.2491,0.2148,0.474124
236,1,jtw_mean_diff_tgt,16.6611,0.3492,0.591396
236,1,jtw_mean_diff_tgt,27.0845,0.5676,0.695899
236,1,jtw_mean_diff_tgt,44.0289,0.9227,0.786019
236,1,jtw_mean_diff_tgt,71.574,1.5,0.856933
236,1,mean_diff_src,2.3858,0.05,0.0381265
236,1,mean_diff_src,3.87839,0.08128,0.0605135
236,1,mean_diff_src,6.30477,0.1321,0.0948078
236,1,mean_diff_src,10.2491,0.2148,0.145904
236,1,mean_diff_src,16.6611,0.3492,0.220334
236,1,mean_diff_src,27.0845,0.5676,0.328123
236,1,mean_diff_src,44.0289,0.9227,0.479421
236,1,mean_diff_src,71.574,1.5,0.670987
236,1,dct_v_top,2.3858,0.05,0.0823194
236,1,dct_v_top,3.87839,0.08128,0.136988
236,1,dct_v_top,6.30477,0.1321,0.229023
236,1,dct_v_top,10.2491,0.2148,0.377693
236,1,dct_v_top,16.6611,0.3492,0.590666
236,1,dct_v_top,27.0845,0.5676,0.941858
236,1,dct_v_top,44.0289,0.9227,0.945701
236,1,dct_v_top,71.574,1.5,0.976021
236,1,random,2.3858,0.05,0.0376465
236,1,random,3.87839,0.08128,0.0616083
236,1,random,6.30477,0.1321,0.101068
236,1,random,10.2491,0.2148,0.166378
236,1,random,16.6611,0.3492,0.27422
236,1,random,27.0845,0.5676,0.447202
236,1,random,44.0289,0.9227,0.698972
236,1,random,71.574,1.5,1.01564
269,0,jtw_mean_diff_tgt,2.3858,0.05,0.278851
269,0,jtw_mean_diff_tgt,3.87839,0.08128,0.397617
269,0,jtw_mean_diff_tgt,6.30477,0.1321,0.530486
269,0,jtw_mean_diff_tgt,10.2491,0.2148,0.659329
269,0,jtw_mean_diff_tgt,16.6611,0.3492,0.767644
269,0,jtw_mean_diff_tgt,27.0845,0.5676,0.847799
269,0,jtw_mean_diff_tgt,44.0289,0.9227,0.904645
269,0,jtw_mean_diff_tgt,71.574,1.5,0.94122
269,0,mean_diff_src,2.3858,0.05,0.049999
269,0,mean_diff_src,3.87839,0.08128,0.0802345
269,0,mean_diff_src,6.30477,0.1321,0.127462
269,0,mean_diff_src,10.2491,0.2148,0.198693
269,0,mean_diff_src,16.6611,0.3492,0.299145
269,0,mean_diff_src,27.0845,0.5676,0.424861
269,0,mean_diff_src,44.0289,0.9227,0.555824
269,0,mean_diff_src,71.574,1.5,0.692185
269,0,dct_v_top,2.3858,0.05,0.0861327
269,0,dct_v_top,3.87839,0.08128,0.139059
269,0,dct_v_top,6.30477,0.1321,0.220759
269,0,dct_v_top,10.2491,0.2148,0.339742
269,0,dct_v_top,16.6611,0.3492,0.515567
269,0,dct_v_top,27.0845,0.5676,0.792238
269,0,dct_v_top,44.0289,0.9227,0.886375
269,0,dct_v_top,71.574,1.5,0.935232
269,0,random,2.3858,0.05,0.031881
269,0,random,3.87839,0.08128,0.0518614
269,0,random,6.30477,0.1321,0.084381
269,0,random,10.2491,0.2148,0.137175
269,0,random,16.6611,0.3492,0.222133
269,0,random,27.0845,0.5676,0.355279
269,0,random,44.0289,0.9227,0.553234
269,0,random,71.574,1.5,0.829425
274,1,jtw_mean_diff_tgt,2.3858,0.05,0.129478
274,1,jtw_mean_diff_tgt,3.87839,0.08128,0.19705
274,1,jtw_mean_diff_tgt,6.30477,0.1321,0.288441
274,1,jtw_mean_diff_tgt,10.2491,0.2148,0.399703
274,1,jtw_mean_diff_tgt,16.6611,0.3492,0.519144
274,1,jtw_mean_diff_tgt,27.0845,0.5676,0.634391
274,1,jtw_mean_diff_tgt,44.0289,0.9227,0.737568
274,1,jtw_mean_diff_tgt,71.574,1.5,0.820941
274,1,mean_diff_src,2.3858,0.05,0.0314526
274,1,mean_diff_src,3.87839,0.08128,0.0513875
274,1,mean_diff_src,6.30477,0.1321,0.0842341
274,1,mean_diff_src,10.2491,0.2148,0.138453
274,1,mean_diff_src,16.6611,0.3492,0.226715
274,1,mean_diff_src,27.0845,0.5676,0.362294
274,1,mean_diff_src,44.0289,0.9227,0.547404
274,1,mean_diff_src,71.574,1.5,0.764483
274,1,dct_v_top,2.3858,0.05,0.0777963
274,1,dct_v_top,3.87839,0.08128,0.130585
274,1,dct_v_top,6.30477,0.1321,0.220446
274,1,dct_v_top,10.2491,0.2148,0.362346
274,1,dct_v_top,16.6611,0.3492,0.538715
274,1,dct_v_top,27.0845,0.5676,0.885036
274,1,dct_v_top,44.0289,0.9227,0.930817
274,1,dct_v_top,71.574,1.5,0.910048
274,1,random,2.3858,0.05,0.0314105
274,1,random,3.87839,0.08128,0.0515581
274,1,random,6.30477,0.1321,0.0850956
274,1,random,10.2491,0.2148,0.141497
274,1,random,16.6611,0.3492,0.237136
274,1,random,27.0845,0.5676,0.39677
274,1,random,44.0289,0.9227,0.636122
274,1,random,71.574,1.5,0.90076
293,0,jtw_mean_diff_tgt,2.3858,0.05,0.308772
293,0,jtw_mean_diff_tgt,3.87839,0.08128,0.438499
293,0,jtw_mean_diff_tgt,6.30477,0.1321,0.578579
293,0,jtw_mean_diff_tgt,10.2491,0.2148,0.705966
293,0,jtw_mean_diff_tgt,16.6611,0.3492,0.806555
293,0,jtw_mean_diff_tgt,27.0845,0.5676,0.878968
293,0,jtw_mean_diff_tgt,44.0289,0.9227,0.927437
293,0,jtw_mean_diff_tgt,71.574,1.5,0.956756
293,0,mean_diff_src,2.3858,0.05,0.0808071
293,0,mean_diff_src,3.87839,0.08128,0.131796
293,0,mean_diff_src,6.30477,0.1321,0.214172
293,0,mean_diff_src,10.2491,0.2148,0.342635
293,0,mean_diff_src,16.6611,0.3492,0.523124
293,0,mean_diff_src,27.0845,0.5676,0.718369
293,0,mean_diff_src,44.0289,0.9227,0.836521
293,0,mean_diff_src,71.574,1.5,0.884465
293,0,dct_v_top,2.3858,0.05,0.0961515
293,0,dct_v_top,3.87839,0.08128,0.152615
293,0,dct_v_top,6.30477,0.1321,0.236473
293,0,dct_v_top,10.2491,0.2148,0.35558
293,0,dct_v_top,16.6611,0.3492,0.523699
293,0,dct_v_top,27.0845,0.5676,0.764174
293,0,dct_v_top,44.0289,0.9227,0.918263
293,0,dct_v_top,71.574,1.5,0.952861
293,0,random,2.3858,0.05,0.0324929
293,0,random,3.87839,0.08128,0.052849
293,0,random,6.30477,0.1321,0.0859127
293,0,random,10.2491,0.2148,0.13954
293,0,random,16.6611,0.3492,0.225633
293,0,random,27.0845,0.5676,0.358077
293,0,random,44.0289,0.9227,0.535736
293,0,random,71.574,1.5,0.748823
330,1,jtw_mean_diff_tgt,2.3858,0.05,0.0757192
330,1,jtw_mean_diff_tgt,3.87839,0.08128,0.119619
330,1,jtw_mean_diff_tgt,6.30477,0.1321,0.184828
330,1,jtw_mean_diff_tgt,10.2491,0.2148,0.275415
330,1,jtw_mean_diff_tgt,16.6611,0.3492,0.389944
330,1,jtw_mean_diff_tgt,27.0845,0.5676,0.518208
330,1,jtw_mean_diff_tgt,44.0289,0.9227,0.640728
330,1,jtw_mean_diff_tgt,71.574,1.5,0.7449
330,1,mean_diff_src,2.3858,0.05,0.0308631
330,1,mean_diff_src,3.87839,0.08128,0.0499468
330,1,mean_diff_src,6.30477,0.1321,0.0807504
330,1,mean_diff_src,10.2491,0.2148,0.130519
330,1,mean_diff_src,16.6611,0.3492,0.21147
330,1,mean_diff_src,27.0845,0.5676,0.344246
330,1,mean_diff_src,44.0289,0.9227,0.553969
330,1,mean_diff_src,71.574,1.5,0.80266
330,1,dct_v_top,2.3858,0.05,0.0632465
330,1,dct_v_top,3.87839,0.08128,0.103279
330,1,dct_v_top,6.30477,0.1321,0.170087
330,1,dct_v_top,10.2491,0.2148,0.287858
330,1,dct_v_top,16.6611,0.3492,0.498339
330,1,dct_v_top,27.0845,0.5676,0.794014
330,1,dct_v_top,44.0289,0.9227,1.02874
330,1,dct_v_top,71.574,1.5,0.956841
330,1,random,2.3858,0.05,0.0267376
330,1,random,3.87839,0.08128,0.0435407
330,1,random,6.30477,0.1321,0.0709573
330,1,random,10.2491,0.2148,0.115769
330,1,random,16.6611,0.3492,0.189125
330,1,random,27.0845,0.5676,0.30889
330,1,random,44.0289,0.9227,0.500847
330,1,random,71.574,1.5,0.788332
339,0,jtw_mean_diff_tgt,2.3858,0.05,0.284444
339,0,jtw_mean_diff_tgt,3.87839,0.08128,0.405092
339,0,jtw_mean_diff_tgt,6.30477,0.1321,0.538681
339,0,jtw_mean_diff_tgt,10.2491,0.2148,0.665678
339,0,jtw_mean_diff_tgt,16.6611,0.3492,0.771895
339,0,jtw_mean_diff_tgt,27.0845,0.5676,0.853691
339,0,jtw_mean_diff_tgt,44.0289,0.9227,0.914177
339,0,jtw_mean_diff_tgt,71.574,1.5,0.952689
339,0,mean_diff_src,2.3858,0.05,0.0623404
339,0,mean_diff_src,3.87839,0.08128,0.101183
339,0,mean_diff_src,6.30477,0.1321,0.163348
339,0,mean_diff_src,10.2491,0.2148,0.26017
339,0,mean_diff_src,16.6611,0.3492,0.400533
339,0,mean_diff_src,27.0845,0.5676,0.571166
339,0,mean_diff_src,44.0289,0.9227,0.714338
339,0,mean_diff_src,71.574,1.5,0.810645
339,0,dct_v_top,2.3858,0.05,0.0854158
339,0,dct_v_top,3.87839,0.08128,0.134265
339,0,dct_v_top,6.30477,0.1321,0.209308
339,0,dct_v_top,10.2491,0.2148,0.332967
339,0,dct_v_top,16.6611,0.3492,0.508601
339,0,dct_v_top,27.0845,0.5676,0.722576
339,0,dct_v_top,44.0289,0.9227,0.899028
339,0,dct_v_top,71.574,1.5,0.919623
339,0,random,2.3858,0.05,0.0323901
339,0,random,3.87839,0.08128,0.0525235
339,0,random,6.30477,0.1321,0.0849588
339,0,random,10.2491,0.2148,0.136807
339,0,random,16.6611,0.3492,0.218717
339,0,random,27.0845,0.5676,0.346711
339,0,random,44.0289,0.9227,0.547271
339,0,random,71.574,1.5,0.833912
462,1,jtw_mean_diff_tgt,2.3858,0.05,0.144002
462,1,jtw_mean_diff_tgt,3.87839,0.08128,0.219398
462,1,jtw_mean_diff_tgt,6.30477,0.1321,0.320828
462,1,jtw_mean_diff_tgt,10.2491,0.2148,0.442754
462,1,jtw_mean_diff_tgt,16.6611,0.3492,0.571872
462,1,jtw_mean_diff_tgt,27.0845,0.5676,0.693579
462,1,jtw_mean_diff_tgt,44.0289,0.9227,0.791947
462,1,jtw_mean_diff_tgt,71.574,1.5,0.861507
462,1,mean_diff_src,2.3858,0.05,0.0448559
462,1,mean_diff_src,3.87839,0.08128,0.0717018
462,1,mean_diff_src,6.30477,0.1321,0.113177
462,1,mean_diff_src,10.2491,0.2148,0.17477
462,1,mean_diff_src,16.6611,0.3492,0.259833
462,1,mean_diff_src,27.0845,0.5676,0.367448
462,1,mean_diff_src,44.0289,0.9227,0.511855
462,1,mean_diff_src,71.574,1.5,0.723133
462,1,dct_v_top,2.3858,0.05,0.0843808
462,1,dct_v_top,3.87839,0.08128,0.140285
462,1,dct_v_top,6.30477,0.1321,0.23441
462,1,dct_v_top,10.2491,0.2148,0.385455
462,1,dct_v_top,16.6611,0.3492,0.579943
462,1,dct_v_top,27.0845,0.5676,0.816649
462,1,dct_v_top,44.0289,0.9227,0.875884
462,1,dct_v_top,71.574,1.5,0.914984
462,1,random,2.3858,0.05,0.0454631
462,1,random,3.87839,0.08128,0.0742777
462,1,random,6.30477,0.1321,0.121623
462,1,random,10.2491,0.2148,0.199481
462,1,random,16.6611,0.3492,0.326599
462,1,random,27.0845,0.5676,0.52725
462,1,random,44.0289,0.9227,0.808691
462,1,random,71.574,1.5,1.08572
468,1,jtw_mean_diff_tgt,2.3858,0.05,0.240294
468,1,jtw_mean_diff_tgt,3.87839,0.08128,0.339577
468,1,jtw_mean_diff_tgt,6.30477,0.1321,0.453061
468,1,jtw_mean_diff_tgt,10.2491,0.2148,0.568155
468,1,jtw_mean_diff_tgt,16.6611,0.3492,0.673914
468,1,jtw_mean_diff_tgt,27.0845,0.5676,0.765187
468,1,jtw_mean_diff_tgt,44.0289,0.9227,0.839442
468,1,jtw_mean_diff_tgt,71.574,1.5,0.893377
468,1,mean_diff_src,2.3858,0.05,0.0362526
468,1,mean_diff_src,3.87839,0.08128,0.0574298
468,1,mean_diff_src,6.30477,0.1321,0.0897754
468,1,mean_diff_src,10.2491,0.2148,0.138124
468,1,mean_diff_src,16.6611,0.3492,0.210521
468,1,mean_diff_src,27.0845,0.5676,0.322823
468,1,mean_diff_src,44.0289,0.9227,0.491073
468,1,mean_diff_src,71.574,1.5,0.700081
468,1,dct_v_top,2.3858,0.05,0.0926154
468,1,dct_v_top,3.87839,0.08128,0.153906
468,1,dct_v_top,6.30477,0.1321,0.256744
468,1,dct_v_top,10.2491,0.2148,0.422253
468,1,dct_v_top,16.6611,0.3492,0.659544
468,1,dct_v_top,27.0845,0.5676,1.02545
468,1,dct_v_top,44.0289,0.9227,0.997648
468,1,dct_v_top,71.574,1.5,0.959022
468,1,random,2.3858,0.05,0.0353619
468,1,random,3.87839,0.08128,0.0578816
468,1,random,6.30477,0.1321,0.0950641
468,1,random,10.2491,0.2148,0.156866
468,1,random,16.6611,0.3492,0.260054
468,1,random,27.0845,0.5676,0.430768
468,1,random,44.0289,0.9227,0.697815
468,1,random,71.574,1.5,1.04127
482,1,jtw_mean_diff_tgt,2.3858,0.05,0.14681
482,1,jtw_mean_diff_tgt,3.87839,0.08128,0.222546
482,1,jtw_mean_diff_tgt,6.30477,0.1321,0.323399
482,1,jtw_mean_diff_tgt,10.2491,0.2148,0.443377
482,1,jtw_mean_diff_tgt,16.6611,0.3492,0.568674
482,1,jtw_mean_diff_tgt,27.0845,0.5676,0.685851
482,1,jtw_mean_diff_tgt,44.0289,0.9227,0.78495
482,1,jtw_mean_diff_tgt,71.574,1.5,0.857271
482,1,mean_diff_src,2.3858,0.05,0.0399555
482,1,mean_diff_src,3.87839,0.08128,0.0638361
482,1,mean_diff_src,6.30477,0.1321,0.100814
482,1,mean_diff_src,10.2491,0.2148,0.15598
482,1,mean_diff_src,16.6611,0.3492,0.233164
482,1,mean_diff_src,27.0845,0.5676,0.331873
482,1,mean_diff_src,44.0289,0.9227,0.456943
482,1,mean_diff_src,71.574,1.5,0.634618
482,1,dct_v_top,2.3858,0.05,0.0855726
482,1,dct_v_top,3.87839,0.08128,0.142193
482,1,dct_v_top,6.30477,0.1321,0.236845
482,1,dct_v_top,10.2491,0.2148,0.385924
482,1,dct_v_top,16.6611,0.3492,0.570303
482,1,dct_v_top,27.0845,0.5676,0.762829
482,1,dct_v_top,44.0289,0.9227,0.859699
482,1,dct_v_top,71.574,1.5,0.890962
482,1,random,2.3858,0.05,0.0392726
482,1,random,3.87839,0.08128,0.0641971
482,1,random,6.30477,0.1321,0.10527
482,1,random,10.2491,0.2148,0.173147
482,1,random,16.6611,0.3492,0.285107
482,1,random,27.0845,0.5676,0.465425
482,1,random,44.0289,0.9227,0.728334
482,1,random,71.574,1.5,1.01358
534,1,jtw_mean_diff_tgt,2.3858,0.05,0.165849
534,1,jtw_mean_diff_tgt,3.87839,0.08128,0.248093
534,1,jtw_mean_diff_tgt,6.30477,0.1321,0.35437
534,1,jtw_mean_diff_tgt,10.2491,0.2148,0.475566
534,1,jtw_mean_diff_tgt,16.6611,0.3492,0.595283
534,1,jtw_mean_diff_tgt,27.0845,0.5676,0.70149
534,1,jtw_mean_diff_tgt,44.0289,0.9227,0.790612
534,1,jtw_mean_diff_tgt,71.574,1.5,0.860314
534,1,mean_diff_src,2.3858,0.05,0.0331737
534,1,mean_diff_src,3.87839,0.08128,0.0529707
534,1,mean_diff_src,6.30477,0.1321,0.0837099
534,1,mean_diff_src,10.2491,0.2148,0.130488
534,1,mean_diff_src,16.6611,0.3492,0.200742
534,1,mean_diff_src,27.0845,0.5676,0.307913
534,1,mean_diff_src,44.0289,0.9227,0.47146
534,1,mean_diff_src,71.574,1.5,0.693632
534,1,dct_v_top,2.3858,0.05,0.0823178
534,1,dct_v_top,3.87839,0.08128,0.13579
534,1,dct_v_top,6.30477,0.1321,0.223435
534,1,dct_v_top,10.2491,0.2148,0.360441
534,1,dct_v_top,16.6611,0.3492,0.587653
534,1,dct_v_top,27.0845,0.5676,1.04714
534,1,dct_v_top,44.0289,0.9227,0.908584
534,1,dct_v_top,71.574,1.5,0.934873
534,1,random,2.3858,0.05,0.0323642
534,1,random,3.87839,0.08128,0.0528893
534,1,random,6.30477,0.1321,0.086709
534,1,random,10.2491,0.2148,0.142735
534,1,random,16.6611,0.3492,0.235859
534,1,random,27.0845,0.5676,0.388922
534,1,random,44.0289,0.9227,0.624899
534,1,random,71.574,1.5,0.93088
547,0,jtw_mean_diff_tgt,2.3858,0.05,0.292699
547,0,jtw_mean_diff_tgt,3.87839,0.08128,0.42065
547,0,jtw_mean_diff_tgt,6.30477,0.1321,0.561937
547,0,jtw_mean_diff_tgt,10.2491,0.2148,0.694343
547,0,jtw_mean_diff_tgt,16.6611,0.3492,0.800197
547,0,jtw_mean_diff_tgt,27.0845,0.5676,0.874556
547,0,jtw_mean_diff_tgt,44.0289,0.9227,0.922868
547,0,jtw_mean_diff_tgt,71.574,1.5,0.953182
547,0,mean_diff_src,2.3858,0.05,0.0749563
547,0,mean_diff_src,3.87839,0.08128,0.124743
547,0,mean_diff_src,6.30477,0.1321,0.210088
547,0,mean_diff_src,10.2491,0.2148,0.357649
547,0,mean_diff_src,16.6611,0.3492,0.599155
547,0,mean_diff_src,27.0845,0.5676,0.892201
547,0,mean_diff_src,44.0289,0.9227,1.03127
547,0,mean_diff_src,71.574,1.5,0.992104
547,0,dct_v_top,2.3858,0.05,0.0872498
547,0,dct_v_top,3.87839,0.08128,0.140256
547,0,dct_v_top,6.30477,0.1321,0.222056
547,0,dct_v_top,10.2491,0.2148,0.34128
547,0,dct_v_top,16.6611,0.3492,0.50527
547,0,dct_v_top,27.0845,0.5676,0.734561
547,0,dct_v_top,44.0289,0.9227,0.949556
547,0,dct_v_top,71.574,1.5,0.978776
547,0,random,2.3858,0.05,0.036322
547,0,random,3.87839,0.08128,0.0590834
547,0,random,6.30477,0.1321,0.0960397
547,0,random,10.2491,0.2148,0.155951
547,0,random,16.6611,0.3492,0.252128
547,0,random,27.0845,0.5676,0.401444
547,0,random,44.0289,0.9227,0.610523
547,0,random,71.574,1.5,0.848363
578,1,jtw_mean_diff_tgt,2.3858,0.05,0.138382
578,1,jtw_mean_diff_tgt,3.87839,0.08128,0.210089
578,1,jtw_mean_diff_tgt,6.30477,0.1321,0.306193
578,1,jtw_mean_diff_tgt,10.2491,0.2148,0.42173
578,1,jtw_mean_diff_tgt,16.6611,0.3492,0.543562
578,1,jtw_mean_diff_tgt,27.0845,0.5676,0.658276
578,1,jtw_mean_diff_tgt,44.0289,0.9227,0.758561
578,1,jtw_mean_diff_tgt,71.574,1.5,0.839168
578,1,mean_diff_src,2.3858,0.05,0.0342469
578,1,mean_diff_src,3.87839,0.08128,0.0548341
578,1,mean_diff_src,6.30477,0.1321,0.0869272
578,1,mean_diff_src,10.2491,0.2148,0.135544
578,1,mean_diff_src,16.6611,0.3492,0.20588
578,1,mean_diff_src,27.0845,0.5676,0.302543
578,1,mean_diff_src,44.0289,0.9227,0.437192
578,1,mean_diff_src,71.574,1.5,0.631788
578,1,dct_v_top,2.3858,0.05,0.076328
578,1,dct_v_top,3.87839,0.08128,0.125295
578,1,dct_v_top,6.30477,0.1321,0.204797
578,1,dct_v_top,10.2491,0.2148,0.325989
578,1,dct_v_top,16.6611,0.3492,0.480442
578,1,dct_v_top,27.0845,0.5676,0.659968
578,1,dct_v_top,44.0289,0.9227,0.803248
578,1,dct_v_top,71.574,1.5,0.892795
578,1,random,2.3858,0.05,0.0384731
578,1,random,3.87839,0.08128,0.0628398
578,1,random,6.30477,0.1321,0.102944
578,1,random,10.2491,0.2148,0.169068
578,1,random,16.6611,0.3492,0.277706
578,1,random,27.0845,0.5676,0.45101
578,1,random,44.0289,0.9227,0.698029
578,1,random,71.574,1.5,0.968914
588,1,jtw_mean_diff_tgt,2.3858,0.05,0.0984974
588,1,jtw_mean_diff_tgt,3.87839,0.08128,0.152584
588,1,jtw_mean_diff_tgt,6.30477,0.1321,0.229299
588,1,jtw_mean_diff_tgt,10.2491,0.2148,0.329526
588,1,jtw_mean_diff_tgt,16.6611,0.3492,0.44774
588,1,jtw_mean_diff_tgt,27.0845,0.5676,0.574137
588,1,jtw_mean_diff_tgt,44.0289,0.9227,0.692921
588,1,jtw_mean_diff_tgt,71.574,1.5,0.783802
588,1,mean_diff_src,2.3858,0.05,0.0251497
588,1,mean_diff_src,3.87839,0.08128,0.0407717
588,1,mean_diff_src,6.30477,0.1321,0.0660926
588,1,mean_diff_src,10.2491,0.2148,0.107361
588,1,mean_diff_src,16.6611,0.3492,0.175214
588,1,mean_diff_src,27.0845,0.5676,0.286475
588,1,mean_diff_src,44.0289,0.9227,0.460028
588,1,mean_diff_src,71.574,1.5,0.69556
588,1,dct_v_top,2.3858,0.05,0.0686797
588,1,dct_v_top,3.87839,0.08128,0.115038
588,1,dct_v_top,6.30477,0.1321,0.195285
588,1,dct_v_top,10.2491,0.2148,0.332056
588,1,dct_v_top,16.6611,0.3492,0.528589
588,1,dct_v_top,27.0845,0.5676,0.755946
588,1,dct_v_top,44.0289,0.9227,0.990854
588,1,dct_v_top,71.574,1.5,0.983644
588,1,random,2.3858,0.05,0.0318032
588,1,random,3.87839,0.08128,0.0521883
588,1,random,6.30477,0.1321,0.0860253
588,1,random,10.2491,0.2148,0.142649
588,1,random,16.6611,0.3492,0.237699
588,1,random,27.0845,0.5676,0.394792
588,1,random,44.0289,0.9227,0.635214
588,1,random,71.574,1.5,0.931286
597,0,jtw_mean_diff_tgt,2.3858,0.05,0.241398
597,0,jtw_mean_diff_tgt,3.87839,0.08128,0.352997
597,0,jtw_mean_diff_tgt,6.30477,0.1321,0.484821
597,0,jtw_mean_diff_tgt,10.2491,0.2148,0.617997
597,0,jtw_mean_diff_tgt,16.6611,0.3492,0.733835
597,0,jtw_mean_diff_tgt,27.0845,0.5676,0.823409
597,0,jtw_mean_diff_tgt,44.0289,0.9227,0.889509
597,0,jtw_mean_diff_tgt,71.574,1.5,0.936432
597,0,mean_diff_src,2.3858,0.05,0.0485704
597,0,mean_diff_src,3.87839,0.08128,0.0788191
597,0,mean_diff_src,6.30477,0.1321,0.127407
597,0,mean_diff_src,10.2491,0.2148,0.203544
597,0,mean_diff_src,16.6611,0.3492,0.314799
597,0,mean_diff_src,27.0845,0.5676,0.452004
597,0,mean_diff_src,44.0289,0.9227,0.587832
597,0,mean_diff_src,71.574,1.5,0.733492
597,0,dct_v_top,2.3858,0.05,0.0805298
597,0,dct_v_top,3.87839,0.08128,0.132177
597,0,dct_v_top,6.30477,0.1321,0.216462
597,0,dct_v_top,10.2491,0.2148,0.350385
597,0,dct_v_top,16.6611,0.3492,0.559107
597,0,dct_v_top,27.0845,0.5676,0.791938
597,0,dct_v_top,44.0289,0.9227,0.884929
597,0,dct_v_top,71.574,1.5,0.932881
597,0,random,2.3858,0.05,0.0307427
597,0,random,3.87839,0.08128,0.0499933
597,0,random,6.30477,0.1321,0.0812162
597,0,random,10.2491,0.2148,0.131687
597,0,random,16.6611,0.3492,0.212197
597,0,random,27.0845,0.5676,0.336219
597,0,random,44.0289,0.9227,0.514962
597,0,random,71.574,1.5,0.766083
625,0,jtw_mean_diff_tgt,2.3858,0.05,0.196224
625,0,jtw_mean_diff_tgt,3.87839,0.08128,0.293829
625,0,jtw_mean_diff_tgt,6.30477,0.1321,0.416133
625,0,jtw_mean_diff_tgt,10.2491,0.2148,0.548487
625,0,jtw_mean_diff_tgt,16.6611,0.3492,0.671659
625,0,jtw_mean_diff_tgt,27.0845,0.5676,0.772766
625,0,jtw_mean_diff_tgt,44.0289,0.9227,0.847988
625,0,jtw_mean_diff_tgt,71.574,1.5,0.901204
625,0,mean_diff_src,2.3858,0.05,0.041774
625,0,mean_diff_src,3.87839,0.08128,0.0675381
625,0,mean_diff_src,6.30477,0.1321,0.108723
625,0,mean_diff_src,10.2491,0.2148,0.173526
625,0,mean_diff_src,16.6611,0.3492,0.271761
625,0,mean_diff_src,27.0845,0.5676,0.407579
625,0,mean_diff_src,44.0289,0.9227,0.562661
625,0,mean_diff_src,71.574,1.5,0.705765
625,0,dct_v_top,2.3858,0.05,0.0873865
625,0,dct_v_top,3.87839,0.08128,0.142085
625,0,dct_v_top,6.30477,0.1321,0.22799
625,0,dct_v_top,10.2491,0.2148,0.352914
625,0,dct_v_top,16.6611,0.3492,0.515115
625,0,dct_v_top,27.0845,0.5676,0.720469
625,0,dct_v_top,44.0289,0.9227,0.844467
625,0,dct_v_top,71.574,1.5,0.92731
625,0,random,2.3858,0.05,0.0385476
625,0,random,3.87839,0.08128,0.0627942
625,0,random,6.30477,0.1321,0.102428
625,0,random,10.2491,0.2148,0.1673
625,0,random,16.6611,0.3492,0.273242
625,0,random,27.0845,0.5676,0.442556
625,0,random,44.0289,0.9227,0.687994
625,0,random,71.574,1.5,0.963847
631,0,jtw_mean_diff_tgt,2.3858,0.05,0.198924
631,0,jtw_mean_diff_tgt,3.87839,0.08128,0.295152
631,0,jtw_mean_diff_tgt,6.30477,0.1321,0.415957
631,0,jtw_mean_diff_tgt,10.2491,0.2148,0.547902
631,0,jtw_mean_diff_tgt,16.6611,0.3492,0.67066
631,0,jtw_mean_diff_tgt,27.0845,0.5676,0.771407
631,0,jtw_mean_diff_tgt,44.0289,0.9227,0.85352
631,0,jtw_mean_diff_tgt,71.574,1.5,0.92285
631,0,mean_diff_src,2.3858,0.05,0.0333048
631,0,mean_diff_src,3.87839,0.08128,0.0530525
631,0,mean_diff_src,6.30477,0.1321,0.0834059
631,0,mean_diff_src,10.2491,0.2148,0.128485
631,0,mean_diff_src,16.6611,0.3492,0.193344
631,0,mean_diff_src,27.0845,0.5676,0.289954
631,0,mean_diff_src,44.0289,0.9227,0.445971
631,0,mean_diff_src,71.574,1.5,0.667296
631,0,dct_v_top,2.3858,0.05,0.0792419
631,0,dct_v_top,3.87839,0.08128,0.130041
631,0,dct_v_top,6.30477,0.1321,0.21179
631,0,dct_v_top,10.2491,0.2148,0.336679
631,0,dct_v_top,16.6611,0.3492,0.522595
631,0,dct_v_top,27.0845,0.5676,0.823702
631,0,dct_v_top,44.0289,0.9227,0.942497
631,0,dct_v_top,71.574,1.5,0.924623
631,0,random,2.3858,0.05,0.030076
631,0,random,3.87839,0.08128,0.0488592
631,0,random,6.30477,0.1321,0.0793049
631,0,random,10.2491,0.2148,0.128411
631,0,random,16.6611,0.3492,0.206508
631,0,random,27.0845,0.5676,0.326325
631,0,random,44.0289,0.9227,0.499987
631,0,random,71.574,1.5,0.763388
642,1,jtw_mean_diff_tgt,2.3858,0.05,0.139232
642,1,jtw_mean_diff_tgt,3.87839,0.08128,0.212926
642,1,jtw_mean_diff_tgt,6.30477,0.1321,0.313024
642,1,jtw_mean_diff_tgt,10.2491,0.2148,0.433866
642,1,jtw_mean_diff_tgt,16.6611,0.3492,0.559023
642,1,jtw_mean_diff_tgt,27.0845,0.5676,0.671355
642,1,jtw_mean_diff_tgt,44.0289,0.9227,0.76412
642,1,jtw_mean_diff_tgt,71.574,1.5,0.838296
642,1,mean_diff_src,2.3858,0.05,0.0368655
642,1,mean_diff_src,3.87839,0.08128,0.0591439
642,1,mean_diff_src,6.30477,0.1321,0.0941919
642,1,mean_diff_src,10.2491,0.2148,0.148376
642,1,mean_diff_src,16.6611,0.3492,0.230323
642,1,mean_diff_src,27.0845,0.5676,0.351379
642,1,mean_diff_src,44.0289,0.9227,0.52543
642,1,mean_diff_src,71.574,1.5,0.752181
642,1,dct_v_top,2.3858,0.05,0.0684457
642,1,dct_v_top,3.87839,0.08128,0.111945
642,1,dct_v_top,6.30477,0.1321,0.183343
642,1,dct_v_top,10.2491,0.2148,0.300117
642,1,dct_v_top,16.6611,0.3492,0.48116
642,1,dct_v_top,27.0845,0.5676,0.702777
642,1,dct_v_top,44.0289,0.9227,0.875413
642,1,dct_v_top,71.574,1.5,0.945997
642,1,random,2.3858,0.05,0.0338769
642,1,random,3.87839,0.08128,0.0553559
642,1,random,6.30477,0.1321,0.0907204
642,1,random,10.2491,0.2148,0.149316
642,1,random,16.6611,0.3492,0.246979
642,1,random,27.0845,0.5676,0.409283
642,1,random,44.0289,0.9227,0.670272
642,1,random,71.574,1.5,1.05229
646,1,jtw_mean_diff_tgt,2.3858,0.05,0.139635
646,1,jtw_mean_diff_tgt,3.87839,0.08128,0.214599
646,1,jtw_mean_diff_tgt,6.30477,0.1321,0.31688
646,1,jtw_mean_diff_tgt,10.2491,0.2148,0.440438
646,1,jtw_mean_diff_tgt,16.6611,0.3492,0.568993
646,1,jtw_mean_diff_tgt,27.0845,0.5676,0.686691
646,1,jtw_mean_diff_tgt,44.0289,0.9227,0.784516
646,1,jtw_mean_diff_tgt,71.574,1.5,0.858168
646,1,mean_diff_src,2.3858,0.05,0.0422293
646,1,mean_diff_src,3.87839,0.08128,0.0674959
646,1,mean_diff_src,6.30477,0.1321,0.1066
646,1,mean_diff_src,10.2491,0.2148,0.164806
646,1,mean_diff_src,16.6611,0.3492,0.245523
646,1,mean_diff_src,27.0845,0.5676,0.346026
646,1,mean_diff_src,44.0289,0.9227,0.468181
646,1,mean_diff_src,71.574,1.5,0.648918
646,1,dct_v_top,2.3858,0.05,0.0822383
646,1,dct_v_top,3.87839,0.08128,0.136943
646,1,dct_v_top,6.30477,0.1321,0.229398
646,1,dct_v_top,10.2491,0.2148,0.378949
646,1,dct_v_top,16.6611,0.3492,0.573975
646,1,dct_v_top,27.0845,0.5676,0.7712
646,1,dct_v_top,44.0289,0.9227,0.880694
646,1,dct_v_top,71.574,1.5,0.928335
646,1,random,2.3858,0.05,0.0369052
646,1,random,3.87839,0.08128,0.0603545
646,1,random,6.30477,0.1321,0.0990046
646,1,random,10.2491,0.2148,0.162963
646,1,random,16.6611,0.3492,0.268742
646,1,random,27.0845,0.5676,0.439983
646,1,random,44.0289,0.9227,0.692561
646,1,random,71.574,1.5,0.98703
661,0,jtw_mean_diff_tgt,2.3858,0.05,0.273788
661,0,jtw_mean_diff_tgt,3.87839,0.08128,0.393724
661,0,jtw_mean_diff_tgt,6.30477,0.1321,0.529875
661,0,jtw_mean_diff_tgt,10.2491,0.2148,0.66161
661,0,jtw_mean_diff_tgt,16.6611,0.3492,0.770638
661,0,jtw_mean_diff_tgt,27.0845,0.5676,0.851403
661,0,jtw_mean_diff_tgt,44.0289,0.9227,0.910441
661,0,jtw_mean_diff_tgt,71.574,1.5,0.963568
661,0,mean_diff_src,2.3858,0.05,0.0609142
661,0,mean_diff_src,3.87839,0.08128,0.0989541
661,0,mean_diff_src,6.30477,0.1321,0.160123
661,0,mean_diff_src,10.2491,0.2148,0.256026
661,0,mean_diff_src,16.6611,0.3492,0.397093
661,0,mean_diff_src,27.0845,0.5676,0.576855
661,0,mean_diff_src,44.0289,0.9227,0.745076
661,0,mean_diff_src,71.574,1.5,0.862058
661,0,dct_v_top,2.3858,0.05,0.10023
661,0,dct_v_top,3.87839,0.08128,0.162066
661,0,dct_v_top,6.30477,0.1321,0.255263
661,0,dct_v_top,10.2491,0.2148,0.377517
661,0,dct_v_top,16.6611,0.3492,0.522328
661,0,dct_v_top,27.0845,0.5676,0.733809
661,0,dct_v_top,44.0289,0.9227,0.870212
661,0,dct_v_top,71.574,1.5,0.925411
661,0,random,2.3858,0.05,0.0367547
661,0,random,3.87839,0.08128,0.0596187
661,0,random,6.30477,0.1321,0.0965138
661,0,random,10.2491,0.2148,0.155298
661,0,random,16.6611,0.3492,0.246416
661,0,random,27.0845,0.5676,0.379361
661,0,random,44.0289,0.9227,0.555485
661,0,random,71.574,1.5,0.779442
663,0,jtw_mean_diff_tgt,2.3858,0.05,0.314868
663,0,jtw_mean_diff_tgt,3.87839,0.08128,0.446052
663,0,jtw_mean_diff_tgt,6.30477,0.1321,0.58644
663,0,jtw_mean_diff_tgt,10.2491,0.2148,0.713788
663,0,jtw_mean_diff_tgt,16.6611,0.3492,0.812904
663,0,jtw_mean_diff_tgt,27.0845,0.5676,0.881908
663,0,jtw_mean_diff_tgt,44.0289,0.9227,0.927054
663,0,jtw_mean_diff_tgt,71.574,1.5,0.956278
663,0,mean_diff_src,2.3858,0.05,0.0742404
663,0,mean_diff_src,3.87839,0.08128,0.120487
663,0,mean_diff_src,6.30477,0.1321,0.194082
663,0,mean_diff_src,10.2491,0.2148,0.305917
663,0,mean_diff_src,16.6611,0.3492,0.458798
663,0,mean_diff_src,27.0845,0.5676,0.634439
663,0,mean_diff_src,44.0289,0.9227,0.783657
663,0,mean_diff_src,71.574,1.5,0.859711
663,0,dct_v_top,2.3858,0.05,0.109836
663,0,dct_v_top,3.87839,0.08128,0.173185
663,0,dct_v_top,6.30477,0.1321,0.26544
663,0,dct_v_top,10.2491,0.2148,0.387764
663,0,dct_v_top,16.6611,0.3492,0.538424
663,0,dct_v_top,27.0845,0.5676,0.735629
663,0,dct_v_top,44.0289,0.9227,0.892484
663,0,dct_v_top,71.574,1.5,0.942681
663,0,random,2.3858,0.05,0.0369181
663,0,random,3.87839,0.08128,0.0600571
663,0,random,6.30477,0.1321,0.0976636
663,0,random,10.2491,0.2148,0.158688
663,0,random,16.6611,0.3492,0.256564
663,0,random,27.0845,0.5676,0.406469
663,0,random,44.0289,0.9227,0.604976
663,0,random,71.574,1.5,0.82156
672,1,jtw_mean_diff_tgt,2.3858,0.05,0.106763
672,1,jtw_mean_diff_tgt,3.87839,0.08128,0.164121
672,1,jtw_mean_diff_tgt,6.30477,0.1321,0.244285
672,1,jtw_mean_diff_tgt,10.2491,0.2148,0.346886
672,1,jtw_mean_diff_tgt,16.6611,0.3492,0.463737
672,1,jtw_mean_diff_tgt,27.0845,0.5676,0.582137
672,1,jtw_mean_diff_tgt,44.0289,0.9227,0.691885
672,1,jtw_mean_diff_tgt,71.574,1.5,0.786376
672,1,mean_diff_src,2.3858,0.05,0.0284546
672,1,mean_diff_src,3.87839,0.08128,0.0458531
672,1,mean_diff_src,6.30477,0.1321,0.0736802
672,1,mean_diff_src,10.2491,0.2148,0.118272
672,1,mean_diff_src,16.6611,0.3492,0.190218
672,1,mean_diff_src,27.0845,0.5676,0.305202
672,1,mean_diff_src,44.0289,0.9227,0.477278
672,1,mean_diff_src,71.574,1.5,0.703713
672,1,dct_v_top,2.3858,0.05,0.0705892
672,1,dct_v_top,3.87839,0.08128,0.11702
672,1,dct_v_top,6.30477,0.1321,0.195608
672,1,dct_v_top,10.2491,0.2148,0.327722
672,1,dct_v_top,16.6611,0.3492,0.53018
672,1,dct_v_top,27.0845,0.5676,0.826825
672,1,dct_v_top,44.0289,0.9227,0.968322
672,1,dct_v_top,71.574,1.5,0.914225
672,1,random,2.3858,0.05,0.0306905
672,1,random,3.87839,0.08128,0.0501705
672,1,random,6.30477,0.1321,0.0822359
672,1,random,10.2491,0.2148,0.135387
672,1,random,16.6611,0.3492,0.223896
672,1,random,27.0845,0.5676,0.370367
672,1,random,44.0289,0.9227,0.600524
672,1,random,71.574,1.5,0.910849
673,0,jtw_mean_diff_tgt,2.3858,0.05,0.259085
673,0,jtw_mean_diff_tgt,3.87839,0.08128,0.375764
673,0,jtw_mean_diff_tgt,6.30477,0.1321,0.511119
673,0,jtw_mean_diff_tgt,10.2491,0.2148,0.644703
673,0,jtw_mean_diff_tgt,16.6611,0.3492,0.757517
673,0,jtw_mean_diff_tgt,27.0845,0.5676,0.842534
673,0,jtw_mean_diff_tgt,44.0289,0.9227,0.903651
673,0,jtw_mean_diff_tgt,71.574,1.5,0.94868
673,0,mean_diff_src,2.3858,0.05,0.0555636
673,0,mean_diff_src,3.87839,0.08128,0.0904213
673,0,mean_diff_src,6.30477,0.1321,0.146897
673,0,mean_diff_src,10.2491,0.2148,0.237194
673,0,mean_diff_src,16.6611,0.3492,0.37602
673,0,mean_diff_src,27.0845,0.5676,0.563342
673,0,mean_diff_src,44.0289,0.9227,0.726589
673,0,mean_diff_src,71.574,1.5,0.825626
673,0,dct_v_top,2.3858,0.05,0.0952777
673,0,dct_v_top,3.87839,0.08128,0.153846
673,0,dct_v_top,6.30477,0.1321,0.242291
673,0,dct_v_top,10.2491,0.2148,0.363477
673,0,dct_v_top,16.6611,0.3492,0.517229
673,0,dct_v_top,27.0845,0.5676,0.716553
673,0,dct_v_top,44.0289,0.9227,0.866989
673,0,dct_v_top,71.574,1.5,0.931476
673,0,random,2.3858,0.05,0.0331021
673,0,random,3.87839,0.08128,0.0538846
673,0,random,6.30477,0.1321,0.0877984
673,0,random,10.2491,0.2148,0.143055
673,0,random,16.6611,0.3492,0.232492
673,0,random,27.0845,0.5676,0.372933
673,0,random,44.0289,0.9227,0.571235
673,0,random,71.574,1.5,0.80209
678,1,jtw_mean_diff_tgt,2.3858,0.05,0.137016
678,1,jtw_mean_diff_tgt,3.87839,0.08128,0.208689
678,1,jtw_mean_diff_tgt,6.30477,0.1321,0.305396
678,1,jtw_mean_diff_tgt,10.2491,0.2148,0.422183
678,1,jtw_mean_diff_tgt,16.6611,0.3492,0.545379
678,1,jtw_mean_diff_tgt,27.0845,0.5676,0.660725
678,1,jtw_mean_diff_tgt,44.0289,0.9227,0.760429
678,1,jtw_mean_diff_tgt,71.574,1.5,0.840232
678,1,mean_diff_src,2.3858,0.05,0.0310264
678,1,mean_diff_src,3.87839,0.08128,0.0497293
678,1,mean_diff_src,6.30477,0.1321,0.0789953
678,1,mean_diff_src,10.2491,0.2148,0.123756
678,1,mean_diff_src,16.6611,0.3492,0.190038
678,1,mean_diff_src,27.0845,0.5676,0.285454
678,1,mean_diff_src,44.0289,0.9227,0.42614
678,1,mean_diff_src,71.574,1.5,0.636743
678,1,dct_v_top,2.3858,0.05,0.0725445
678,1,dct_v_top,3.87839,0.08128,0.120075
678,1,dct_v_top,6.30477,0.1321,0.199573
678,1,dct_v_top,10.2491,0.2148,0.32809
678,1,dct_v_top,16.6611,0.3492,0.502623
678,1,dct_v_top,27.0845,0.5676,0.683091
678,1,dct_v_top,44.0289,0.9227,0.83696
678,1,dct_v_top,71.574,1.5,0.903576
678,1,random,2.3858,0.05,0.0348133
678,1,random,3.87839,0.08128,0.0569512
678,1,random,6.30477,0.1321,0.0933493
678,1,random,10.2491,0.2148,0.153464
678,1,random,16.6611,0.3492,0.252522
678,1,random,27.0845,0.5676,0.411893
678,1,random,44.0289,0.9227,0.647647
678,1,random,71.574,1.5,0.940255
692,1,jtw_mean_diff_tgt,2.3858,0.05,0.120428
692,1,jtw_mean_diff_tgt,3.87839,0.08128,0.185617
692,1,jtw_mean_diff_tgt,6.30477,0.1321,0.275707
692,1,jtw_mean_diff_tgt,10.2491,0.2148,0.387094
692,1,jtw_mean_diff_tgt,16.6611,0.3492,0.5066
692,1,jtw_mean_diff_tgt,27.0845,0.5676,0.619436
692,1,jtw_mean_diff_tgt,44.0289,0.9227,0.716703
692,1,jtw_mean_diff_tgt,71.574,1.5,0.795293
692,1,mean_diff_src,2.3858,0.05,0.0311439
692,1,mean_diff_src,3.87839,0.08128,0.0502026
692,1,mean_diff_src,6.30477,0.1321,0.0805089
692,1,mean_diff_src,10.2491,0.2148,0.128207
692,1,mean_diff_src,16.6611,0.3492,0.202142
692,1,mean_diff_src,27.0845,0.5676,0.314481
692,1,mean_diff_src,44.0289,0.9227,0.48007
692,1,mean_diff_src,71.574,1.5,0.699697
692,1,dct_v_top,2.3858,0.05,0.0724119
692,1,dct_v_top,3.87839,0.08128,0.119082
692,1,dct_v_top,6.30477,0.1321,0.19587
692,1,dct_v_top,10.2491,0.2148,0.31704
692,1,dct_v_top,16.6611,0.3492,0.484218
692,1,dct_v_top,27.0845,0.5676,0.705847
692,1,dct_v_top,44.0289,0.9227,0.924434
692,1,dct_v_top,71.574,1.5,0.941412
692,1,random,2.3858,0.05,0.0320179
692,1,random,3.87839,0.08128,0.0525167
692,1,random,6.30477,0.1321,0.0866064
692,1,random,10.2491,0.2148,0.144077
692,1,random,16.6611,0.3492,0.242583
692,1,random,27.0845,0.5676,0.413419
692,1,random,44.0289,0.9227,0.70115
692,1,random,71.574,1.5,1.11199
737,0,jtw_mean_diff_tgt,2.3858,0.05,0.270986
737,0,jtw_mean_diff_tgt,3.87839,0.08128,0.388861
737,0,jtw_mean_diff_tgt,6.30477,0.1321,0.521537
737,0,jtw_mean_diff_tgt,10.2491,0.2148,0.650867
737,0,jtw_mean_diff_tgt,16.6611,0.3492,0.761438
737,0,jtw_mean_diff_tgt,27.0845,0.5676,0.84577
737,0,jtw_mean_diff_tgt,44.0289,0.9227,0.905778
737,0,jtw_mean_diff_tgt,71.574,1.5,0.944809
737,0,mean_diff_src,2.3858,0.05,0.0566624
737,0,mean_diff_src,3.87839,0.08128,0.0914722
737,0,mean_diff_src,6.30477,0.1321,0.146582
737,0,mean_diff_src,10.2491,0.2148,0.231147
737,0,mean_diff_src,16.6611,0.3492,0.351685
737,0,mean_diff_src,27.0845,0.5676,0.49864
737,0,mean_diff_src,44.0289,0.9227,0.648409
737,0,mean_diff_src,71.574,1.5,0.797463
737,0,dct_v_top,2.3858,0.05,0.093855
737,0,dct_v_top,3.87839,0.08128,0.145892
737,0,dct_v_top,6.30477,0.1321,0.222068
737,0,dct_v_top,10.2491,0.2148,0.339413
737,0,dct_v_top,16.6611,0.3492,0.511114
737,0,dct_v_top,27.0845,0.5676,0.801569
737,0,dct_v_top,44.0289,0.9227,0.929503
737,0,dct_v_top,71.574,1.5,0.928849
737,0,random,2.3858,0.05,0.0329463
737,0,random,3.87839,0.08128,0.0534436
737,0,random,6.30477,0.1321,0.0864941
737,0,random,10.2491,0.2148,0.139311
737,0,random,16.6611,0.3492,0.222314
737,0,random,27.0845,0.5676,0.35068
737,0,random,44.0289,0.9227,0.557874
737,0,random,71.574,1.5,0.891599
753,0,jtw_mean_diff_tgt,2.3858,0.05,0.153699
753,0,jtw_mean_diff_tgt,3.87839,0.08128,0.241613
753,0,jtw_mean_diff_tgt,6.30477,0.1321,0.369216
753,0,jtw_mean_diff_tgt,10.2491,0.2148,0.527331
753,0,jtw_mean_diff_tgt,16.6611,0.3492,0.674168
753,0,jtw_mean_diff_tgt,27.0845,0.5676,0.787452
753,0,jtw_mean_diff_tgt,44.0289,0.9227,0.875567
753,0,jtw_mean_diff_tgt,71.574,1.5,0.91678
753,0,mean_diff_src,2.3858,0.05,0.0495918
753,0,mean_diff_src,3.87839,0.08128,0.0807503
753,0,mean_diff_src,6.30477,0.1321,0.131539
753,0,mean_diff_src,10.2491,0.2148,0.214142
753,0,mean_diff_src,16.6611,0.3492,0.346535
753,0,mean_diff_src,27.0845,0.5676,0.543428
753,0,mean_diff_src,44.0289,0.9227,0.770094
753,0,mean_diff_src,71.574,1.5,0.937064
753,0,dct_v_top,2.3858,0.05,0.0884866
753,0,dct_v_top,3.87839,0.08128,0.139232
753,0,dct_v_top,6.30477,0.1321,0.217349
753,0,dct_v_top,10.2491,0.2148,0.347771
753,0,dct_v_top,16.6611,0.3492,0.545633
753,0,dct_v_top,27.0845,0.5676,0.81092
753,0,dct_v_top,44.0289,0.9227,0.92208
753,0,dct_v_top,71.574,1.5,0.9024
753,0,random,2.3858,0.05,0.0310762
753,0,random,3.87839,0.08128,0.0506114
753,0,random,6.30477,0.1321,0.0824592
753,0,random,10.2491,0.2148,0.134218
753,0,random,16.6611,0.3492,0.217143
753,0,random,27.0845,0.5676,0.343342
753,0,random,44.0289,0.9227,0.515156
753,0,random,71.574,1.5,0.776262
765,0,jtw_mean_diff_tgt,2.3858,0.05,0.163384
765,0,jtw_mean_diff_tgt,3.87839,0.08128,0.249179
765,0,jtw_mean_diff_tgt,6.30477,0.1321,0.362994
765,0,jtw_mean_diff_tgt,10.2491,0.2148,0.495127
765,0,jtw_mean_diff_tgt,16.6611,0.3492,0.626757
765,0,jtw_mean_diff_tgt,27.0845,0.5676,0.742028
765,0,jtw_mean_diff_tgt,44.0289,0.9227,0.844235
765,0,jtw_mean_diff_tgt,71.574,1.5,0.914497
765,0,mean_diff_src,2.3858,0.05,0.0354331
765,0,mean_diff_src,3.87839,0.08128,0.0574569
765,0,mean_diff_src,6.30477,0.1321,0.0930972
765,0,mean_diff_src,10.2491,0.2148,0.150674
765,0,mean_diff_src,16.6611,0.3492,0.243022
765,0,mean_diff_src,27.0845,0.5676,0.384972
765,0,mean_diff_src,44.0289,0.9227,0.576481
765,0,mean_diff_src,71.574,1.5,0.785559
765,0,dct_v_top,2.3858,0.05,0.0808964
765,0,dct_v_top,3.87839,0.08128,0.132948
765,0,dct_v_top,6.30477,0.1321,0.220671
765,0,dct_v_top,10.2491,0.2148,0.374187
765,0,dct_v_top,16.6611,0.3492,0.657844
765,0,dct_v_top,27.0845,0.5676,1.08407
765,0,dct_v_top,44.0289,0.9227,1.02452
765,0,dct_v_top,71.574,1.5,0.960239
765,0,random,2.3858,0.05,0.0275753
765,0,random,3.87839,0.08128,0.0447752
765,0,random,6.30477,0.1321,0.0726768
765,0,random,10.2491,0.2148,0.117859
765,0,random,16.6611,0.3492,0.190807
765,0,random,27.0845,0.5676,0.307724
765,0,random,44.0289,0.9227,0.491939
765,0,random,71.574,1.5,0.771653
813,0,jtw_mean_diff_tgt,2.3858,0.05,0.159719
813,0,jtw_mean_diff_tgt,3.87839,0.08128,0.243736
813,0,jtw_mean_diff_tgt,6.30477,0.1321,0.356016
813,0,jtw_mean_diff_tgt,10.2491,0.2148,0.487389
813,0,jtw_mean_diff_tgt,16.6611,0.3492,0.617026
813,0,jtw_mean_diff_tgt,27.0845,0.5676,0.726441
813,0,jtw_mean_diff_tgt,44.0289,0.9227,0.814927
813,0,jtw_mean_diff_tgt,71.574,1.5,0.891573
813,0,mean_diff_src,2.3858,0.05,0.0410971
813,0,mean_diff_src,3.87839,0.08128,0.066655
813,0,mean_diff_src,6.30477,0.1321,0.107903
813,0,mean_diff_src,10.2491,0.2148,0.174039
813,0,mean_diff_src,16.6611,0.3492,0.277965
813,0,mean_diff_src,27.0845,0.5676,0.429886
813,0,mean_diff_src,44.0289,0.9227,0.609795
813,0,mean_diff_src,71.574,1.5,0.769146
813,0,dct_v_top,2.3858,0.05,0.0855511
813,0,dct_v_top,3.87839,0.08128,0.142442
813,0,dct_v_top,6.30477,0.1321,0.238453
813,0,dct_v_top,10.2491,0.2148,0.394417
813,0,dct_v_top,16.6611,0.3492,0.637142
813,0,dct_v_top,27.0845,0.5676,1.0393
813,0,dct_v_top,44.0289,0.9227,1.08969
813,0,dct_v_top,71.574,1.5,0.972874
813,0,random,2.3858,0.05,0.0288424
813,0,random,3.87839,0.08128,0.0468297
813,0,random,6.30477,0.1321,0.075961
813,0,random,10.2491,0.2148,0.122977
813,0,random,16.6611,0.3492,0.198065
813,0,random,27.0845,0.5676,0.315204
813,0,random,44.0289,0.9227,0.492991
813,0,random,71.574,1.5,0.775166
826,1,jtw_mean_diff_tgt,2.3858,0.05,0.139447
826,1,jtw_mean_diff_tgt,3.87839,0.08128,0.216869
826,1,jtw_mean_diff_tgt,6.30477,0.1321,0.323953
826,1,jtw_mean_diff_tgt,10.2491,0.2148,0.453892
826,1,jtw_mean_diff_tgt,16.6611,0.3492,0.588731
826,1,jtw_mean_diff_tgt,27.0845,0.5676,0.71098
826,1,jtw_mean_diff_tgt,44.0289,0.9227,0.807481
826,1,jtw_mean_diff_tgt,71.574,1.5,0.874138
826,1,mean_diff_src,2.3858,0.05,0.0414673
826,1,mean_diff_src,3.87839,0.08128,0.066457
826,1,mean_diff_src,6.30477,0.1321,0.105496
826,1,mean_diff_src,10.2491,0.2148,0.164646
826,1,mean_diff_src,16.6611,0.3492,0.249631
826,1,mean_diff_src,27.0845,0.5676,0.36197
826,1,mean_diff_src,44.0289,0.9227,0.501266
826,1,mean_diff_src,71.574,1.5,0.681622
826,1,dct_v_top,2.3858,0.05,0.0765455
826,1,dct_v_top,3.87839,0.08128,0.12681
826,1,dct_v_top,6.30477,0.1321,0.210959
826,1,dct_v_top,10.2491,0.2148,0.347672
826,1,dct_v_top,16.6611,0.3492,0.54166
826,1,dct_v_top,27.0845,0.5676,0.784036
826,1,dct_v_top,44.0289,0.9227,0.884468
826,1,dct_v_top,71.574,1.5,0.917562
826,1,random,2.3858,0.05,0.0423092
826,1,random,3.87839,0.08128,0.0691552
826,1,random,6.30477,0.1321,0.113318
826,1,random,10.2491,0.2148,0.186159
826,1,random,16.6611,0.3492,0.305769
826,1,random,27.0845,0.5676,0.495797
826,1,random,44.0289,0.9227,0.759081
826,1,random,71.574,1.5,1.0176
928,1,jtw_mean_diff_tgt,2.3858,0.05,0.149896
928,1,jtw_mean_diff_tgt,3.87839,0.08128,0.226586
928,1,jtw_mean_diff_tgt,6.30477,0.1321,0.328017
928,1,jtw_mean_diff_tgt,10.2491,0.2148,0.447549
928,1,jtw_mean_diff_tgt,16.6611,0.3492,0.570311
928,1,jtw_mean_diff_tgt,27.0845,0.5676,0.682463
928,1,jtw_mean_diff_tgt,44.0289,0.9227,0.776256
928,1,jtw_mean_diff_tgt,71.574,1.5,0.848206
928,1,mean_diff_src,2.3858,0.05,0.0375809
928,1,mean_diff_src,3.87839,0.08128,0.0601685
928,1,mean_diff_src,6.30477,0.1321,0.0953807
928,1,mean_diff_src,10.2491,0.2148,0.148606
928,1,mean_diff_src,16.6611,0.3492,0.224959
928,1,mean_diff_src,27.0845,0.5676,0.32575
928,1,mean_diff_src,44.0289,0.9227,0.448905
928,1,mean_diff_src,71.574,1.5,0.605245
928,1,dct_v_top,2.3858,0.05,0.0747429
928,1,dct_v_top,3.87839,0.08128,0.122184
928,1,dct_v_top,6.30477,0.1321,0.19848
928,1,dct_v_top,10.2491,0.2148,0.314258
928,1,dct_v_top,16.6611,0.3492,0.466385
928,1,dct_v_top,27.0845,0.5676,0.640948
928,1,dct_v_top,44.0289,0.9227,0.80483
928,1,dct_v_top,71.574,1.5,0.901771
928,1,random,2.3858,0.05,0.0377627
928,1,random,3.87839,0.08128,0.0616218
928,1,random,6.30477,0.1321,0.10069
928,1,random,10.2491,0.2148,0.164797
928,1,random,16.6611,0.3492,0.269568
928,1,random,27.0845,0.5676,0.436694
928,1,random,44.0289,0.9227,0.682136
928,1,random,71.574,1.5,0.981906
941,0,jtw_mean_diff_tgt,2.3858,0.05,0.313279
941,0,jtw_mean_diff_tgt,3.87839,0.08128,0.445869
941,0,jtw_mean_diff_tgt,6.30477,0.1321,0.58782
941,0,jtw_mean_diff_tgt,10.2491,0.2148,0.714781
941,0,jtw_mean_diff_tgt,16.6611,0.3492,0.812018
941,0,jtw_mean_diff_tgt,27.0845,0.5676,0.879063
941,0,jtw_mean_diff_tgt,44.0289,0.9227,0.92403
941,0,jtw_mean_diff_tgt,71.574,1.5,0.954089
941,0,mean_diff_src,2.3858,0.05,0.0526014
941,0,mean_diff_src,3.87839,0.08128,0.0853572
941,0,mean_diff_src,6.30477,0.1321,0.138077
941,0,mean_diff_src,10.2491,0.2148,0.221197
941,0,mean_diff_src,16.6611,0.3492,0.345578
941,0,mean_diff_src,27.0845,0.5676,0.509614
941,0,mean_diff_src,44.0289,0.9227,0.671615
941,0,mean_diff_src,71.574,1.5,0.797167
941,0,dct_v_top,2.3858,0.05,0.0944287
941,0,dct_v_top,3.87839,0.08128,0.157847
941,0,dct_v_top,6.30477,0.1321,0.259222
941,0,dct_v_top,10.2491,0.2148,0.400991
941,0,dct_v_top,16.6611,0.3492,0.579726
941,0,dct_v_top,27.0845,0.5676,0.831009
941,0,dct_v_top,44.0289,0.9227,0.964862
941,0,dct_v_top,71.574,1.5,0.96865
941,0,random,2.3858,0.05,0.032133
941,0,random,3.87839,0.08128,0.0521372
941,0,random,6.30477,0.1321,0.084425
941,0,random,10.2491,0.2148,0.135705
941,0,random,16.6611,0.3492,0.213893
941,0,random,27.0845,0.5676,0.322626
941,0,random,44.0289,0.9227,0.471284
941,0,random,71.574,1.5,0.751635
955,0,jtw_mean_diff_tgt,2.3858,0.05,0.275043
955,0,jtw_mean_diff_tgt,3.87839,0.08128,0.395724
955,0,jtw_mean_diff_tgt,6.30477,0.1321,0.535318
955,0,jtw_mean_diff_tgt,10.2491,0.2148,0.672503
955,0,jtw_mean_diff_tgt,16.6611,0.3492,0.785285
955,0,jtw_mean_diff_tgt,27.0845,0.5676,0.863841
955,0,jtw_mean_diff_tgt,44.0289,0.9227,0.915562
955,0,jtw_mean_diff_tgt,71.574,1.5,0.949418
955,0,mean_diff_src,2.3858,0.05,0.064957
955,0,mean_diff_src,3.87839,0.08128,0.105375
955,0,mean_diff_src,6.30477,0.1321,0.170387
955,0,mean_diff_src,10.2491,0.2148,0.27317
955,0,mean_diff_src,16.6611,0.3492,0.428872
955,0,mean_diff_src,27.0845,0.5676,0.63548
955,0,mean_diff_src,44.0289,0.9227,0.813127
955,0,mean_diff_src,71.574,1.5,0.875042
955,0,dct_v_top,2.3858,0.05,0.089696
955,0,dct_v_top,3.87839,0.08128,0.143202
955,0,dct_v_top,6.30477,0.1321,0.225435
955,0,dct_v_top,10.2491,0.2148,0.346964
955,0,dct_v_top,16.6611,0.3492,0.519317
955,0,dct_v_top,27.0845,0.5676,0.72525
955,0,dct_v_top,44.0289,0.9227,0.875436
955,0,dct_v_top,71.574,1.5,0.93578
955,0,random,2.3858,0.05,0.0348663
955,0,random,3.87839,0.08128,0.0567659
955,0,random,6.30477,0.1321,0.0924821
955,0,random,10.2491,0.2148,0.150681
955,0,random,16.6611,0.3492,0.244753
955,0,random,27.0845,0.5676,0.392176
955,0,random,44.0289,0.9227,0.604356
955,0,random,71.574,1.5,0.866018
980,1,jtw_mean_diff_tgt,2.3858,0.05,0.141085
980,1,jtw_mean_diff_tgt,3.87839,0.08128,0.215344
980,1,jtw_mean_diff_tgt,6.30477,0.1321,0.31548
980,1,jtw_mean_diff_tgt,10.2491,0.2148,0.435857
980,1,jtw_mean_diff_tgt,16.6611,0.3492,0.562486
980,1,jtw_mean_diff_tgt,27.0845,0.5676,0.681457
980,1,jtw_mean_diff_tgt,44.0289,0.9227,0.782346
980,1,jtw_mean_diff_tgt,71.574,1.5,0.856013
980,1,mean_diff_src,2.3858,0.05,0.0426593
980,1,mean_diff_src,3.87839,0.08128,0.0683142
980,1,mean_diff_src,6.30477,0.1321,0.108302
980,1,mean_diff_src,10.2491,0.2148,0.168586
980,1,mean_diff_src,16.6611,0.3492,0.254495
980,1,mean_diff_src,27.0845,0.5676,0.36693
980,1,mean_diff_src,44.0289,0.9227,0.503902
980,1,mean_diff_src,71.574,1.5,0.671699
980,1,dct_v_top,2.3858,0.05,0.0783606
980,1,dct_v_top,3.87839,0.08128,0.129304
980,1,dct_v_top,6.30477,0.1321,0.214406
980,1,dct_v_top,10.2491,0.2148,0.354137
980,1,dct_v_top,16.6611,0.3492,0.557515
980,1,dct_v_top,27.0845,0.5676,0.800502
980,1,dct_v_top,44.0289,0.9227,0.892721
980,1,dct_v_top,71.574,1.5,0.906476
980,1,random,2.3858,0.05,0.0331385
980,1,random,3.87839,0.08128,0.054043
980,1,random,6.30477,0.1321,0.0883073
980,1,random,10.2491,0.2148,0.144499
980,1,random,16.6611,0.3492,0.236386
980,1,random,27.0845,0.5676,0.384127
980,1,random,44.0289,0.9227,0.608443
980,1,random,71.574,1.5,0.902496
998,1,jtw_mean_diff_tgt,2.3858,0.05,0.137841
998,1,jtw_mean_diff_tgt,3.87839,0.08128,0.210396
998,1,jtw_mean_diff_tgt,6.30477,0.1321,0.308447
998,1,jtw_mean_diff_tgt,10.2491,0.2148,0.426383
998,1,jtw_mean_diff_tgt,16.6611,0.3492,0.548396
998,1,jtw_mean_diff_tgt,27.0845,0.5676,0.657331
998,1,jtw_mean_diff_tgt,44.0289,0.9227,0.747734
998,1,jtw_mean_diff_tgt,71.574,1.5,0.823805
998,1,mean_diff_src,2.3858,0.05,0.0353971
998,1,mean_diff_src,3.87839,0.08128,0.0572163
998,1,mean_diff_src,6.30477,0.1321,0.0921151
998,1,mean_diff_src,10.2491,0.2148,0.147324
998,1,mean_diff_src,16.6611,0.3492,0.233107
998,1,mean_diff_src,27.0845,0.5676,0.362876
998,1,mean_diff_src,44.0289,0.9227,0.551341
998,1,mean_diff_src,71.574,1.5,0.793518
998,1,dct_v_top,2.3858,0.05,0.0755325
998,1,dct_v_top,3.87839,0.08128,0.12378
998,1,dct_v_top,6.30477,0.1321,0.203231
998,1,dct_v_top,10.2491,0.2148,0.331794
998,1,dct_v_top,16.6611,0.3492,0.525274
998,1,dct_v_top,27.0845,0.5676,0.814854
998,1,dct_v_top,44.0289,0.9227,0.977147
998,1,dct_v_top,71.574,1.5,0.953184
998,1,random,2.3858,0.05,0.0301665
998,1,random,3.87839,0.08128,0.0492483
998,1,random,6.30477,0.1321,0.0806165
998,1,random,10.2491,0.2148,0.132578
998,1,random,16.6611,0.3492,0.21975
998,1,random,27.0845,0.5676,0.368566
998,1,random,44.0289,0.9227,0.624985
998,1,random,71.574,1.5,1.0435
1009,0,jtw_mean_diff_tgt,2.3858,0.05,0.25586
1009,0,jtw_mean_diff_tgt,3.87839,0.08128,0.373523
1009,0,jtw_mean_diff_tgt,6.30477,0.1321,0.510882
1009,0,jtw_mean_diff_tgt,10.2491,0.2148,0.647201
1009,0,jtw_mean_diff_tgt,16.6611,0.3492,0.76217
1009,0,jtw_mean_diff_tgt,27.0845,0.5676,0.847024
1009,0,jtw_mean_diff_tgt,44.0289,0.9227,0.903786
1009,0,jtw_mean_diff_tgt,71.574,1.5,0.940884
1009,0,mean_diff_src,2.3858,0.05,0.0815152
1009,0,mean_diff_src,3.87839,0.08128,0.134235
1009,0,mean_diff_src,6.30477,0.1321,0.22198
1009,0,mean_diff_src,10.2491,0.2148,0.366623
1009,0,mean_diff_src,16.6611,0.3492,0.58849
1009,0,mean_diff_src,27.0845,0.5676,0.843261
1009,0,mean_diff_src,44.0289,0.9227,0.963851
1009,0,mean_diff_src,71.574,1.5,0.953705
1009,0,dct_v_top,2.3858,0.05,0.103242
1009,0,dct_v_top,3.87839,0.08128,0.165877
1009,0,dct_v_top,6.30477,0.1321,0.261163
1009,0,dct_v_top,10.2491,0.2148,0.395654
1009,0,dct_v_top,16.6611,0.3492,0.56823
1009,0,dct_v_top,27.0845,0.5676,0.782266
1009,0,dct_v_top,44.0289,0.9227,0.910311
1009,0,dct_v_top,71.574,1.5,0.939581
1009,0,random,2.3858,0.05,0.0526019
1009,0,random,3.87839,0.08128,0.0858806
1009,0,random,6.30477,0.1321,0.14036
1009,0,random,10.2491,0.2148,0.229305
1009,0,random,16.6611,0.3492,0.37179
1009,0,random,27.0845,0.5676,0.581194
1009,0,random,44.0289,0.9227,0.801904
1009,0,random,71.574,1.5,0.961994
1034,1,jtw_mean_diff_tgt,2.3858,0.05,0.32384
1034,1,jtw_mean_diff_tgt,3.87839,0.08128,0.439541
1034,1,jtw_mean_diff_tgt,6.30477,0.1321,0.55781
1034,1,jtw_mean_diff_tgt,10.2491,0.2148,0.662571
1034,1,jtw_mean_diff_tgt,16.6611,0.3492,0.747267
1034,1,jtw_mean_diff_tgt,27.0845,0.5676,0.814779
1034,1,jtw_mean_diff_tgt,44.0289,0.9227,0.869151
1034,1,jtw_mean_diff_tgt,71.574,1.5,0.910745
1034,1,mean_diff_src,2.3858,0.05,0.0472657
1034,1,mean_diff_src,3.87839,0.08128,0.0750941
1034,1,mean_diff_src,6.30477,0.1321,0.117487
1034,1,mean_diff_src,10.2491,0.2148,0.179192
1034,1,mean_diff_src,16.6611,0.3492,0.263081
1034,1,mean_diff_src,27.0845,0.5676,0.370093
1034,1,mean_diff_src,44.0289,0.9227,0.512833
1034,1,mean_diff_src,71.574,1.5,0.710159
1034,1,dct_v_top,2.3858,0.05,0.0838792
1034,1,dct_v_top,3.87839,0.08128,0.138046
1034,1,dct_v_top,6.30477,0.1321,0.228032
1034,1,dct_v_top,10.2491,0.2148,0.379966
1034,1,dct_v_top,16.6611,0.3492,0.655878
1034,1,dct_v_top,27.0845,0.5676,1.03973
1034,1,dct_v_top,44.0289,0.9227,1.04719
1034,1,dct_v_top,71.574,1.5,0.959207
1034,1,random,2.3858,0.05,0.0279475
1034,1,random,3.87839,0.08128,0.0456397
1034,1,random,6.30477,0.1321,0.0747767
1034,1,random,10.2491,0.2148,0.123215
1034,1,random,16.6611,0.3492,0.204909
1034,1,random,27.0845,0.5676,0.344449
1034,1,random,44.0289,0.9227,0.575569
1034,1,random,71.574,1.5,0.893717
1049,0,jtw_mean_diff_tgt,2.3858,0.05,0.213896
1049,0,jtw_mean_diff_tgt,3.87839,0.08128,0.314067
1049,0,jtw_mean_diff_tgt,6.30477,0.1321,0.43624
1049,0,jtw_mean_diff_tgt,10.2491,0.2148,0.565946
1049,0,jtw_mean_diff_tgt,16.6611,0.3492,0.684289
1049,0,jtw_mean_diff_tgt,27.0845,0.5676,0.779745
1049,0,jtw_mean_diff_tgt,44.0289,0.9227,0.852063
1049,0,jtw_mean_diff_tgt,71.574,1.5,0.904094
1049,0,mean_diff_src,2.3858,0.05,0.0428455
1049,0,mean_diff_src,3.87839,0.08128,0.0690877
1049,0,mean_diff_src,6.30477,0.1321,0.11062
1049,0,mean_diff_src,10.2491,0.2148,0.174423
1049,0,mean_diff_src,16.6611,0.3492,0.265887
1049,0,mean_diff_src,27.0845,0.5676,0.380237
1049,0,mean_diff_src,44.0289,0.9227,0.517002
1049,0,mean_diff_src,71.574,1.5,0.706079
1049,0,dct_v_top,2.3858,0.05,0.0889158
1049,0,dct_v_top,3.87839,0.08128,0.147417
1049,0,dct_v_top,6.30477,0.1321,0.243134
1049,0,dct_v_top,10.2491,0.2148,0.389351
1049,0,dct_v_top,16.6611,0.3492,0.588585
1049,0,dct_v_top,27.0845,0.5676,0.789683
1049,0,dct_v_top,44.0289,0.9227,0.87879
1049,0,dct_v_top,71.574,1.5,0.926921
1049,0,random,2.3858,0.05,0.0325306
1049,0,random,3.87839,0.08128,0.0529193
1049,0,random,6.30477,0.1321,0.0860661
1049,0,random,10.2491,0.2148,0.139784
1049,0,random,16.6611,0.3492,0.225904
1049,0,random,27.0845,0.5676,0.35927
1049,0,random,44.0289,0.9227,0.54858
1049,0,random,71.574,1.5,0.800218
1073,0,jtw_mean_diff_tgt,2.3858,0.05,0.229434
1073,0,jtw_mean_diff_tgt,3.87839,0.08128,0.333759
1073,0,jtw_mean_diff_tgt,6.30477,0.1321,0.458778
1073,0,jtw_mean_diff_tgt,10.2491,0.2148,0.588201
1073,0,jtw_mean_diff_tgt,16.6611,0.3492,0.702119
1073,0,jtw_mean_diff_tgt,27.0845,0.5676,0.791216
1073,0,jtw_mean_diff_tgt,44.0289,0.9227,0.85788
1073,0,jtw_mean_diff_tgt,71.574,1.5,0.905124
1073,0,mean_diff_src,2.3858,0.05,0.046225
1073,0,mean_diff_src,3.87839,0.08128,0.0754278
1073,0,mean_diff_src,6.30477,0.1321,0.123027
1073,0,mean_diff_src,10.2491,0.2148,0.199427
1073,0,mean_diff_src,16.6611,0.3492,0.315453
1073,0,mean_diff_src,27.0845,0.5676,0.464578
1073,0,mean_diff_src,44.0289,0.9227,0.596912
1073,0,mean_diff_src,71.574,1.5,0.705892
1073,0,dct_v_top,2.3858,0.05,0.0829093
1073,0,dct_v_top,3.87839,0.08128,0.135613
1073,0,dct_v_top,6.30477,0.1321,0.221103
1073,0,dct_v_top,10.2491,0.2148,0.355867
1073,0,dct_v_top,16.6611,0.3492,0.563313
1073,0,dct_v_top,27.0845,0.5676,0.877889
1073,0,dct_v_top,44.0289,0.9227,0.98013
1073,0,dct_v_top,71.574,1.5,0.933863
1073,0,random,2.3858,0.05,0.0291291
1073,0,random,3.87839,0.08128,0.047433
1073,0,random,6.30477,0.1321,0.0773319
1073,0,random,10.2491,0.2148,0.126434
1073,0,random,16.6611,0.3492,0.207786
1073,0,random,27.0845,0.5676,0.343695
1073,0,random,44.0289,0.9227,0.56116
1073,0,random,71.574,1.5,0.846874
1111,0,jtw_mean_diff_tgt,2.3858,0.05,0.258368
1111,0,jtw_mean_diff_tgt,3.87839,0.08128,0.373423
1111,0,jtw_mean_diff_tgt,6.30477,0.1321,0.505772
1111,0,jtw_mean_diff_tgt,10.2491,0.2148,0.636831
1111,0,jtw_mean_diff_tgt,16.6611,0.3492,0.748562
1111,0,jtw_mean_diff_tgt,27.0845,0.5676,0.83269
1111,0,jtw_mean_diff_tgt,44.0289,0.9227,0.892462
1111,0,jtw_mean_diff_tgt,71.574,1.5,0.932016
1111,0,mean_diff_src,2.3858,0.05,0.0624314
1111,0,mean_diff_src,3.87839,0.08128,0.100416
1111,0,mean_diff_src,6.30477,0.1321,0.160032
1111,0,mean_diff_src,10.2491,0.2148,0.250255
1111,0,mean_diff_src,16.6611,0.3492,0.376173
1111,0,mean_diff_src,27.0845,0.5676,0.524496
1111,0,mean_diff_src,44.0289,0.9227,0.660815
1111,0,mean_diff_src,71.574,1.5,0.791075
1111,0,dct_v_top,2.3858,0.05,0.0840251
1111,0,dct_v_top,3.87839,0.08128,0.136473
1111,0,dct_v_top,6.30477,0.1321,0.219513
1111,0,dct_v_top,10.2491,0.2148,0.344458
1111,0,dct_v_top,16.6611,0.3492,0.519877
1111,0,dct_v_top,27.0845,0.5676,0.721875
1111,0,dct_v_top,44.0289,0.9227,0.839797
1111,0,dct_v_top,71.574,1.5,0.934557
1111,0,random,2.3858,0.05,0.0332297
1111,0,random,3.87839,0.08128,0.0540768
1111,0,random,6.30477,0.1321,0.0880333
1111,0,random,10.2491,0.2148,0.143346
1111,0,random,16.6611,0.3492,0.232847
1111,0,random,27.0845,0.5676,0.373376
1111,0,random,44.0289,0.9227,0.572905
1111,0,random,71.574,1.5,0.837176
1138,1,jtw_mean_diff_tgt,2.3858,0.05,0.101526
1138,1,jtw_mean_diff_tgt,3.87839,0.08128,0.158663
1138,1,jtw_mean_diff_tgt,6.30477,0.1321,0.240472
1138,1,jtw_mean_diff_tgt,10.2491,0.2148,0.346889
1138,1,jtw_mean_diff_tgt,16.6611,0.3492,0.468445
1138,1,jtw_mean_diff_tgt,27.0845,0.5676,0.589707
1138,1,jtw_mean_diff_tgt,44.0289,0.9227,0.698035
1138,1,jtw_mean_diff_tgt,71.574,1.5,0.792446
1138,1,mean_diff_src,2.3858,0.05,0.0348439
1138,1,mean_diff_src,3.87839,0.08128,0.0562222
1138,1,mean_diff_src,6.30477,0.1321,0.0902901
1138,1,mean_diff_src,10.2491,0.2148,0.143937
1138,1,mean_diff_src,16.6611,0.3492,0.226897
1138,1,mean_diff_src,27.0845,0.5676,0.352181
1138,1,mean_diff_src,44.0289,0.9227,0.536231
1138,1,mean_diff_src,71.574,1.5,0.782562
1138,1,dct_v_top,2.3858,0.05,0.0656049
1138,1,dct_v_top,3.87839,0.08128,0.107075
1138,1,dct_v_top,6.30477,0.1321,0.175634
1138,1,dct_v_top,10.2491,0.2148,0.292464
1138,1,dct_v_top,16.6611,0.3492,0.492437
1138,1,dct_v_top,27.0845,0.5676,0.802163
1138,1,dct_v_top,44.0289,0.9227,1.03414
1138,1,dct_v_top,71.574,1.5,0.98691
1138,1,random,2.3858,0.05,0.029421
1138,1,random,3.87839,0.08128,0.0481648
1138,1,random,6.30477,0.1321,0.0792014
1138,1,random,10.2491,0.2148,0.131238
1138,1,random,16.6611,0.3492,0.220084
1138,1,random,27.0845,0.5676,0.374894
1138,1,random,44.0289,0.9227,0.64272
1138,1,random,71.574,1.5,1.05222
1151,0,jtw_mean_diff_tgt,2.3858,0.05,0.255529
1151,0,jtw_mean_diff_tgt,3.87839,0.08128,0.376486
1151,0,jtw_mean_diff_tgt,6.30477,0.1321,0.518914
1151,0,jtw_mean_diff_tgt,10.2491,0.2148,0.658248
1151,0,jtw_mean_diff_tgt,16.6611,0.3492,0.771933
1151,0,jtw_mean_diff_tgt,27.0845,0.5676,0.853495
1151,0,jtw_mean_diff_tgt,44.0289,0.9227,0.909887
1151,0,jtw_mean_diff_tgt,71.574,1.5,0.946591
1151,0,mean_diff_src,2.3858,0.05,0.0588682
1151,0,mean_diff_src,3.87839,0.08128,0.0951301
1151,0,mean_diff_src,6.30477,0.1321,0.152695
1151,0,mean_diff_src,10.2491,0.2148,0.241372
1151,0,mean_diff_src,16.6611,0.3492,0.369071
1151,0,mean_diff_src,27.0845,0.5676,0.529609
1151,0,mean_diff_src,44.0289,0.9227,0.682275
1151,0,mean_diff_src,71.574,1.5,0.79084
1151,0,dct_v_top,2.3858,0.05,0.0843529
1151,0,dct_v_top,3.87839,0.08128,0.13788
1151,0,dct_v_top,6.30477,0.1321,0.221561
1151,0,dct_v_top,10.2491,0.2148,0.345174
1151,0,dct_v_top,16.6611,0.3492,0.533987
1151,0,dct_v_top,27.0845,0.5676,0.776973
1151,0,dct_v_top,44.0289,0.9227,0.873014
1151,0,dct_v_top,71.574,1.5,0.929636
1151,0,random,2.3858,0.05,0.0344406
1151,0,random,3.87839,0.08128,0.0562476
1151,0,random,6.30477,0.1321,0.0920119
1151,0,random,10.2491,0.2148,0.1505
1151,0,random,16.6611,0.3492,0.243792
1151,0,random,27.0845,0.5676,0.377103
1151,0,random,44.0289,0.9227,0.511367
1151,0,random,71.574,1.5,0.66968
1152,1,jtw_mean_diff_tgt,2.3858,0.05,0.153253
1152,1,jtw_mean_diff_tgt,3.87839,0.08128,0.23326
1152,1,jtw_mean_diff_tgt,6.30477,0.1321,0.340199
1152,1,jtw_mean_diff_tgt,10.2491,0.2148,0.466537
1152,1,jtw_mean_diff_tgt,16.6611,0.3492,0.594931
1152,1,jtw_mean_diff_tgt,27.0845,0.5676,0.709252
1152,1,jtw_mean_diff_tgt,44.0289,0.9227,0.803829
1152,1,jtw_mean_diff_tgt,71.574,1.5,0.879973
1152,1,mean_diff_src,2.3858,0.05,0.0370359
1152,1,mean_diff_src,3.87839,0.08128,0.0597667
1152,1,mean_diff_src,6.30477,0.1321,0.0959699
1152,1,mean_diff_src,10.2491,0.2148,0.152764
1152,1,mean_diff_src,16.6611,0.3492,0.239278
1152,1,mean_diff_src,27.0845,0.5676,0.3632
1152,1,mean_diff_src,44.0289,0.9227,0.523328
1152,1,mean_diff_src,71.574,1.5,0.722894
1152,1,dct_v_top,2.3858,0.05,0.071712
1152,1,dct_v_top,3.87839,0.08128,0.117268
1152,1,dct_v_top,6.30477,0.1321,0.192725
1152,1,dct_v_top,10.2491,0.2148,0.321244
1152,1,dct_v_top,16.6611,0.3492,0.533726
1152,1,dct_v_top,27.0845,0.5676,0.8044
1152,1,dct_v_top,44.0289,0.9227,0.961288
1152,1,dct_v_top,71.574,1.5,0.956168
1152,1,random,2.3858,0.05,0.0300901
1152,1,random,3.87839,0.08128,0.0492411
1152,1,random,6.30477,0.1321,0.0808028
1152,1,random,10.2491,0.2148,0.133209
1152,1,random,16.6611,0.3492,0.220513
1152,1,random,27.0845,0.5676,0.3643
1152,1,random,44.0289,0.9227,0.590012
1152,1,random,71.574,1.5,0.916739
1159,0,jtw_mean_diff_tgt,2.3858,0.05,0.275012
1159,0,jtw_mean_diff_tgt,3.87839,0.08128,0.399668
1159,0,jtw_mean_diff_tgt,6.30477,0.1321,0.542548
1159,0,jtw_mean_diff_tgt,10.2491,0.2148,0.680398
1159,0,jtw_mean_diff_tgt,16.6611,0.3492,0.79199
1159,0,jtw_mean_diff_tgt,27.0845,0.5676,0.869888
1159,0,jtw_mean_diff_tgt,44.0289,0.9227,0.919809
1159,0,jtw_mean_diff_tgt,71.574,1.5,0.950773
1159,0,mean_diff_src,2.3858,0.05,0.0527344
1159,0,mean_diff_src,3.87839,0.08128,0.0867621
1159,0,mean_diff_src,6.30477,0.1321,0.143519
1159,0,mean_diff_src,10.2491,0.2148,0.238328
1159,0,mean_diff_src,16.6611,0.3492,0.391661
1159,0,mean_diff_src,27.0845,0.5676,0.601297
1159,0,mean_diff_src,44.0289,0.9227,0.774522
1159,0,mean_diff_src,71.574,1.5,0.854409
1159,0,dct_v_top,2.3858,0.05,0.0724769
1159,0,dct_v_top,3.87839,0.08128,0.115627
1159,0,dct_v_top,6.30477,0.1321,0.182858
1159,0,dct_v_top,10.2491,0.2148,0.286859
1159,0,dct_v_top,16.6611,0.3492,0.44254
1159,0,dct_v_top,27.0845,0.5676,0.658597
1159,0,dct_v_top,44.0289,0.9227,0.841424
1159,0,dct_v_top,71.574,1.5,0.944185
1159,0,random,2.3858,0.05,0.0353936
1159,0,random,3.87839,0.08128,0.0573735
1159,0,random,6.30477,0.1321,0.092864
1159,0,random,10.2491,0.2148,0.149816
1159,0,random,16.6611,0.3492,0.240376
1159,0,random,27.0845,0.5676,0.381768
1159,0,random,44.0289,0.9227,0.588925
1159,0,random,71.574,1.5,0.826632
1198,1,jtw_mean_diff_tgt,2.3858,0.05,0.123632
1198,1,jtw_mean_diff_tgt,3.87839,0.08128,0.191222
1198,1,jtw_mean_diff_tgt,6.30477,0.1321,0.285456
1198,1,jtw_mean_diff_tgt,10.2491,0.2148,0.403954
1198,1,jtw_mean_diff_tgt,16.6611,0.3492,0.534594
1198,1,jtw_mean_diff_tgt,27.0845,0.5676,0.661116
1198,1,jtw_mean_diff_tgt,44.0289,0.9227,0.768961
1198,1,jtw_mean_diff_tgt,71.574,1.5,0.847318
1198,1,mean_diff_src,2.3858,0.05,0.0349926
1198,1,mean_diff_src,3.87839,0.08128,0.0562745
1198,1,mean_diff_src,6.30477,0.1321,0.0898801
1198,1,mean_diff_src,10.2491,0.2148,0.141872
1198,1,mean_diff_src,16.6611,0.3492,0.219529
1198,1,mean_diff_src,27.0845,0.5676,0.328489
1198,1,mean_diff_src,44.0289,0.9227,0.46646
1198,1,mean_diff_src,71.574,1.5,0.623261
1198,1,dct_v_top,2.3858,0.05,0.074954
1198,1,dct_v_top,3.87839,0.08128,0.122585
1198,1,dct_v_top,6.30477,0.1321,0.199175
1198,1,dct_v_top,10.2491,0.2148,0.315066
1198,1,dct_v_top,16.6611,0.3492,0.469772
1198,1,dct_v_top,27.0845,0.5676,0.687873
1198,1,dct_v_top,44.0289,0.9227,0.900322
1198,1,dct_v_top,71.574,1.5,0.904676
1198,1,random,2.3858,0.05,0.0257687
1198,1,random,3.87839,0.08128,0.0422442
1198,1,random,6.30477,0.1321,0.0696084
1198,1,random,10.2491,0.2148,0.115623
1198,1,random,16.6611,0.3492,0.194186
1198,1,random,27.0845,0.5676,0.329479
1198,1,random,44.0289,0.9227,0.555842
1198,1,random,71.574,1.5,0.887817
1225,0,jtw_mean_diff_tgt,2.3858,0.05,0.166586
1225,0,jtw_mean_diff_tgt,3.87839,0.08128,0.248847
1225,0,jtw_mean_diff_tgt,6.30477,0.1321,0.356993
1225,0,jtw_mean_diff_tgt,10.2491,0.2148,0.485792
1225,0,jtw_mean_diff_tgt,16.6611,0.3492,0.616166
1225,0,jtw_mean_diff_tgt,27.0845,0.5676,0.72667
1225,0,jtw_mean_diff_tgt,44.0289,0.9227,0.812238
1225,0,jtw_mean_diff_tgt,71.574,1.5,0.881561
1225,0,mean_diff_src,2.3858,0.05,0.0443552
1225,0,mean_diff_src,3.87839,0.08128,0.0710881
1225,0,mean_diff_src,6.30477,0.1321,0.112452
1225,0,mean_diff_src,10.2491,0.2148,0.173194
1225,0,mean_diff_src,16.6611,0.3492,0.253475
1225,0,mean_diff_src,27.0845,0.5676,0.350743
1225,0,mean_diff_src,44.0289,0.9227,0.509037
1225,0,mean_diff_src,71.574,1.5,0.761653
1225,0,dct_v_top,2.3858,0.05,0.0870291
1225,0,dct_v_top,3.87839,0.08128,0.142465
1225,0,dct_v_top,6.30477,0.1321,0.230961
1225,0,dct_v_top,10.2491,0.2148,0.364313
1225,0,dct_v_top,16.6611,0.3492,0.550125
1225,0,dct_v_top,27.0845,0.5676,0.79125
1225,0,dct_v_top,44.0289,0.9227,0.953454
1225,0,dct_v_top,71.574,1.5,0.914574
1225,0,random,2.3858,0.05,0.0352488
1225,0,random,3.87839,0.08128,0.0576649
1225,0,random,6.30477,0.1321,0.0947449
1225,0,random,10.2491,0.2148,0.156542
1225,0,random,16.6611,0.3492,0.260859
1225,0,random,27.0845,0.5676,0.437844
1225,0,random,44.0289,0.9227,0.717428
1225,0,random,71.574,1.5,1.04941
1226,1,jtw_mean_diff_tgt,2.3858,0.05,0.0912168
1226,1,jtw_mean_diff_tgt,3.87839,0.08128,0.148398
1226,1,jtw_mean_diff_tgt,6.30477,0.1321,0.237146
1226,1,jtw_mean_diff_tgt,10.2491,0.2148,0.359355
1226,1,jtw_mean_diff_tgt,16.6611,0.3492,0.496182
1226,1,jtw_mean_diff_tgt,27.0845,0.5676,0.621982
1226,1,jtw_mean_diff_tgt,44.0289,0.9227,0.725
1226,1,jtw_mean_diff_tgt,71.574,1.5,0.801515
1226,1,mean_diff_src,2.3858,0.05,0.031285
1226,1,mean_diff_src,3.87839,0.08128,0.0510218
1226,1,mean_diff_src,6.30477,0.1321,0.0832886
1226,1,mean_diff_src,10.2491,0.2148,0.136225
1226,1,mean_diff_src,16.6611,0.3492,0.223171
1226,1,mean_diff_src,27.0845,0.5676,0.364677
1226,1,mean_diff_src,44.0289,0.9227,0.581536
1226,1,mean_diff_src,71.574,1.5,0.84854
1226,1,dct_v_top,2.3858,0.05,0.0600449
1226,1,dct_v_top,3.87839,0.08128,0.0972963
1226,1,dct_v_top,6.30477,0.1321,0.15879
1226,1,dct_v_top,10.2491,0.2148,0.26854
1226,1,dct_v_top,16.6611,0.3492,0.473225
1226,1,dct_v_top,27.0845,0.5676,0.780866
1226,1,dct_v_top,44.0289,0.9227,1.11594
1226,1,dct_v_top,71.574,1.5,1.03273
1226,1,random,2.3858,0.05,0.0265739
1226,1,random,3.87839,0.08128,0.0437948
1226,1,random,6.30477,0.1321,0.0727516
1226,1,random,10.2491,0.2148,0.122109
1226,1,random,16.6611,0.3492,0.206874
1226,1,random,27.0845,0.5676,0.349559
1226,1,random,44.0289,0.9227,0.568391
1226,1,random,71.574,1.5,0.834113
1235,0,jtw_mean_diff_tgt,2.3858,0.05,0.27127
1235,0,jtw_mean_diff_tgt,3.87839,0.08128,0.393856
1235,0,jtw_mean_diff_tgt,6.30477,0.1321,0.533038
1235,0,jtw_mean_diff_tgt,10.2491,0.2148,0.667505
1235,0,jtw_mean_diff_tgt,16.6611,0.3492,0.777409
1235,0,jtw_mean_diff_tgt,27.0845,0.5676,0.857514
1235,0,jtw_mean_diff_tgt,44.0289,0.9227,0.913336
1235,0,jtw_mean_diff_tgt,71.574,1.5,0.95229
1235,0,mean_diff_src,2.3858,0.05,0.0763899
1235,0,mean_diff_src,3.87839,0.08128,0.125013
1235,0,mean_diff_src,6.30477,0.1321,0.204819
1235,0,mean_diff_src,10.2491,0.2148,0.334078
1235,0,mean_diff_src,16.6611,0.3492,0.533816
1235,0,mean_diff_src,27.0845,0.5676,0.809484
1235,0,mean_diff_src,44.0289,0.9227,1.05837
1235,0,mean_diff_src,71.574,1.5,1.05915
1235,0,dct_v_top,2.3858,0.05,0.144468
1235,0,dct_v_top,3.87839,0.08128,0.225965
1235,0,dct_v_top,6.30477,0.1321,0.33678
1235,0,dct_v_top,10.2491,0.2148,0.466075
1235,0,dct_v_top,16.6611,0.3492,0.603218
1235,0,dct_v_top,27.0845,0.5676,0.76288
1235,0,dct_v_top,44.0289,0.9227,0.896603
1235,0,dct_v_top,71.574,1.5,0.947001
1235,0,random,2.3858,0.05,0.0397583
1235,0,random,3.87839,0.08128,0.0647859
1235,0,random,6.30477,0.1321,0.105627
1235,0,random,10.2491,0.2148,0.17212
1235,0,random,16.6611,0.3492,0.279165
1235,0,random,27.0845,0.5676,0.443524
1235,0,random,44.0289,0.9227,0.662604
1235,0,random,71.574,1.5,0.884135
1236,1,jtw_mean_diff_tgt,2.3858,0.05,0.138591
1236,1,jtw_mean_diff_tgt,3.87839,0.08128,0.210263
1236,1,jtw_mean_diff_tgt,6.30477,0.1321,0.305803
1236,1,jtw_mean_diff_tgt,10.2491,0.2148,0.418933
1236,1,jtw_mean_diff_tgt,16.6611,0.3492,0.535112
1236,1,jtw_mean_diff_tgt,27.0845,0.5676,0.641114
1236,1,jtw_mean_diff_tgt,44.0289,0.9227,0.733235
1236,1,jtw_mean_diff_tgt,71.574,1.5,0.814604
1236,1,mean_diff_src,2.3858,0.05,0.0276922
1236,1,mean_diff_src,3.87839,0.08128,0.0448767
1236,1,mean_diff_src,6.30477,0.1321,0.072651
1236,1,mean_diff_src,10.2491,0.2148,0.117438
1236,1,mean_diff_src,16.6611,0.3492,0.189408
1236,1,mean_diff_src,27.0845,0.5676,0.303507
1236,1,mean_diff_src,44.0289,0.9227,0.47497
1236,1,mean_diff_src,71.574,1.5,0.699175
1236,1,dct_v_top,2.3858,0.05,0.0705634
1236,1,dct_v_top,3.87839,0.08128,0.115961
1236,1,dct_v_top,6.30477,0.1321,0.191102
1236,1,dct_v_top,10.2491,0.2148,0.312594
1236,1,dct_v_top,16.6611,0.3492,0.490399
1236,1,dct_v_top,27.0845,0.5676,0.791719
1236,1,dct_v_top,44.0289,0.9227,0.972043
1236,1,dct_v_top,71.574,1.5,0.907171
1236,1,random,2.3858,0.05,0.0281245
1236,1,random,3.87839,0.08128,0.046049
1236,1,random,6.30477,0.1321,0.0757064
1236,1,random,10.2491,0.2148,0.125329
1236,1,random,16.6611,0.3492,0.209538
1236,1,random,27.0845,0.5676,0.354055
1236,1,random,44.0289,0.9227,0.597332
1236,1,random,71.574,1.5,0.960167
1239,0,jtw_mean_diff_tgt,2.3858,0.05,0.184744
1239,0,jtw_mean_diff_tgt,3.87839,0.08128,0.27847
1239,0,jtw_mean_diff_tgt,6.30477,0.1321,0.399134
1239,0,jtw_mean_diff_tgt,10.2491,0.2148,0.532923
1239,0,jtw_mean_diff_tgt,16.6611,0.3492,0.657938
1239,0,jtw_mean_diff_tgt,27.0845,0.5676,0.762332
1239,0,jtw_mean_diff_tgt,44.0289,0.9227,0.8505
1239,0,jtw_mean_diff_tgt,71.574,1.5,0.898684
1239,0,mean_diff_src,2.3858,0.05,0.0377515
1239,0,mean_diff_src,3.87839,0.08128,0.0605908
1239,0,mean_diff_src,6.30477,0.1321,0.0964277
1239,0,mean_diff_src,10.2491,0.2148,0.151259
1239,0,mean_diff_src,16.6611,0.3492,0.232321
1239,0,mean_diff_src,27.0845,0.5676,0.350297
1239,0,mean_diff_src,44.0289,0.9227,0.527395
1239,0,mean_diff_src,71.574,1.5,0.759098
1239,0,dct_v_top,2.3858,0.05,0.0884436
1239,0,dct_v_top,3.87839,0.08128,0.144205
1239,0,dct_v_top,6.30477,0.1321,0.233392
1239,0,dct_v_top,10.2491,0.2148,0.370207
1239,0,dct_v_top,16.6611,0.3492,0.575235
1239,0,dct_v_top,27.0845,0.5676,0.906216
1239,0,dct_v_top,44.0289,0.9227,1.0196
1239,0,dct_v_top,71.574,1.5,0.951429
1239,0,random,2.3858,0.05,0.0300032
1239,0,random,3.87839,0.08128,0.0488074
1239,0,random,6.30477,0.1321,0.079379
1239,0,random,10.2491,0.2148,0.129043
1239,0,random,16.6611,0.3492,0.20938
1239,0,random,27.0845,0.5676,0.337992
1239,0,random,44.0289,0.9227,0.542183
1239,0,random,71.574,1.5,0.867677
1254,1,jtw_mean_diff_tgt,2.3858,0.05,0.136666
1254,1,jtw_mean_diff_tgt,3.87839,0.08128,0.207878
1254,1,jtw_mean_diff_tgt,6.30477,0.1321,0.303636
1254,1,jtw_mean_diff_tgt,10.2491,0.2148,0.418835
1254,1,jtw_mean_diff_tgt,16.6611,0.3492,0.540092
1254,1,jtw_mean_diff_tgt,27.0845,0.5676,0.654265
1254,1,jtw_mean_diff_tgt,44.0289,0.9227,0.754247
1254,1,jtw_mean_diff_tgt,71.574,1.5,0.834713
1254,1,mean_diff_src,2.3858,0.05,0.0322625
1254,1,mean_diff_src,3.87839,0.08128,0.051626
1254,1,mean_diff_src,6.30477,0.1321,0.0818025
1254,1,mean_diff_src,10.2491,0.2148,0.127612
1254,1,mean_diff_src,16.6611,0.3492,0.194645
1254,1,mean_diff_src,27.0845,0.5676,0.289554
1254,1,mean_diff_src,44.0289,0.9227,0.425915
1254,1,mean_diff_src,71.574,1.5,0.623111
1254,1,dct_v_top,2.3858,0.05,0.0703838
1254,1,dct_v_top,3.87839,0.08128,0.115836
1254,1,dct_v_top,6.30477,0.1321,0.190675
1254,1,dct_v_top,10.2491,0.2148,0.30921
1254,1,dct_v_top,16.6611,0.3492,0.471956
1254,1,dct_v_top,27.0845,0.5676,0.660441
1254,1,dct_v_top,44.0289,0.9227,0.824074
1254,1,dct_v_top,71.574,1.5,0.906867
1254,1,random,2.3858,0.05,0.0331113
1254,1,random,3.87839,0.08128,0.0540517
1254,1,random,6.30477,0.1321,0.0883948
1254,1,random,10.2491,0.2148,0.144882
1254,1,random,16.6611,0.3492,0.237738
1254,1,random,27.0845,0.5676,0.38802
1254,1,random,44.0289,0.9227,0.616647
1254,1,random,71.574,1.5,0.918742
1302,1,jtw_mean_diff_tgt,2.3858,0.05,0.144174
1302,1,jtw_mean_diff_tgt,3.87839,0.08128,0.220065
1302,1,jtw_mean_diff_tgt,6.30477,0.1321,0.32243
1302,1,jtw_mean_diff_tgt,10.2491,0.2148,0.445396
1302,1,jtw_mean_diff_tgt,16.6611,0.3492,0.573988
1302,1,jtw_mean_diff_tgt,27.0845,0.5676,0.691965
1302,1,jtw_mean_diff_tgt,44.0289,0.9227,0.788404
1302,1,jtw_mean_diff_tgt,71.574,1.5,0.858727
1302,1,mean_diff_src,2.3858,0.05,0.0386213
1302,1,mean_diff_src,3.87839,0.08128,0.0617964
1302,1,mean_diff_src,6.30477,0.1321,0.0977767
1302,1,mean_diff_src,10.2491,0.2148,0.151616
1302,1,mean_diff_src,16.6611,0.3492,0.227108
1302,1,mean_diff_src,27.0845,0.5676,0.324252
1302,1,mean_diff_src,44.0289,0.9227,0.453123
1302,1,mean_diff_src,71.574,1.5,0.650576
1302,1,dct_v_top,2.3858,0.05,0.0777379
1302,1,dct_v_top,3.87839,0.08128,0.129126
1302,1,dct_v_top,6.30477,0.1321,0.21547
1302,1,dct_v_top,10.2491,0.2148,0.354643
1302,1,dct_v_top,16.6611,0.3492,0.541598
1302,1,dct_v_top,27.0845,0.5676,0.750641
1302,1,dct_v_top,44.0289,0.9227,0.866123
1302,1,dct_v_top,71.574,1.5,0.913224
1302,1,random,2.3858,0.05,0.0418486
1302,1,random,3.87839,0.08128,0.0683959
1302,1,random,6.30477,0.1321,0.112048
1302,1,random,10.2491,0.2148,0.183956
1302,1,random,16.6611,0.3492,0.301661
1302,1,random,27.0845,0.5676,0.487993
1302,1,random,44.0289,0.9227,0.749602
1302,1,random,71.574,1.5,1.01822
1342,1,jtw_mean_diff_tgt,2.3858,0.05,0.10189
1342,1,jtw_mean_diff_tgt,3.87839,0.08128,0.159029
1342,1,jtw_mean_diff_tgt,6.30477,0.1321,0.240588
1342,1,jtw_mean_diff_tgt,10.2491,0.2148,0.346456
1342,1,jtw_mean_diff_tgt,16.6611,0.3492,0.467734
1342,1,jtw_mean_diff_tgt,27.0845,0.5676,0.589379
1342,1,jtw_mean_diff_tgt,44.0289,0.9227,0.695879
1342,1,jtw_mean_diff_tgt,71.574,1.5,0.779942
1342,1,mean_diff_src,2.3858,0.05,0.0333681
1342,1,mean_diff_src,3.87839,0.08128,0.0535107
1342,1,mean_diff_src,6.30477,0.1321,0.0851402
1342,1,mean_diff_src,10.2491,0.2148,0.133977
1342,1,mean_diff_src,16.6611,0.3492,0.207897
1342,1,mean_diff_src,27.0845,0.5676,0.317907
1342,1,mean_diff_src,44.0289,0.9227,0.47927
1342,1,mean_diff_src,71.574,1.5,0.701685
1342,1,dct_v_top,2.3858,0.05,0.0665251
1342,1,dct_v_top,3.87839,0.08128,0.110115
1342,1,dct_v_top,6.30477,0.1321,0.184669
1342,1,dct_v_top,10.2491,0.2148,0.313926
1342,1,dct_v_top,16.6611,0.3492,0.511852
1342,1,dct_v_top,27.0845,0.5676,0.749796
1342,1,dct_v_top,44.0289,0.9227,0.975527
1342,1,dct_v_top,71.574,1.5,0.959811
1342,1,random,2.3858,0.05,0.029354
1342,1,random,3.87839,0.08128,0.0480915
1342,1,random,6.30477,0.1321,0.0791259
1342,1,random,10.2491,0.2148,0.130936
1342,1,random,16.6611,0.3492,0.217844
1342,1,random,27.0845,0.5676,0.361218
1342,1,random,44.0289,0.9227,0.579205
1342,1,random,71.574,1.5,0.859139
1371,0,jtw_mean_diff_tgt,2.3858,0.05,0.234786
1371,0,jtw_mean_diff_tgt,3.87839,0.08128,0.34369
1371,0,jtw_mean_diff_tgt,6.30477,0.1321,0.473147
1371,0,jtw_mean_diff_tgt,10.2491,0.2148,0.604963
1371,0,jtw_mean_diff_tgt,16.6611,0.3492,0.719682
1371,0,jtw_mean_diff_tgt,27.0845,0.5676,0.808633
1371,0,jtw_mean_diff_tgt,44.0289,0.9227,0.874413
1371,0,jtw_mean_diff_tgt,71.574,1.5,0.923447
1371,0,mean_diff_src,2.3858,0.05,0.0460676
1371,0,mean_diff_src,3.87839,0.08128,0.074183
1371,0,mean_diff_src,6.30477,0.1321,0.118501
1371,0,mean_diff_src,10.2491,0.2148,0.186445
1371,0,mean_diff_src,16.6611,0.3492,0.285763
1371,0,mean_diff_src,27.0845,0.5676,0.422536
1371,0,mean_diff_src,44.0289,0.9227,0.592827
1371,0,mean_diff_src,71.574,1.5,0.75824
1371,0,dct_v_top,2.3858,0.05,0.0863892
1371,0,dct_v_top,3.87839,0.08128,0.139347
1371,0,dct_v_top,6.30477,0.1321,0.223827
1371,0,dct_v_top,10.2491,0.2148,0.353529
1371,0,dct_v_top,16.6611,0.3492,0.535566
1371,0,dct_v_top,27.0845,0.5676,0.776722
1371,0,dct_v_top,44.0289,0.9227,0.918212
1371,0,dct_v_top,71.574,1.5,0.948612
1371,0,random,2.3858,0.05,0.0321843
1371,0,random,3.87839,0.08128,0.0524364
1371,0,random,6.30477,0.1321,0.0855088
1371,0,random,10.2491,0.2148,0.139377
1371,0,random,16.6611,0.3492,0.226281
1371,0,random,27.0845,0.5676,0.362738
1371,0,random,44.0289,0.9227,0.568923
1371,0,random,71.574,1.5,0.875285
1380,1,jtw_mean_diff_tgt,2.3858,0.05,0.103668
1380,1,jtw_mean_diff_tgt,3.87839,0.08128,0.162869
1380,1,jtw_mean_diff_tgt,6.30477,0.1321,0.248284
1380,1,jtw_mean_diff_tgt,10.2491,0.2148,0.359798
1380,1,jtw_mean_diff_tgt,16.6611,0.3492,0.486342
1380,1,jtw_mean_diff_tgt,27.0845,0.5676,0.609814
1380,1,jtw_mean_diff_tgt,44.0289,0.9227,0.714982
1380,1,jtw_mean_diff_tgt,71.574,1.5,0.79676
1380,1,mean_diff_src,2.3858,0.05,0.0283415
1380,1,mean_diff_src,3.87839,0.08128,0.0455781
1380,1,mean_diff_src,6.30477,0.1321,0.072892
1380,1,mean_diff_src,10.2491,0.2148,0.115633
1380,1,mean_diff_src,16.6611,0.3492,0.18161
1380,1,mean_diff_src,27.0845,0.5676,0.282446
1380,1,mean_diff_src,44.0289,0.9227,0.435533
1380,1,mean_diff_src,71.574,1.5,0.652535
1380,1,dct_v_top,2.3858,0.05,0.0701516
1380,1,dct_v_top,3.87839,0.08128,0.115772
1380,1,dct_v_top,6.30477,0.1321,0.192717
1380,1,dct_v_top,10.2491,0.2148,0.322562
1380,1,dct_v_top,16.6611,0.3492,0.521728
1380,1,dct_v_top,27.0845,0.5676,0.7799
1380,1,dct_v_top,44.0289,0.9227,1.01652
1380,1,dct_v_top,71.574,1.5,1.02585
1380,1,random,2.3858,0.05,0.028534
1380,1,random,3.87839,0.08128,0.0467625
1380,1,random,6.30477,0.1321,0.0769937
1380,1,random,10.2491,0.2148,0.127724
1380,1,random,16.6611,0.3492,0.214005
1380,1,random,27.0845,0.5676,0.361869
1380,1,random,44.0289,0.9227,0.607162
1380,1,random,71.574,1.5,0.948464
1386,1,jtw_mean_diff_tgt,2.3858,0.05,0.146247
1386,1,jtw_mean_diff_tgt,3.87839,0.08128,0.222507
1386,1,jtw_mean_diff_tgt,6.30477,0.1321,0.324501
1386,1,jtw_mean_diff_tgt,10.2491,0.2148,0.445018
1386,1,jtw_mean_diff_tgt,16.6611,0.3492,0.567442
1386,1,jtw_mean_diff_tgt,27.0845,0.5676,0.676659
1386,1,jtw_mean_diff_tgt,44.0289,0.9227,0.766738
1386,1,jtw_mean_diff_tgt,71.574,1.5,0.839415
1386,1,mean_diff_src,2.3858,0.05,0.0300257
1386,1,mean_diff_src,3.87839,0.08128,0.0481333
1386,1,mean_diff_src,6.30477,0.1321,0.0765711
1386,1,mean_diff_src,10.2491,0.2148,0.120665
1386,1,mean_diff_src,16.6611,0.3492,0.188457
1386,1,mean_diff_src,27.0845,0.5676,0.293481
1386,1,mean_diff_src,44.0289,0.9227,0.457666
1386,1,mean_diff_src,71.574,1.5,0.694757
1386,1,dct_v_top,2.3858,0.05,0.0721949
1386,1,dct_v_top,3.87839,0.08128,0.12071
1386,1,dct_v_top,6.30477,0.1321,0.202601
1386,1,dct_v_top,10.2491,0.2148,0.330554
1386,1,dct_v_top,16.6611,0.3492,0.481196
1386,1,dct_v_top,27.0845,0.5676,0.644186
1386,1,dct_v_top,44.0289,0.9227,0.83552
1386,1,dct_v_top,71.574,1.5,0.882131
1386,1,random,2.3858,0.05,0.0329127
1386,1,random,3.87839,0.08128,0.053969
1386,1,random,6.30477,0.1321,0.0888814
1386,1,random,10.2491,0.2148,0.147349
1386,1,random,16.6611,0.3492,0.245956
1386,1,random,27.0845,0.5676,0.41049
1386,1,random,44.0289,0.9227,0.66621
1386,1,random,71.574,1.5,1.0025
1421,0,jtw_mean_diff_tgt,2.3858,0.05,0.266393
1421,0,jtw_mean_diff_tgt,3.87839,0.08128,0.382026
1421,0,jtw_mean_diff_tgt,6.30477,0.1321,0.513448
1421,0,jtw_mean_diff_tgt,10.2491,0.2148,0.642094
1421,0,jtw_mean_diff_tgt,16.6611,0.3492,0.750633
1421,0,jtw_mean_diff_tgt,27.0845,0.5676,0.832252
1421,0,jtw_mean_diff_tgt,44.0289,0.9227,0.891889
1421,0,jtw_mean_diff_tgt,71.574,1.5,0.935674
1421,0,mean_diff_src,2.3858,0.05,0.0520336
1421,0,mean_diff_src,3.87839,0.08128,0.0837133
1421,0,mean_diff_src,6.30477,0.1321,0.133311
1421,0,mean_diff_src,10.2491,0.2148,0.2077
1421,0,mean_diff_src,16.6611,0.3492,0.309217
1421,0,mean_diff_src,27.0845,0.5676,0.426648
1421,0,mean_diff_src,44.0289,0.9227,0.554319
1421,0,mean_diff_src,71.574,1.5,0.719325
1421,0,dct_v_top,2.3858,0.05,0.0856326
1421,0,dct_v_top,3.87839,0.08128,0.138486
1421,0,dct_v_top,6.30477,0.1321,0.219958
1421,0,dct_v_top,10.2491,0.2148,0.335881
1421,0,dct_v_top,16.6611,0.3492,0.492562
1421,0,dct_v_top,27.0845,0.5676,0.71106
1421,0,dct_v_top,44.0289,0.9227,0.838071
1421,0,dct_v_top,71.574,1.5,0.903956
1421,0,random,2.3858,0.05,0.0385905
1421,0,random,3.87839,0.08128,0.0627083
1421,0,random,6.30477,0.1321,0.101806
1421,0,random,10.2491,0.2148,0.164806
1421,0,random,16.6611,0.3492,0.264324
1421,0,random,27.0845,0.5676,0.411912
1421,0,random,44.0289,0.9227,0.600293
1421,0,random,71.574,1.5,0.849137
1459,0,jtw_mean_diff_tgt,2.3858,0.05,0.28433
1459,0,jtw_mean_diff_tgt,3.87839,0.08128,0.405295
1459,0,jtw_mean_diff_tgt,6.30477,0.1321,0.539911
1459,0,jtw_mean_diff_tgt,10.2491,0.2148,0.669175
1459,0,jtw_mean_diff_tgt,16.6611,0.3492,0.777831
1459,0,jtw_mean_diff_tgt,27.0845,0.5676,0.860093
1459,0,jtw_mean_diff_tgt,44.0289,0.9227,0.917304
1459,0,jtw_mean_diff_tgt,71.574,1.5,0.949325
1459,0,mean_diff_src,2.3858,0.05,0.0593198
1459,0,mean_diff_src,3.87839,0.08128,0.0965612
1459,0,mean_diff_src,6.30477,0.1321,0.156823
1459,0,mean_diff_src,10.2491,0.2148,0.252308
1459,0,mean_diff_src,16.6611,0.3492,0.393846
1459,0,mean_diff_src,27.0845,0.5676,0.565771
1459,0,mean_diff_src,44.0289,0.9227,0.707259
1459,0,mean_diff_src,71.574,1.5,0.803927
1459,0,dct_v_top,2.3858,0.05,0.0834648
1459,0,dct_v_top,3.87839,0.08128,0.133418
1459,0,dct_v_top,6.30477,0.1321,0.209565
1459,0,dct_v_top,10.2491,0.2148,0.321738
1459,0,dct_v_top,16.6611,0.3492,0.491576
1459,0,dct_v_top,27.0845,0.5676,0.744851
1459,0,dct_v_top,44.0289,0.9227,0.919697
1459,0,dct_v_top,71.574,1.5,0.944251
1459,0,random,2.3858,0.05,0.0337096
1459,0,random,3.87839,0.08128,0.0548004
1459,0,random,6.30477,0.1321,0.0890264
1459,0,random,10.2491,0.2148,0.144429
1459,0,random,16.6611,0.3492,0.233374
1459,0,random,27.0845,0.5676,0.373021
1459,0,random,44.0289,0.9227,0.580213
1459,0,random,71.574,1.5,0.848953
