stmt_index,label,eps_star,m_pred,g_full,scale,g_read
60,1,3.07773,7.17173,22.0727,0.0,22.0727
60,1,3.07773,7.17173,22.0727,3.077732956852491,40.8044
60,1,3.07773,7.17173,22.0727,-3.077732956852491,-3.57497
60,1,3.07773,7.17173,22.0727,6.155465913704982,54.1004
60,1,3.07773,7.17173,22.0727,-6.155465913704982,-34.8879
804,1,1.54929,8.16469,12.6495,0.0,12.6495
804,1,1.54929,8.16469,12.6495,1.5492900020601872,24.2617
804,1,1.54929,8.16469,12.6495,-1.5492900020601872,-1.03654
804,1,1.54929,8.16469,12.6495,3.0985800041203744,33.9293
804,1,1.54929,8.16469,12.6495,-3.0985800041203744,-16.5709
464,1,2.27662,7.33781,16.7054,0.0,16.7054
464,1,2.27662,7.33781,16.7054,2.2766223869217432,31.5846
464,1,2.27662,7.33781,16.7054,-2.2766223869217432,-1.79355
464,1,2.27662,7.33781,16.7054,4.5532447738434865,43.2111
464,1,2.27662,7.33781,16.7054,-4.5532447738434865,-23.0319
450,1,3.48258,7.43928,25.9079,0.0,25.9079
450,1,3.48258,7.43928,25.9079,3.4825814198040326,46.3723
450,1,3.48258,7.43928,25.9079,-3.4825814198040326,-6.21602
450,1,3.48258,7.43928,25.9079,6.965162839608065,59.801
450,1,3.48258,7.43928,25.9079,-6.965162839608065,-41.6568
834,1,5.92521,5.91522,35.0489,0.0,35.0489
834,1,5.92521,5.91522,35.0489,5.925208953206555,64.3713
834,1,5.92521,5.91522,35.0489,-5.925208953206555,-5.42445
834,1,5.92521,5.91522,35.0489,11.85041790641311,85.0915
834,1,5.92521,5.91522,35.0489,-11.85041790641311,-48.5094
1320,1,2.71383,7.62768,20.7002,0.0,20.7003
1320,1,2.71383,7.62768,20.7002,2.713830644328513,38.014
1320,1,2.71383,7.62768,20.7002,-2.713830644328513,-3.80398
1320,1,2.71383,7.62768,20.7002,5.427661288657026,50.1875
1320,1,2.71383,7.62768,20.7002,-5.427661288657026,-34.1509
58,1,6.07403,5.78549,35.1412,0.0,35.1412
58,1,6.07403,5.78549,35.1412,6.074026783858698,63.7921
58,1,6.07403,5.78549,35.1412,-6.074026783858698,-7.26418
58,1,6.07403,5.78549,35.1412,12.148053567717396,83.5174
58,1,6.07403,5.78549,35.1412,-12.148053567717396,-54.4603
1030,1,2.55432,8.32394,21.262,0.0,21.262
1030,1,2.55432,8.32394,21.262,2.55431896188018,38.7871
1030,1,2.55432,8.32394,21.262,-2.55431896188018,-4.43282
1030,1,2.55432,8.32394,21.262,5.10863792376036,50.6294
1030,1,2.55432,8.32394,21.262,-5.10863792376036,-38.5986
830,1,2.10801,7.94514,16.7485,0.0,16.7485
830,1,2.10801,7.94514,16.7485,2.1080141809376047,31.6032
830,1,2.10801,7.94514,16.7485,-2.1080141809376047,-1.87173
830,1,2.10801,7.94514,16.7485,4.2160283618752095,43.0056
830,1,2.10801,7.94514,16.7485,-4.2160283618752095,-23.6172
1398,1,2.56197,7.77178,19.9111,0.0,19.911
1398,1,2.56197,7.77178,19.9111,2.561970404094305,37.2414
1398,1,2.56197,7.77178,19.9111,-2.561970404094305,-2.48859
1398,1,2.56197,7.77178,19.9111,5.12394080818861,49.9732
1398,1,2.56197,7.77178,19.9111,-5.12394080818861,-28.5748
142,1,2.52847,7.47051,18.889,0.0,18.889
142,1,2.52847,7.47051,18.889,2.5284747444254885,35.3463
142,1,2.52847,7.47051,18.889,-2.5284747444254885,-2.50257
142,1,2.52847,7.47051,18.889,5.056949488850977,47.71
142,1,2.52847,7.47051,18.889,-5.056949488850977,-27.8385
360,1,2.86826,7.70415,22.0975,0.0,22.0975
360,1,2.86826,7.70415,22.0975,2.86826147793363,41.0572
360,1,2.86826,7.70415,22.0975,-2.86826147793363,-3.092
360,1,2.86826,7.70415,22.0975,5.73652295586726,54.6303
360,1,2.86826,7.70415,22.0975,-5.73652295586726,-32.7293
328,1,6.86496,5.45027,37.4159,0.0,37.4159
328,1,6.86496,5.45027,37.4159,6.864955620076457,68.3514
328,1,6.86496,5.45027,37.4159,-6.864955620076457,-7.8012
328,1,6.86496,5.45027,37.4159,13.729911240152914,90.363
328,1,6.86496,5.45027,37.4159,-13.729911240152914,-58.3665
1132,1,1.31104,8.2496,10.8155,0.0,10.8156
1132,1,1.31104,8.2496,10.8155,1.311036449254096,20.7169
1132,1,1.31104,8.2496,10.8155,-1.311036449254096,-0.94455
1132,1,1.31104,8.2496,10.8155,2.622072898508192,28.9169
1132,1,1.31104,8.2496,10.8155,-2.622072898508192,-14.5521
1254,1,3.31734,7.8064,25.8965,0.0,25.8964
1254,1,3.31734,7.8064,25.8965,3.3173387083805013,47.2169
1254,1,3.31734,7.8064,25.8965,-3.3173387083805013,-4.85381
1254,1,3.31734,7.8064,25.8965,6.6346774167610025,61.4874
1254,1,3.31734,7.8064,25.8965,-6.6346774167610025,-41.8278
1468,1,2.68349,7.55413,20.2715,0.0,20.2714
1468,1,2.68349,7.55413,20.2715,2.683492599471491,37.9476
1468,1,2.68349,7.55413,20.2715,-2.683492599471491,-2.35017
1468,1,2.68349,7.55413,20.2715,5.366985198942982,50.8751
1468,1,2.68349,7.55413,20.2715,-5.366985198942982,-28.0366
786,1,2.44092,8.2069,20.0324,0.0,20.0324
786,1,2.44092,8.2069,20.0324,2.44092008593301,36.9774
786,1,2.44092,8.2069,20.0324,-2.44092008593301,-3.38668
786,1,2.44092,8.2069,20.0324,4.88184017186602,48.9664
786,1,2.44092,8.2069,20.0324,-4.88184017186602,-32.5858
122,1,6.32134,5.87806,37.1572,0.0,37.1572
122,1,6.32134,5.87806,37.1572,6.3213437777972326,68.1125
122,1,6.32134,5.87806,37.1572,-6.3213437777972326,-4.55913
122,1,6.32134,5.87806,37.1572,12.642687555594465,88.3972
122,1,6.32134,5.87806,37.1572,-12.642687555594465,-45.7743
486,1,1.48146,7.9204,11.7338,0.0,11.7338
486,1,1.48146,7.9204,11.7338,1.4814620464105757,22.4886
486,1,1.48146,7.9204,11.7338,-1.4814620464105757,-0.949387
486,1,1.48146,7.9204,11.7338,2.9629240928211513,31.3571
486,1,1.48146,7.9204,11.7338,-2.9629240928211513,-15.2988
780,1,7.53027,5.33813,40.1976,0.0,40.1976
780,1,7.53027,5.33813,40.1976,7.530270289455053,70.4617
780,1,7.53027,5.33813,40.1976,-7.530270289455053,-14.4757
780,1,7.53027,5.33813,40.1976,15.060540578910105,89.9939
780,1,7.53027,5.33813,40.1976,-15.060540578910105,-73.4073
976,1,2.51206,8.07644,20.2885,0.0,20.2885
976,1,2.51206,8.07644,20.2885,2.512062959728802,37.718
976,1,2.51206,8.07644,20.2885,-2.512062959728802,-2.9538
976,1,2.51206,8.07644,20.2885,5.024125919457604,50.2795
976,1,2.51206,8.07644,20.2885,-5.024125919457604,-30.9292
930,1,2.62877,7.92777,20.8403,0.0,20.8403
930,1,2.62877,7.92777,20.8403,2.6287691296590223,38.6151
930,1,2.62877,7.92777,20.8403,-2.6287691296590223,-3.20696
930,1,2.62877,7.92777,20.8403,5.257538259318045,51.3315
930,1,2.62877,7.92777,20.8403,-5.257538259318045,-32.1402
726,1,4.2904,6.43968,27.6288,0.0,27.6288
726,1,4.2904,6.43968,27.6288,4.290397553090385,50.1907
726,1,4.2904,6.43968,27.6288,-4.290397553090385,-6.00727
726,1,4.2904,6.43968,27.6288,8.58079510618077,65.7692
726,1,4.2904,6.43968,27.6288,-8.58079510618077,-47.7181
912,1,6.1777,5.69713,35.1952,0.0,35.1952
912,1,6.1777,5.69713,35.1952,6.177700571920674,63.0979
912,1,6.1777,5.69713,35.1952,-6.177700571920674,-8.13808
912,1,6.1777,5.69713,35.1952,12.355401143841348,81.2264
912,1,6.1777,5.69713,35.1952,-12.355401143841348,-56.0602
398,1,2.16536,7.88175,17.0668,0.0,17.0668
398,1,2.16536,7.88175,17.0668,2.1653578770740225,32.0511
398,1,2.16536,7.88175,17.0668,-2.1653578770740225,-2.1609
398,1,2.16536,7.88175,17.0668,4.330715754148045,43.4056
398,1,2.16536,7.88175,17.0668,-4.330715754148045,-25.1445
302,1,1.0491,7.74412,8.12437,0.0,8.1244
302,1,1.0491,7.74412,8.12437,1.049102251774597,15.8523
302,1,1.0491,7.74412,8.12437,-1.049102251774597,-0.376518
302,1,1.0491,7.74412,8.12437,2.098204503549194,22.7692
302,1,1.0491,7.74412,8.12437,-2.098204503549194,-9.56884
262,1,1.41807,7.43834,10.5481,0.0,10.5481
262,1,1.41807,7.43834,10.5481,1.4180710238460594,20.3975
262,1,1.41807,7.43834,10.5481,-1.4180710238460594,-0.702011
262,1,1.41807,7.43834,10.5481,2.836142047692119,28.9192
262,1,1.41807,7.43834,10.5481,-2.836142047692119,-13.2696
110,1,2.34007,8.56549,20.0439,0.0,20.0438
110,1,2.34007,8.56549,20.0439,2.3400714777075238,36.8808
110,1,2.34007,8.56549,20.0439,-2.3400714777075238,-3.617
110,1,2.34007,8.56549,20.0439,4.6801429554150475,48.6252
110,1,2.34007,8.56549,20.0439,-4.6801429554150475,-33.3896
1364,1,5.08742,6.3422,32.2654,0.0,32.2654
1364,1,5.08742,6.3422,32.2654,5.087419861591683,58.6091
1364,1,5.08742,6.3422,32.2654,-5.087419861591683,-6.26589
1364,1,5.08742,6.3422,32.2654,10.174839723183366,76.4925
1364,1,5.08742,6.3422,32.2654,-10.174839723183366,-49.325
1452,1,2.23912,7.19232,16.1045,0.0,16.1044
1452,1,2.23912,7.19232,16.1045,2.2391173264680218,30.4967
1452,1,2.23912,7.19232,16.1045,-2.2391173264680218,-1.68806
1452,1,2.23912,7.19232,16.1045,4.4782346529360435,41.7691
1452,1,2.23912,7.19232,16.1045,-4.4782346529360435,-22.2837
736,1,3.63907,6.54958,23.8344,0.0,23.8344
736,1,3.63907,6.54958,23.8344,3.6390743379122057,44.8793
736,1,3.63907,6.54958,23.8344,-3.6390743379122057,-2.38911
736,1,3.63907,6.54958,23.8344,7.278148675824411,60.8908
736,1,3.63907,6.54958,23.8344,-7.278148675824411,-30.8134
102,1,3.79112,6.80104,25.7836,0.0,25.7836
102,1,3.79112,6.80104,25.7836,3.7911212336329654,47.002
102,1,3.79112,6.80104,25.7836,-3.7911212336329654,-5.07916
102,1,3.79112,6.80104,25.7836,7.582242467265931,61.3813
102,1,3.79112,6.80104,25.7836,-7.582242467265931,-43.2752
914,1,3.68327,6.76164,24.905,0.0,24.905
914,1,3.68327,6.76164,24.905,3.6832711688148403,45.8266
914,1,3.68327,6.76164,24.905,-3.6832711688148403,-4.41315
914,1,3.68327,6.76164,24.905,7.366542337629681,60.5515
914,1,3.68327,6.76164,24.905,-7.366542337629681,-40.5408
1156,1,5.4965,5.5829,30.6864,0.0,30.6863
1156,1,5.4965,5.5829,30.6864,5.49649544138047,56.1642
1156,1,5.4965,5.5829,30.6864,-5.49649544138047,-6.51941
1156,1,5.4965,5.5829,30.6864,10.99299088276094,74.6087
1156,1,5.4965,5.5829,30.6864,-10.99299088276094,-52.374
370,1,1.05116,8.99909,9.4595,0.0,9.45953
370,1,1.05116,8.99909,9.4595,1.0511608587696353,18.3161
370,1,1.05116,8.99909,9.4595,-1.0511608587696353,-0.575928
370,1,1.05116,8.99909,9.4595,2.1023217175392706,25.9682
370,1,1.05116,8.99909,9.4595,-2.1023217175392706,-11.6468
1238,1,4.13126,6.58761,27.2151,0.0,27.2152
1238,1,4.13126,6.58761,27.2151,4.131260990369284,50.598
1238,1,4.13126,6.58761,27.2151,-4.131260990369284,-3.30264
1238,1,4.13126,6.58761,27.2151,8.262521980738567,67.3811
1238,1,4.13126,6.58761,27.2151,-8.262521980738567,-36.4101
598,1,1.38418,8.71708,12.066,0.0,12.0661
598,1,1.38418,8.71708,12.066,1.3841827058180909,23.2069
598,1,1.38418,8.71708,12.066,-1.3841827058180909,-0.901649
598,1,1.38418,8.71708,12.066,2.7683654116361818,32.5516
598,1,1.38418,8.71708,12.066,-2.7683654116361818,-15.4966
838,1,3.47714,6.75901,23.5021,0.0,23.5021
838,1,3.47714,6.75901,23.5021,3.4771448576114974,43.2279
838,1,3.47714,6.75901,23.5021,-3.4771448576114974,-4.2905
838,1,3.47714,6.75901,23.5021,6.954289715222995,57.1861
838,1,3.47714,6.75901,23.5021,-6.954289715222995,-38.902
1202,1,3.0587,6.74848,20.6416,0.0,20.6416
1202,1,3.0587,6.74848,20.6416,3.058701134606392,38.5995
1202,1,3.0587,6.74848,20.6416,-3.058701134606392,-2.71421
1202,1,3.0587,6.74848,20.6416,6.117402269212784,52.0256
1202,1,3.0587,6.74848,20.6416,-6.117402269212784,-30.1535
762,1,3.21547,6.64869,21.3787,0.0,21.3787
762,1,3.21547,6.64869,21.3787,3.215474801928846,40.1741
762,1,3.21547,6.64869,21.3787,-3.215474801928846,-2.5236
762,1,3.21547,6.64869,21.3787,6.430949603857692,54.437
762,1,3.21547,6.64869,21.3787,-6.430949603857692,-30.0771
638,1,1.75537,7.58795,13.3197,0.0,13.3197
638,1,1.75537,7.58795,13.3197,1.7553734292249041,25.5801
638,1,1.75537,7.58795,13.3197,-1.7553734292249041,-0.98233
638,1,1.75537,7.58795,13.3197,3.5107468584498083,35.7983
638,1,1.75537,7.58795,13.3197,-3.5107468584498083,-16.8048
1090,1,2.37584,7.76479,18.4479,0.0,18.448
1090,1,2.37584,7.76479,18.4479,2.375840946862387,34.0866
1090,1,2.37584,7.76479,18.4479,-2.375840946862387,-3.19933
1090,1,2.37584,7.76479,18.4479,4.751681893724774,45.3243
1090,1,2.37584,7.76479,18.4479,-4.751681893724774,-30.4184
1226,1,6.26343,5.57519,34.9198,0.0,34.9198
1226,1,6.26343,5.57519,34.9198,6.263428839771532,64.6453
1226,1,6.26343,5.57519,34.9198,-6.263428839771532,-2.62793
1226,1,6.26343,5.57519,34.9198,12.526857679543063,84.6493
1226,1,6.26343,5.57519,34.9198,-12.526857679543063,-38.4802
1462,1,4.66949,6.56793,30.6689,0.0,30.669
1462,1,4.66949,6.56793,30.6689,4.66949279483518,55.2596
1462,1,4.66949,6.56793,30.6689,-4.66949279483518,-7.27491
1462,1,4.66949,6.56793,30.6689,9.33898558967036,71.6499
1462,1,4.66949,6.56793,30.6689,-9.33898558967036,-53.8354
1190,1,2.2877,7.39623,16.9203,0.0,16.9203
1190,1,2.2877,7.39623,16.9203,2.2876962541206143,31.962
1190,1,2.2877,7.39623,16.9203,-2.2876962541206143,-1.93115
1190,1,2.2877,7.39623,16.9203,4.575392508241229,43.6875
1190,1,2.2877,7.39623,16.9203,-4.575392508241229,-24.1505
1342,1,3.04152,6.62803,20.1592,0.0,20.1593
1342,1,3.04152,6.62803,20.1592,3.041516127033807,38.0024
1342,1,3.04152,6.62803,20.1592,-3.041516127033807,-2.21104
1342,1,3.04152,6.62803,20.1592,6.083032254067614,51.7404
1342,1,3.04152,6.62803,20.1592,-6.083032254067614,-27.6379
1406,1,2.05943,8.20175,16.8909,0.0,16.8909
1406,1,2.05943,8.20175,16.8909,2.059428043964374,31.8274
1406,1,2.05943,8.20175,16.8909,-2.059428043964374,-1.89107
1406,1,2.05943,8.20175,16.8909,4.118856087928748,43.1614
1406,1,2.05943,8.20175,16.8909,-4.118856087928748,-23.7563
182,1,3.03398,7.40721,22.4733,0.0,22.4733
182,1,3.03398,7.40721,22.4733,3.0339766307746823,41.5945
182,1,3.03398,7.40721,22.4733,-3.0339766307746823,-3.55669
182,1,3.03398,7.40721,22.4733,6.0679532615493645,55.1271
182,1,3.03398,7.40721,22.4733,-6.0679532615493645,-35.2273
1158,1,3.23441,7.17943,23.2212,0.0,23.2212
1158,1,3.23441,7.17943,23.2212,3.2344141145727647,42.0003
1158,1,3.23441,7.17943,23.2212,-3.2344141145727647,-5.03322
1158,1,3.23441,7.17943,23.2212,6.4688282291455295,54.2502
1158,1,3.23441,7.17943,23.2212,-6.4688282291455295,-40.6574
868,1,0.288071,9.55744,2.75322,0.0,2.75322
868,1,0.288071,9.55744,2.75322,0.2880712385051269,5.46521
868,1,0.288071,9.55744,2.75322,-0.2880712385051269,-0.0407867
868,1,0.288071,9.55744,2.75322,0.5761424770102538,8.09415
868,1,0.288071,9.55744,2.75322,-0.5761424770102538,-2.91524
196,1,3.67159,6.91536,25.3904,0.0,25.3903
196,1,3.67159,6.91536,25.3904,3.6715905926564862,46.5021
196,1,3.67159,6.91536,25.3904,-3.6715905926564862,-3.84593
196,1,3.67159,6.91536,25.3904,7.3431811853129725,60.3502
196,1,3.67159,6.91536,25.3904,-7.3431811853129725,-36.9312
0,1,3.48118,6.779,23.5989,0.0,23.5989
0,1,3.48118,6.779,23.5989,3.4811827880235993,43.4952
0,1,3.48118,6.779,23.5989,-3.4811827880235993,-4.09196
0,1,3.48118,6.779,23.5989,6.9623655760471985,57.6223
0,1,3.48118,6.779,23.5989,-6.9623655760471985,-38.1967
556,1,0.481935,9.3131,4.48831,0.0,4.48834
556,1,0.481935,9.3131,4.48831,0.48193537699238176,8.84747
556,1,0.481935,9.3131,4.48831,-0.48193537699238176,-0.128197
556,1,0.481935,9.3131,4.48831,0.9638707539847635,12.9487
556,1,0.481935,9.3131,4.48831,-0.9638707539847635,-4.99671
618,1,3.00647,6.72034,20.2045,0.0,20.2046
618,1,3.00647,6.72034,20.2045,3.006474663505296,37.7989
618,1,3.00647,6.72034,20.2045,-3.006474663505296,-2.64008
618,1,3.00647,6.72034,20.2045,6.012949327010592,50.9509
618,1,3.00647,6.72034,20.2045,-6.012949327010592,-29.5517
1210,1,9.09989,4.56936,41.5807,0.0,41.5807
1210,1,9.09989,4.56936,41.5807,9.099894516644587,76.1901
1210,1,9.09989,4.56936,41.5807,-9.099894516644587,-7.51524
1210,1,9.09989,4.56936,41.5807,18.199789033289175,100.907
1210,1,9.09989,4.56936,41.5807,-18.199789033289175,-57.3246
56,1,4.84872,6.67969,32.388,0.0,32.388
56,1,4.84872,6.67969,32.388,4.8487232405990675,57.1559
56,1,4.84872,6.67969,32.388,-4.8487232405990675,-8.96074
56,1,4.84872,6.67969,32.388,9.697446481198135,72.2643
56,1,4.84872,6.67969,32.388,-9.697446481198135,-58.2558
1088,1,3.05493,8.02801,24.525,0.0,24.525
1088,1,3.05493,8.02801,24.525,3.054930527179919,44.2806
1088,1,3.05493,8.02801,24.525,-3.054930527179919,-5.32992
1088,1,3.05493,8.02801,24.525,6.109861054359838,56.9538
1088,1,3.05493,8.02801,24.525,-6.109861054359838,-42.4857
500,1,3.54579,6.97087,24.7172,0.0,24.7173
500,1,3.54579,6.97087,24.7172,3.5457880488040083,45.2569
500,1,3.54579,6.97087,24.7172,-3.5457880488040083,-4.8366
500,1,3.54579,6.97087,24.7172,7.091576097608017,59.5362
500,1,3.54579,6.97087,24.7172,-7.091576097608017,-42.156
166,1,2.52339,7.36353,18.581,0.0,18.5811
166,1,2.52339,7.36353,18.581,2.523388745783785,34.985
166,1,2.52339,7.36353,18.581,-2.523388745783785,-2.08853
166,1,2.52339,7.36353,18.581,5.04677749156757,47.4299
166,1,2.52339,7.36353,18.581,-5.04677749156757,-25.9671
630,1,2.77945,7.3512,20.4323,0.0,20.4322
630,1,2.77945,7.3512,20.4323,2.77945048873307,38.1079
630,1,2.77945,7.3512,20.4323,-2.77945048873307,-2.72173
630,1,2.77945,7.3512,20.4323,5.55890097746614,50.9601
630,1,2.77945,7.3512,20.4323,-5.55890097746614,-29.9399
1304,1,2.31304,7.93206,18.3472,0.0,18.3472
1304,1,2.31304,7.93206,18.3472,2.313041958572388,34.5309
1304,1,2.31304,7.93206,18.3472,-2.313041958572388,-2.16389
1304,1,2.31304,7.93206,18.3472,4.626083917144776,46.8556
1304,1,2.31304,7.93206,18.3472,-4.626083917144776,-26.1988
872,1,2.66182,7.28264,19.385,0.0,19.385
872,1,2.66182,7.28264,19.385,2.661815178055871,36.2382
872,1,2.66182,7.28264,19.385,-2.661815178055871,-2.60564
872,1,2.66182,7.28264,19.385,5.323630356111742,48.7658
872,1,2.66182,7.28264,19.385,-5.323630356111742,-28.8153
192,1,1.48591,8.9544,13.3055,0.0,13.3055
192,1,1.48591,8.9544,13.3055,1.4859146665524867,25.0969
192,1,1.48591,8.9544,13.3055,-1.4859146665524867,-1.55509
192,1,1.48591,8.9544,13.3055,2.9718293331049734,34.2119
192,1,1.48591,8.9544,13.3055,-2.9718293331049734,-19.0577
1200,1,0.389128,10.0319,3.90369,0.0,3.90368
1200,1,0.389128,10.0319,3.90369,0.3891278095724461,7.69814
1200,1,0.389128,10.0319,3.90369,-0.3891278095724461,-0.108673
1200,1,0.389128,10.0319,3.90369,0.7782556191448922,11.2749
1200,1,0.389128,10.0319,3.90369,-0.7782556191448922,-4.3349
1456,1,5.49407,6.02296,33.0906,0.0,33.0906
1456,1,5.49407,6.02296,33.0906,5.494073621454442,59.0407
1456,1,5.49407,6.02296,33.0906,-5.494073621454442,-9.01251
1456,1,5.49407,6.02296,33.0906,10.988147242908884,76.0037
1456,1,5.49407,6.02296,33.0906,-10.988147242908884,-59.6066
826,1,1.36542,8.81005,12.0294,0.0,12.0294
826,1,1.36542,8.81005,12.0294,1.3654162869275366,23.2602
826,1,1.36542,8.81005,12.0294,-1.3654162869275366,-0.68441
826,1,1.36542,8.81005,12.0294,2.730832573855073,32.8014
826,1,1.36542,8.81005,12.0294,-2.730832573855073,-14.4178
230,1,2.43279,7.63627,18.5774,0.0,18.5775
230,1,2.43279,7.63627,18.5774,2.432789167287843,34.8755
230,1,2.43279,7.63627,18.5774,-2.432789167287843,-2.36757
230,1,2.43279,7.63627,18.5774,4.865578334575686,47.2634
230,1,2.43279,7.63627,18.5774,-4.865578334575686,-27.1701
944,1,6.8012,5.60208,38.1008,0.0,38.1009
944,1,6.8012,5.60208,38.1008,6.801196012299527,70.0779
944,1,6.8012,5.60208,38.1008,-6.801196012299527,-5.51908
944,1,6.8012,5.60208,38.1008,13.602392024599053,91.7776
944,1,6.8012,5.60208,38.1008,-13.602392024599053,-51.1645
1270,1,3.25625,7.16972,23.3464,0.0,23.3463
1270,1,3.25625,7.16972,23.3464,3.2562453803476186,42.9175
1270,1,3.25625,7.16972,23.3464,-3.2562453803476186,-4.01546
1270,1,3.25625,7.16972,23.3464,6.512490760695237,56.4791
1270,1,3.25625,7.16972,23.3464,-6.512490760695237,-37.3742
472,1,2.82309,8.27624,23.3646,0.0,23.3646
472,1,2.82309,8.27624,23.3646,2.823091739535758,43.0882
472,1,2.82309,8.27624,23.3646,-2.823091739535758,-3.64899
472,1,2.82309,8.27624,23.3646,5.646183479071516,56.7221
472,1,2.82309,8.27624,23.3646,-5.646183479071516,-35.4881
272,1,4.65875,5.96648,27.7963,0.0,27.7964
272,1,4.65875,5.96648,27.7963,4.658750109439183,52.5518
272,1,4.65875,5.96648,27.7963,-4.658750109439183,-1.54941
272,1,4.65875,5.96648,27.7963,9.317500218878367,71.1007
272,1,4.65875,5.96648,27.7963,-9.317500218878367,-28.7906
702,1,4.00978,7.11424,28.5265,0.0,28.5266
702,1,4.00978,7.11424,28.5265,4.00978047597331,50.8851
702,1,4.00978,7.11424,28.5265,-4.00978047597331,-7.76833
702,1,4.00978,7.11424,28.5265,8.01956095194662,64.9782
702,1,4.00978,7.11424,28.5265,-8.01956095194662,-55.2896
690,1,2.48689,8.02911,19.9675,0.0,19.9675
690,1,2.48689,8.02911,19.9675,2.4868933866932186,37.3509
690,1,2.48689,8.02911,19.9675,-2.4868933866932186,-2.7349
690,1,2.48689,8.02911,19.9675,4.973786773386437,50.3654
690,1,2.48689,8.02911,19.9675,-4.973786773386437,-30.0532
308,1,1.41513,8.6351,12.2198,0.0,12.2199
308,1,1.41513,8.6351,12.2198,1.4151327664952316,23.4522
308,1,1.41513,8.6351,12.2198,-1.4151327664952316,-0.937019
308,1,1.41513,8.6351,12.2198,2.830265532990463,32.7412
308,1,1.41513,8.6351,12.2198,-2.830265532990463,-15.717
352,1,0.764606,8.57544,6.55683,0.0,6.55683
352,1,0.764606,8.57544,6.55683,0.7646056979865429,12.8858
352,1,0.764606,8.57544,6.55683,-0.7646056979865429,-0.207802
352,1,0.764606,8.57544,6.55683,1.5292113959730858,18.7316
352,1,0.764606,8.57544,6.55683,-1.5292113959730858,-7.33624
1028,1,4.29145,7.46133,32.0199,0.0,32.0199
1028,1,4.29145,7.46133,32.0199,4.291451457222805,55.5924
1028,1,4.29145,7.46133,32.0199,-4.291451457222805,-10.854
1028,1,4.29145,7.46133,32.0199,8.58290291444561,69.6385
1028,1,4.29145,7.46133,32.0199,-8.58290291444561,-59.1651
404,1,3.19087,7.70626,24.5897,0.0,24.5897
404,1,3.19087,7.70626,24.5897,3.1908695390039985,44.5706
404,1,3.19087,7.70626,24.5897,-3.1908695390039985,-5.21873
404,1,3.19087,7.70626,24.5897,6.381739078007997,57.8019
404,1,3.19087,7.70626,24.5897,-6.381739078007997,-42.3453
1466,1,5.87434,6.04423,35.5059,0.0,35.5058
1466,1,5.87434,6.04423,35.5059,5.87434089984341,62.5142
1466,1,5.87434,6.04423,35.5059,-5.87434089984341,-11.6677
1466,1,5.87434,6.04423,35.5059,11.74868179968682,79.611
1466,1,5.87434,6.04423,35.5059,-11.74868179968682,-67.9957
436,1,0,8.69989,-2.6905,0.0,-2.69054
1348,1,5.76695,5.5097,31.7742,0.0,31.7742
1348,1,5.76695,5.5097,31.7742,5.766951921004203,59.6087
1348,1,5.76695,5.5097,31.7742,-5.766951921004203,-3.23922
1348,1,5.76695,5.5097,31.7742,11.533903842008407,80.3214
1348,1,5.76695,5.5097,31.7742,-11.533903842008407,-39.7805
1292,1,2.10097,8.78796,18.4633,0.0,18.4632
1292,1,2.10097,8.78796,18.4633,2.100974576424556,34.5619
1292,1,2.10097,8.78796,18.4633,-2.100974576424556,-2.46445
1292,1,2.10097,8.78796,18.4633,4.201949152849112,46.5297
1292,1,2.10097,8.78796,18.4633,-4.201949152849112,-27.5885
1084,1,3.38721,7.11903,24.1137,0.0,24.1137
1084,1,3.38721,7.11903,24.1137,3.387212982085385,44.001
1084,1,3.38721,7.11903,24.1137,-3.387212982085385,-4.89324
1084,1,3.38721,7.11903,24.1137,6.77442596417077,57.6041
1084,1,3.38721,7.11903,24.1137,-6.77442596417077,-41.203
1298,1,1.81397,8.48001,15.3825,0.0,15.3825
1298,1,1.81397,8.48001,15.3825,1.8139732420931598,29.2462
1298,1,1.81397,8.48001,15.3825,-1.8139732420931598,-1.44012
1298,1,1.81397,8.48001,15.3825,3.6279464841863196,40.2179
1298,1,1.81397,8.48001,15.3825,-3.6279464841863196,-20.5892
1018,1,1.31705,8.24056,10.8533,0.0,10.8533
1018,1,1.31705,8.24056,10.8533,1.317054549291296,21.0869
1018,1,1.31705,8.24056,10.8533,-1.317054549291296,-0.55468
1018,1,1.31705,8.24056,10.8533,2.634109098582592,30.0256
1018,1,1.31705,8.24056,10.8533,-2.634109098582592,-12.8694
232,1,2.37438,7.782,18.4774,0.0,18.4775
232,1,2.37438,7.782,18.4774,2.3743806465667605,34.7615
232,1,2.37438,7.782,18.4774,-2.3743806465667605,-2.26031
232,1,2.37438,7.782,18.4774,4.748761293133521,47.2314
232,1,2.37438,7.782,18.4774,-4.748761293133521,-26.7839
1346,1,1.20229,9.05657,10.8886,0.0,10.8886
1346,1,1.20229,9.05657,10.8886,1.2022851629649005,20.7487
1346,1,1.20229,9.05657,10.8886,-1.2022851629649005,-1.08369
1346,1,1.20229,9.05657,10.8886,2.404570325929801,28.749
1346,1,1.20229,9.05657,10.8886,-2.404570325929801,-15.1603
1186,1,4.04025,6.83171,27.6018,0.0,27.6018
1186,1,4.04025,6.83171,27.6018,4.040245120283357,49.6407
1186,1,4.04025,6.83171,27.6018,-4.040245120283357,-6.24372
1186,1,4.04025,6.83171,27.6018,8.080490240566714,63.7835
1186,1,4.04025,6.83171,27.6018,-8.080490240566714,-48.0485
642,1,2.98224,7.21336,21.512,0.0,21.512
642,1,2.98224,7.21336,21.512,2.9822417742000087,39.5768
642,1,2.98224,7.21336,21.512,-2.9822417742000087,-3.84045
642,1,2.98224,7.21336,21.512,5.964483548400017,52.2511
642,1,2.98224,7.21336,21.512,-5.964483548400017,-35.4496
610,1,6.02205,5.91084,35.5954,0.0,35.5954
610,1,6.02205,5.91084,35.5954,6.02205440941929,63.486
610,1,6.02205,5.91084,35.5954,-6.02205440941929,-8.6449
610,1,6.02205,5.91084,35.5954,12.04410881883858,80.952
610,1,6.02205,5.91084,35.5954,-12.04410881883858,-59.1338
1038,1,2.41317,7.29251,17.5981,0.0,17.5981
1038,1,2.41317,7.29251,17.5981,2.4131732385627873,33.1577
1038,1,2.41317,7.29251,17.5981,-2.4131732385627873,-2.1032
1038,1,2.41317,7.29251,17.5981,4.826346477125575,45.1432
1038,1,2.41317,7.29251,17.5981,-4.826346477125575,-25.4309
304,1,3.62364,7.15312,25.9204,0.0,25.9203
304,1,3.62364,7.15312,25.9204,3.623643371341731,47.3635
304,1,3.62364,7.15312,25.9204,-3.623643371341731,-5.07458
304,1,3.62364,7.15312,25.9204,7.247286742683462,62.1027
304,1,3.62364,7.15312,25.9204,-7.247286742683462,-43.4233
1010,1,1.5337,8.04482,12.3383,0.0,12.3384
1010,1,1.5337,8.04482,12.3383,1.5336955744004026,23.4393
1010,1,1.5337,8.04482,12.3383,-1.5336955744004026,-1.35896
1010,1,1.5337,8.04482,12.3383,3.067391148800805,32.3997
1010,1,1.5337,8.04482,12.3383,-3.067391148800805,-17.7671
734,1,5.37588,5.9004,31.7198,0.0,31.7198
734,1,5.37588,5.9004,31.7198,5.375876951670435,58.5454
734,1,5.37588,5.9004,31.7198,-5.375876951670435,-4.80131
734,1,5.37588,5.9004,31.7198,10.75175390334087,77.7181
734,1,5.37588,5.9004,31.7198,-10.75175390334087,-45.3223
918,1,2.31815,7.3666,17.0769,0.0,17.0768
918,1,2.31815,7.3666,17.0769,2.3181533185675582,32.1295
918,1,2.31815,7.3666,17.0769,-2.3181533185675582,-2.16017
918,1,2.31815,7.3666,17.0769,4.6363066371351165,43.7146
918,1,2.31815,7.3666,17.0769,-4.6363066371351165,-25.275
202,1,1.61639,6.6244,10.7076,0.0,10.7076
202,1,1.61639,6.6244,10.7076,1.6163897536236176,20.8478
202,1,1.61639,6.6244,10.7076,-1.6163897536236176,-0.527954
202,1,1.61639,6.6244,10.7076,3.232779507247235,29.8571
202,1,1.61639,6.6244,10.7076,-3.232779507247235,-12.6319
1306,1,2.76248,7.74117,21.3848,0.0,21.3848
1306,1,2.76248,7.74117,21.3848,2.762482707121651,39.804
1306,1,2.76248,7.74117,21.3848,-2.762482707121651,-2.9424
1306,1,2.76248,7.74117,21.3848,5.524965414243302,53.1227
1306,1,2.76248,7.74117,21.3848,-5.524965414243302,-31.6232
72,1,2.32478,7.88375,18.3279,0.0,18.3279
72,1,2.32478,7.88375,18.3279,2.3247757191660607,34.5064
72,1,2.32478,7.88375,18.3279,-2.3247757191660607,-2.02714
72,1,2.32478,7.88375,18.3279,4.6495514383321215,46.7151
72,1,2.32478,7.88375,18.3279,-4.6495514383321215,-25.4574
1188,1,2.94435,7.30268,21.5017,0.0,21.5017
1188,1,2.94435,7.30268,21.5017,2.94435404280423,39.7753
1188,1,2.94435,7.30268,21.5017,-2.94435404280423,-3.33439
1188,1,2.94435,7.30268,21.5017,5.88870808560846,52.6727
1188,1,2.94435,7.30268,21.5017,-5.88870808560846,-33.3146
342,1,7.82618,4.91629,38.4757,0.0,38.4757
342,1,7.82618,4.91629,38.4757,7.826179434868292,70.4975
342,1,7.82618,4.91629,38.4757,-7.826179434868292,-7.62489
342,1,7.82618,4.91629,38.4757,15.652358869736585,93.747
342,1,7.82618,4.91629,38.4757,-15.652358869736585,-56.5881
596,1,2.85911,7.70107,22.0182,0.0,22.0182
596,1,2.85911,7.70107,22.0182,2.859112127198026,40.8089
596,1,2.85911,7.70107,22.0182,-2.859112127198026,-3.23226
596,1,2.85911,7.70107,22.0182,5.718224254396052,54.172
596,1,2.85911,7.70107,22.0182,-5.718224254396052,-33.1566
812,1,1.4457,8.55027,12.3611,0.0,12.3611
812,1,1.4457,8.55027,12.3611,1.4457014023613977,23.4817
812,1,1.4457,8.55027,12.3611,-1.4457014023613977,-1.2644
812,1,1.4457,8.55027,12.3611,2.8914028047227953,32.3098
812,1,1.4457,8.55027,12.3611,-2.8914028047227953,-17.2912
964,1,1.88834,8.32003,15.711,0.0,15.7111
964,1,1.88834,8.32003,15.711,1.888339706088665,29.6294
964,1,1.88834,8.32003,15.711,-1.888339706088665,-1.82687
964,1,1.88834,8.32003,15.711,3.77667941217733,40.3867
964,1,1.88834,8.32003,15.711,-3.77667941217733,-22.4276
1022,1,1.77211,8.60063,15.2412,0.0,15.2412
1022,1,1.77211,8.60063,15.2412,1.7721075219780213,28.9784
1022,1,1.77211,8.60063,15.2412,-1.7721075219780213,-1.51741
1022,1,1.77211,8.60063,15.2412,3.5442150439560427,39.9558
1022,1,1.77211,8.60063,15.2412,-3.5442150439560427,-20.9604
562,1,2.53779,6.01068,15.2538,0.0,15.2538
562,1,2.53779,6.01068,15.2538,2.5377913023860343,29.4466
562,1,2.53779,6.01068,15.2538,-2.5377913023860343,-0.981445
562,1,2.53779,6.01068,15.2538,5.075582604772069,41.5864
562,1,2.53779,6.01068,15.2538,-5.075582604772069,-18.6676
1388,1,2.42146,7.3735,17.8546,0.0,17.8547
1388,1,2.42146,7.3735,17.8546,2.4214586044794277,33.5879
1388,1,2.42146,7.3735,17.8546,-2.4214586044794277,-2.06339
1388,1,2.42146,7.3735,17.8546,4.8429172089588555,45.5407
1388,1,2.42146,7.3735,17.8546,-4.8429172089588555,-25.1214
1060,1,3.43536,7.23291,24.8476,0.0,24.8477
1060,1,3.43536,7.23291,24.8476,3.435357685560151,44.9961
1060,1,3.43536,7.23291,24.8476,-3.435357685560151,-5.18412
1060,1,3.43536,7.23291,24.8476,6.870715371120302,58.3572
1060,1,3.43536,7.23291,24.8476,-6.870715371120302,-41.2769
796,1,2.50293,7.48696,18.7393,0.0,18.7393
796,1,2.50293,7.48696,18.7393,2.5029273300657735,35.348
796,1,2.50293,7.48696,18.7393,-2.5029273300657735,-2.0993
796,1,2.50293,7.48696,18.7393,5.005854660131547,48.1217
796,1,2.50293,7.48696,18.7393,-5.005854660131547,-26.3424
890,1,1.3424,8.63921,11.5972,0.0,11.5973
890,1,1.3424,8.63921,11.5972,1.3423964440565663,22.2632
890,1,1.3424,8.63921,11.5972,-1.3423964440565663,-0.944649
890,1,1.3424,8.63921,11.5972,2.6847928881131327,31.1816
890,1,1.3424,8.63921,11.5972,-2.6847928881131327,-15.2565
154,1,3.72484,6.60517,24.6032,0.0,24.6032
154,1,3.72484,6.60517,24.6032,3.7248418657847693,45.6858
154,1,3.72484,6.60517,24.6032,-3.7248418657847693,-3.67545
154,1,3.72484,6.60517,24.6032,7.449683731569539,61.1329
154,1,3.72484,6.60517,24.6032,-7.449683731569539,-36.9692
668,1,4.92261,6.30069,31.0159,0.0,31.0159
668,1,4.92261,6.30069,31.0159,4.9226147946615,56.8146
668,1,4.92261,6.30069,31.0159,-4.9226147946615,-5.5172
668,1,4.92261,6.30069,31.0159,9.845229589323,74.9513
668,1,4.92261,6.30069,31.0159,-9.845229589323,-47.2912
700,1,4.44669,6.86409,30.5225,0.0,30.5225
700,1,4.44669,6.86409,30.5225,4.446690508633588,54.4348
700,1,4.44669,6.86409,30.5225,-4.446690508633588,-9.55515
700,1,4.44669,6.86409,30.5225,8.893381017267176,70.0294
700,1,4.44669,6.86409,30.5225,-8.893381017267176,-61.0421
284,1,5.05859,5.89886,29.8399,0.0,29.8399
284,1,5.05859,5.89886,29.8399,5.058588490998412,55.0768
284,1,5.05859,5.89886,29.8399,-5.058588490998412,-4.8831
284,1,5.05859,5.89886,29.8399,10.117176981996824,73.2882
284,1,5.05859,5.89886,29.8399,-10.117176981996824,-45.2523
1322,1,2.07579,8.37297,17.3805,0.0,17.3804
1322,1,2.07579,8.37297,17.3805,2.07578513250597,32.2288
1322,1,2.07579,8.37297,17.3805,-2.07578513250597,-2.73682
1322,1,2.07579,8.37297,17.3805,4.15157026501194,42.9222
1322,1,2.07579,8.37297,17.3805,-4.15157026501194,-27.4905
840,1,2.61629,6.64745,17.3917,0.0,17.3917
840,1,2.61629,6.64745,17.3917,2.616292710761824,32.524
840,1,2.61629,6.64745,17.3917,-2.616292710761824,-2.38927
840,1,2.61629,6.64745,17.3917,5.232585421523648,43.8446
840,1,2.61629,6.64745,17.3917,-5.232585421523648,-26.1785
200,1,3.5182,6.77725,23.8437,0.0,23.8437
200,1,3.5182,6.77725,23.8437,3.518200950513388,43.9665
200,1,3.5182,6.77725,23.8437,-3.518200950513388,-4.03194
200,1,3.5182,6.77725,23.8437,7.036401901026776,58.2552
200,1,3.5182,6.77725,23.8437,-7.036401901026776,-37.89
1108,1,2.49416,7.05031,17.5846,0.0,17.5846
1108,1,2.49416,7.05031,17.5846,2.4941624833417095,33.1804
1108,1,2.49416,7.05031,17.5846,-2.4941624833417095,-2.02706
1108,1,2.49416,7.05031,17.5846,4.988324966683419,45.3117
1108,1,2.49416,7.05031,17.5846,-4.988324966683419,-24.9786
844,1,3.60277,6.48289,23.3563,0.0,23.3564
844,1,3.60277,6.48289,23.3563,3.602768631179831,42.2647
844,1,3.60277,6.48289,23.3563,-3.602768631179831,-5.66593
844,1,3.60277,6.48289,23.3563,7.205537262359662,55.0859
844,1,3.60277,6.48289,23.3563,-7.205537262359662,-43.9084
1154,1,2.58152,7.30359,18.8544,0.0,18.8544
1154,1,2.58152,7.30359,18.8544,2.5815202196371643,35.3475
1154,1,2.58152,7.30359,18.8544,-2.5815202196371643,-2.50965
1154,1,2.58152,7.30359,18.8544,5.1630404392743285,47.8046
1154,1,2.58152,7.30359,18.8544,-5.1630404392743285,-28.2584
408,1,1.89043,7.21696,13.6432,0.0,13.6432
408,1,1.89043,7.21696,13.6432,1.8904312454226846,26.14
408,1,1.89043,7.21696,13.6432,-1.8904312454226846,-1.06194
408,1,1.89043,7.21696,13.6432,3.780862490845369,36.4003
408,1,1.89043,7.21696,13.6432,-3.780862490845369,-17.4544
96,1,4.5526,6.43262,29.2851,0.0,29.2852
96,1,4.5526,6.43262,29.2851,4.552597491107481,53.2396
96,1,4.5526,6.43262,29.2851,-4.552597491107481,-6.43681
96,1,4.5526,6.43262,29.2851,9.105194982214963,69.9217
96,1,4.5526,6.43262,29.2851,-9.105194982214963,-49.7159
1486,1,4.14734,6.89044,28.577,0.0,28.577
1486,1,4.14734,6.89044,28.577,4.147340580005887,51.7242
1486,1,4.14734,6.89044,28.577,-4.147340580005887,-5.85249
1486,1,4.14734,6.89044,28.577,8.294681160011773,66.8819
1486,1,4.14734,6.89044,28.577,-8.294681160011773,-47.2597
1458,1,4.42395,6.83469,30.2363,0.0,30.2363
1458,1,4.42395,6.83469,30.2363,4.423950489414017,55.0285
1458,1,4.42395,6.83469,30.2363,-4.423950489414017,-5.69248
1458,1,4.42395,6.83469,30.2363,8.847900978828035,71.7823
1458,1,4.42395,6.83469,30.2363,-8.847900978828035,-47.5622
490,1,4.41383,5.42773,23.9571,0.0,23.9571
490,1,4.41383,5.42773,23.9571,4.413827951920011,44.874
490,1,4.41383,5.42773,23.9571,-4.413827951920011,-2.84711
490,1,4.41383,5.42773,23.9571,8.827655903840022,60.6785
490,1,4.41383,5.42773,23.9571,-8.827655903840022,-31.6264
506,1,6.68911,5.55355,37.1483,0.0,37.1483
506,1,6.68911,5.55355,37.1483,6.689108721365574,67.2093
506,1,6.68911,5.55355,37.1483,-6.689108721365574,-8.78339
506,1,6.68911,5.55355,37.1483,13.378217442731149,88.0892
506,1,6.68911,5.55355,37.1483,-13.378217442731149,-61.2915
214,1,0.554671,9.35645,5.18975,0.0,5.18987
214,1,0.554671,9.35645,5.18975,0.5546714535170337,10.1813
214,1,0.554671,9.35645,5.18975,-0.5546714535170337,-0.197746
214,1,0.554671,9.35645,5.18975,1.1093429070340675,14.7816
214,1,0.554671,9.35645,5.18975,-1.1093429070340675,-5.97278
28,1,0.893313,8.6236,7.70357,0.0,7.7036
28,1,0.893313,8.6236,7.70357,0.8933126124973185,15.0916
28,1,0.893313,8.6236,7.70357,-0.8933126124973185,-0.269234
28,1,0.893313,8.6236,7.70357,1.786625224994637,21.7845
28,1,0.893313,8.6236,7.70357,-1.786625224994637,-8.66343
172,1,2.3784,8.10705,19.2818,0.0,19.2818
172,1,2.3784,8.10705,19.2818,2.378395925599954,35.9264
172,1,2.3784,8.10705,19.2818,-2.378395925599954,-2.75974
172,1,2.3784,8.10705,19.2818,4.756791851199908,48.1396
172,1,2.3784,8.10705,19.2818,-4.756791851199908,-29.2087
12,1,3.1082,7.75282,24.0973,0.0,24.0973
12,1,3.1082,7.75282,24.0973,3.1082029185764175,43.2306
12,1,3.1082,7.75282,24.0973,-3.1082029185764175,-5.49226
12,1,3.1082,7.75282,24.0973,6.216405837152835,55.4586
12,1,3.1082,7.75282,24.0973,-6.216405837152835,-39.8122
1372,1,3.4423,6.98885,24.0577,0.0,24.0577
1372,1,3.4423,6.98885,24.0577,3.4423003801757424,44.0194
1372,1,3.4423,6.98885,24.0577,-3.4423003801757424,-4.52991
1372,1,3.4423,6.98885,24.0577,6.884600760351485,57.7496
1372,1,3.4423,6.98885,24.0577,-6.884600760351485,-39.7752
774,1,2.86276,7.1829,20.5629,0.0,20.563
774,1,2.86276,7.1829,20.5629,2.8627599053956434,37.9801
774,1,2.86276,7.1829,20.5629,-2.8627599053956434,-3.49947
774,1,2.86276,7.1829,20.5629,5.725519810791287,50.4626
774,1,2.86276,7.1829,20.5629,-5.725519810791287,-33.2781
496,1,5.31325,6.12428,32.5398,0.0,32.5398
496,1,5.31325,6.12428,32.5398,5.313248884662764,59.508
496,1,5.31325,6.12428,32.5398,-5.313248884662764,-6.50613
496,1,5.31325,6.12428,32.5398,10.626497769325528,78.622
496,1,5.31325,6.12428,32.5398,-10.626497769325528,-49.9722
578,1,2.94661,8.02587,23.6491,0.0,23.6491
578,1,2.94661,8.02587,23.6491,2.9466077028624476,43.6217
578,1,2.94661,8.02587,23.6491,-2.9466077028624476,-3.8017
578,1,2.94661,8.02587,23.6491,5.893215405724895,57.6341
578,1,2.94661,8.02587,23.6491,-5.893215405724895,-36.3615
1410,1,1.28556,9.27785,11.9273,0.0,11.9273
1410,1,1.28556,9.27785,11.9273,1.2855632518711335,22.9248
1410,1,1.28556,9.27785,11.9273,-1.2855632518711335,-0.919044
1410,1,1.28556,9.27785,11.9273,2.571126503742267,32.1344
1410,1,1.28556,9.27785,11.9273,-2.571126503742267,-15.4604
346,1,2.57455,7.74572,19.9418,0.0,19.9418
346,1,2.57455,7.74572,19.9418,2.5745545134579833,36.9247
346,1,2.57455,7.74572,19.9418,-2.5745545134579833,-3.25875
346,1,2.57455,7.74572,19.9418,5.1491090269159665,49.0819
346,1,2.57455,7.74572,19.9418,-5.1491090269159665,-32.0596
850,1,1.52632,8.18807,12.4976,0.0,12.4976
850,1,1.52632,8.18807,12.4976,1.5263177327778228,23.7891
850,1,1.52632,8.18807,12.4976,-1.5263177327778228,-1.22209
850,1,1.52632,8.18807,12.4976,3.0526354655556456,32.8667
850,1,1.52632,8.18807,12.4976,-3.0526354655556456,-17.1463
240,1,1.56826,9.52856,14.9433,0.0,14.9433
240,1,1.56826,9.52856,14.9433,1.5682596986294166,27.9467
240,1,1.56826,9.52856,14.9433,-1.5682596986294166,-2.20779
240,1,1.56826,9.52856,14.9433,3.136519397258833,37.6562
240,1,1.56826,9.52856,14.9433,-3.136519397258833,-23.972
1232,1,2.95312,7.19837,21.2576,0.0,21.2576
1232,1,2.95312,7.19837,21.2576,2.9531176051971015,39.7081
1232,1,2.95312,7.19837,21.2576,-2.9531176051971015,-3.00763
1232,1,2.95312,7.19837,21.2576,5.906235210394203,53.513
1232,1,2.95312,7.19837,21.2576,-5.906235210394203,-32.2336
1356,1,3.01821,7.30043,22.0342,0.0,22.0342
1356,1,3.01821,7.30043,22.0342,3.0182059123612865,41.0887
1356,1,3.01821,7.30043,22.0342,-3.0182059123612865,-2.95109
1356,1,3.01821,7.30043,22.0342,6.036411824722573,55.0047
1356,1,3.01821,7.30043,22.0342,-6.036411824722573,-32.3387
816,1,2.46517,7.91684,19.5164,0.0,19.5163
816,1,2.46517,7.91684,19.5164,2.4651719304948085,36.4145
816,1,2.46517,7.91684,19.5164,-2.4651719304948085,-2.69556
816,1,2.46517,7.91684,19.5164,4.930343860989617,48.7932
816,1,2.46517,7.91684,19.5164,-4.930343860989617,-29.4221
256,1,6.34203,5.45383,34.5883,0.0,34.5883
256,1,6.34203,5.45383,34.5883,6.342025397772258,62.6643
256,1,6.34203,5.45383,34.5883,-6.342025397772258,-7.22509
256,1,6.34203,5.45383,34.5883,12.684050795544517,81.5358
256,1,6.34203,5.45383,34.5883,-12.684050795544517,-54.8566
294,1,2.89221,7.11465,20.577,0.0,20.577
294,1,2.89221,7.11465,20.577,2.8922066973560336,37.6938
294,1,2.89221,7.11465,20.577,-2.8922066973560336,-4.10534
294,1,2.89221,7.11465,20.577,5.784413394712067,49.718
294,1,2.89221,7.11465,20.577,-5.784413394712067,-35.5495
1390,1,4.06962,7.20657,29.328,0.0,29.328
1390,1,4.06962,7.20657,29.328,4.069617281534684,52.3644
1390,1,4.06962,7.20657,29.328,-4.069617281534684,-7.46651
1390,1,4.06962,7.20657,29.328,8.139234563069367,67.0893
1390,1,4.06962,7.20657,29.328,-8.139234563069367,-51.6917
120,1,7.66868,5.6587,43.3948,0.0,43.3948
120,1,7.66868,5.6587,43.3948,7.668680614135234,76.0405
120,1,7.66868,5.6587,43.3948,-7.668680614135234,-12.3577
120,1,7.66868,5.6587,43.3948,15.337361228270469,95.7963
120,1,7.66868,5.6587,43.3948,-15.337361228270469,-70.3159
1150,1,4.66201,6.68059,31.145,0.0,31.145
1150,1,4.66201,6.68059,31.145,4.662012776197773,56.1739
1150,1,4.66201,6.68059,31.145,-4.662012776197773,-7.06264
1150,1,4.66201,6.68059,31.145,9.324025552395547,72.7676
1150,1,4.66201,6.68059,31.145,-9.324025552395547,-53.2522
386,1,2.45757,7.18477,17.6571,0.0,17.6571
386,1,2.45757,7.18477,17.6571,2.457566267907053,33.2429
386,1,2.45757,7.18477,17.6571,-2.457566267907053,-2.12379
386,1,2.45757,7.18477,17.6571,4.915132535814106,45.2104
386,1,2.45757,7.18477,17.6571,-4.915132535814106,-25.5296
448,1,3.5955,7.09881,25.5238,0.0,25.5238
448,1,3.5955,7.09881,25.5238,3.5954994231558883,46.4343
448,1,3.5955,7.09881,25.5238,-3.5954994231558883,-5.24674
448,1,3.5955,7.09881,25.5238,7.190998846311777,60.5655
448,1,3.5955,7.09881,25.5238,-7.190998846311777,-43.6074
1184,1,1.84272,7.91898,14.5925,0.0,14.5926
1184,1,1.84272,7.91898,14.5925,1.8427223207439365,27.9857
1184,1,1.84272,7.91898,14.5925,-1.8427223207439365,-1.06941
1184,1,1.84272,7.91898,14.5925,3.685444641487873,38.9525
1184,1,1.84272,7.91898,14.5925,-3.685444641487873,-18.3614
1134,1,4.15226,6.72496,27.9238,0.0,27.9238
1134,1,4.15226,6.72496,27.9238,4.152257212222952,51.0775
1134,1,4.15226,6.72496,27.9238,-4.152257212222952,-4.86698
1134,1,4.15226,6.72496,27.9238,8.304514424445903,66.9513
1134,1,4.15226,6.72496,27.9238,-8.304514424445903,-42.7816
552,1,4.3594,6.8821,30.0018,0.0,30.0018
552,1,4.3594,6.8821,30.0018,4.3594014652609365,54.5901
552,1,4.3594,6.8821,30.0018,-4.3594014652609365,-5.635
552,1,4.3594,6.8821,30.0018,8.718802930521873,71.2113
552,1,4.3594,6.8821,30.0018,-8.718802930521873,-46.5328
656,1,3.68028,7.08312,26.0678,0.0,26.0678
656,1,3.68028,7.08312,26.0678,3.6802761283743326,47.2396
656,1,3.68028,7.08312,26.0678,-3.6802761283743326,-5.7198
656,1,3.68028,7.08312,26.0678,7.360552256748665,61.3578
656,1,3.68028,7.08312,26.0678,-7.360552256748665,-46.0693
1168,1,3.11674,6.86548,21.3979,0.0,21.3979
1168,1,3.11674,6.86548,21.3979,3.1167449940170644,39.6917
1168,1,3.11674,6.86548,21.3979,-3.1167449940170644,-3.47848
1168,1,3.11674,6.86548,21.3979,6.233489988034129,53.0766
1168,1,3.11674,6.86548,21.3979,-6.233489988034129,-34.3564
742,1,4.33324,6.18105,26.7839,0.0,26.7839
742,1,4.33324,6.18105,26.7839,4.33323625466773,50.0008
742,1,4.33324,6.18105,26.7839,-4.33323625466773,-3.43566
742,1,4.33324,6.18105,26.7839,8.66647250933546,67.3522
742,1,4.33324,6.18105,26.7839,-8.66647250933546,-37.3076
1392,1,3.61145,6.97508,25.1901,0.0,25.1901
1392,1,3.61145,6.97508,25.1901,3.6114484841307792,45.8349
1392,1,3.61145,6.97508,25.1901,-3.6114484841307792,-5.26648
1392,1,3.61145,6.97508,25.1901,7.2228969682615585,60.048
1392,1,3.61145,6.97508,25.1901,-7.2228969682615585,-42.3996
1032,1,5.95778,5.37445,32.0198,0.0,32.0198
1032,1,5.95778,5.37445,32.0198,5.957776301774453,59.2296
1032,1,5.95778,5.37445,32.0198,-5.957776301774453,-4.72545
1032,1,5.95778,5.37445,32.0198,11.915552603548907,78.9488
1032,1,5.95778,5.37445,32.0198,-11.915552603548907,-44.803
40,1,2.20524,7.29442,16.086,0.0,16.086
40,1,2.20524,7.29442,16.086,2.205243917220662,30.3735
40,1,2.20524,7.29442,16.086,-2.205243917220662,-1.89851
40,1,2.20524,7.29442,16.086,4.410487834441324,41.5268
40,1,2.20524,7.29442,16.086,-4.410487834441324,-23.3219
746,1,0.518107,8.10092,4.19714,0.0,4.19717
746,1,0.518107,8.10092,4.19714,0.5181071264601961,8.28733
746,1,0.518107,8.10092,4.19714,-0.5181071264601961,-0.104027
746,1,0.518107,8.10092,4.19714,1.0362142529203922,12.1599
746,1,0.518107,8.10092,4.19714,-1.0362142529203922,-4.60497
460,1,2.06668,8.01169,16.5576,0.0,16.5576
460,1,2.06668,8.01169,16.5576,2.066684402171535,31.5263
460,1,2.06668,8.01169,16.5576,-2.066684402171535,-1.45282
460,1,2.06668,8.01169,16.5576,4.13336880434307,43.3858
460,1,2.06668,8.01169,16.5576,-4.13336880434307,-21.7147
1336,1,2.3173,7.3959,17.1385,0.0,17.1386
1336,1,2.3173,7.3959,17.1385,2.3173042678041305,31.8676
1336,1,2.3173,7.3959,17.1385,-2.3173042678041305,-2.7346
1336,1,2.3173,7.3959,17.1385,4.634608535608261,42.7187
1336,1,2.3173,7.3959,17.1385,-4.634608535608261,-27.7627
1162,1,3.43346,6.81767,23.4082,0.0,23.4081
1162,1,3.43346,6.81767,23.4082,3.4334562820491863,43.3274
1162,1,3.43346,6.81767,23.4082,-3.4334562820491863,-3.55549
1162,1,3.43346,6.81767,23.4082,6.866912564098373,57.5063
1162,1,3.43346,6.81767,23.4082,-6.866912564098373,-35.5465
1140,1,1.56126,8.89016,13.8799,0.0,13.8799
1140,1,1.56126,8.89016,13.8799,1.5612625271409477,26.3583
1140,1,1.56126,8.89016,13.8799,-1.5612625271409477,-1.4196
1140,1,1.56126,8.89016,13.8799,3.1225250542818954,36.2482
1140,1,1.56126,8.89016,13.8799,-3.1225250542818954,-19.3092
1428,1,2.57742,7.30703,18.8333,0.0,18.8334
1428,1,2.57742,7.30703,18.8333,2.5774210906233086,35.1295
1428,1,2.57742,7.30703,18.8333,-2.5774210906233086,-2.74088
1428,1,2.57742,7.30703,18.8333,5.154842181246617,47.1984
1428,1,2.57742,7.30703,18.8333,-5.154842181246617,-29.1725
972,1,3.24616,6.73956,21.8777,0.0,21.8777
972,1,3.24616,6.73956,21.8777,3.2461582070781465,41.0669
972,1,3.24616,6.73956,21.8777,-3.2461582070781465,-2.68484
972,1,3.24616,6.73956,21.8777,6.492316414156293,55.6937
972,1,3.24616,6.73956,21.8777,-6.492316414156293,-30.9127
280,1,5.52753,6.20082,34.2752,0.0,34.2752
280,1,5.52753,6.20082,34.2752,5.527529294135783,61.3838
280,1,5.52753,6.20082,34.2752,-5.527529294135783,-8.83713
280,1,5.52753,6.20082,34.2752,11.055058588271566,79.3174
280,1,5.52753,6.20082,34.2752,-11.055058588271566,-60.1009
706,1,2.5492,8.2373,20.9985,0.0,20.9985
706,1,2.5492,8.2373,20.9985,2.5491981339150827,38.5615
706,1,2.5492,8.2373,20.9985,-2.5491981339150827,-3.93333
706,1,2.5492,8.2373,20.9985,5.098396267830165,50.7774
706,1,2.5492,8.2373,20.9985,-5.098396267830165,-35.4251
932,1,4.56283,6.37806,29.102,0.0,29.102
932,1,4.56283,6.37806,29.102,4.562834566913394,51.8563
932,1,4.56283,6.37806,29.102,-4.562834566913394,-7.53824
932,1,4.56283,6.37806,29.102,9.125669133826788,66.1577
932,1,4.56283,6.37806,29.102,-9.125669133826788,-52.5136
1434,1,1.05653,9.3974,9.92864,0.0,9.92866
1434,1,1.05653,9.3974,9.92864,1.0565296187019613,19.1537
1434,1,1.05653,9.3974,9.92864,-1.0565296187019613,-0.692253
1434,1,1.05653,9.3974,9.92864,2.1130592374039225,27.0171
1434,1,1.05653,9.3974,9.92864,-2.1130592374039225,-12.5829
248,1,4.37562,6.38766,27.95,0.0,27.9501
248,1,4.37562,6.38766,27.95,4.375622895581618,50.8025
248,1,4.37562,6.38766,27.95,-4.375622895581618,-6.51715
248,1,4.37562,6.38766,27.95,8.751245791163235,66.8187
248,1,4.37562,6.38766,27.95,-8.751245791163235,-50.3704
760,1,3.32,7.0433,23.3838,0.0,23.3838
760,1,3.32,7.0433,23.3838,3.3200018235985755,42.6221
760,1,3.32,7.0433,23.3838,-3.3200018235985755,-4.63255
760,1,3.32,7.0433,23.3838,6.640003647197151,55.7858
760,1,3.32,7.0433,23.3838,-6.640003647197151,-38.6405
118,1,4.02591,6.75675,27.2021,0.0,27.2021
118,1,4.02591,6.75675,27.2021,4.025912371484608,48.9985
118,1,4.02591,6.75675,27.2021,-4.025912371484608,-6.27883
118,1,4.02591,6.75675,27.2021,8.051824742969217,63.1412
118,1,4.02591,6.75675,27.2021,-8.051824742969217,-48.2308
444,1,5.8299,6.27942,36.6083,0.0,36.6083
444,1,5.8299,6.27942,36.6083,5.829896015895289,66.0269
444,1,5.8299,6.27942,36.6083,-5.829896015895289,-7.35178
444,1,5.8299,6.27942,36.6083,11.659792031790579,84.9973
444,1,5.8299,6.27942,36.6083,-11.659792031790579,-55.7914
882,1,3.31993,6.61405,21.9582,0.0,21.9582
882,1,3.31993,6.61405,21.9582,3.319929193592187,41.0819
882,1,3.31993,6.61405,21.9582,-3.319929193592187,-2.87123
882,1,3.31993,6.61405,21.9582,6.639858387184374,55.4018
882,1,3.31993,6.61405,21.9582,-6.639858387184374,-31.9426
842,1,2.95996,7.11172,21.0504,0.0,21.0504
842,1,2.95996,7.11172,21.0504,2.959957493982525,39.4693
842,1,2.95996,7.11172,21.0504,-2.959957493982525,-2.60261
842,1,2.95996,7.11172,21.0504,5.91991498796505,53.3932
842,1,2.95996,7.11172,21.0504,-5.91991498796505,-29.8592
620,1,3.59067,6.87665,24.6918,0.0,24.6918
620,1,3.59067,6.87665,24.6918,3.5906692845651076,45.2859
620,1,3.59067,6.87665,24.6918,-3.5906692845651076,-4.45033
620,1,3.59067,6.87665,24.6918,7.181338569130215,59.6799
620,1,3.59067,6.87665,24.6918,-7.181338569130215,-39.6622
1272,1,3.49135,6.75869,23.5969,0.0,23.5969
1272,1,3.49135,6.75869,23.5969,3.4913457486133095,43.477
1272,1,3.49135,6.75869,23.5969,-3.4913457486133095,-3.93436
1272,1,3.49135,6.75869,23.5969,6.982691497226619,57.439
1272,1,3.49135,6.75869,23.5969,-6.982691497226619,-37.2584
358,1,0.677797,8.95055,6.06666,0.0,6.06664
358,1,0.677797,8.95055,6.06666,0.6777966238392684,11.9491
358,1,0.677797,8.95055,6.06666,-0.6777966238392684,-0.164528
358,1,0.677797,8.95055,6.06666,1.3555932476785368,17.4333
358,1,0.677797,8.95055,6.06666,-1.3555932476785368,-6.67696
88,1,2.39671,6.8391,16.3913,0.0,16.3913
88,1,2.39671,6.8391,16.3913,2.396709714661599,30.9057
88,1,2.39671,6.8391,16.3913,-2.396709714661599,-1.92674
88,1,2.39671,6.8391,16.3913,4.793419429323198,42.1101
88,1,2.39671,6.8391,16.3913,-4.793419429323198,-23.6344
270,1,2.07583,7.80743,16.2069,0.0,16.2069
270,1,2.07583,7.80743,16.2069,2.0758259994173716,30.7722
270,1,2.07583,7.80743,16.2069,-2.0758259994173716,-1.61837
270,1,2.07583,7.80743,16.2069,4.151651998834743,42.3204
270,1,2.07583,7.80743,16.2069,-4.151651998834743,-22.1605
434,1,2.39561,7.79438,18.6723,0.0,18.6723
434,1,2.39561,7.79438,18.6723,2.395612467423918,34.9124
434,1,2.39561,7.79438,18.6723,-2.395612467423918,-2.5508
434,1,2.39561,7.79438,18.6723,4.791224934847836,46.9666
434,1,2.39561,7.79438,18.6723,-4.791224934847836,-28.139
80,1,3.03224,7.81603,23.7001,0.0,23.7001
80,1,3.03224,7.81603,23.7001,3.0322402064446226,43.8117
80,1,3.03224,7.81603,23.7001,-3.0322402064446226,-3.58944
80,1,3.03224,7.81603,23.7001,6.064480412889245,57.8449
80,1,3.03224,7.81603,23.7001,-6.064480412889245,-36.1335
128,1,6.95546,5.88429,40.928,0.0,40.928
128,1,6.95546,5.88429,40.928,6.955457452022946,72.1622
128,1,6.95546,5.88429,40.928,-6.955457452022946,-11.2224
128,1,6.95546,5.88429,40.928,13.910914904045892,91.6873
128,1,6.95546,5.88429,40.928,-13.910914904045892,-66.4092
1024,1,1.99784,8.20201,16.3863,0.0,16.3863
1024,1,1.99784,8.20201,16.3863,1.9978353996945803,30.9312
1024,1,1.99784,8.20201,16.3863,-1.9978353996945803,-1.89973
1024,1,1.99784,8.20201,16.3863,3.9956707993891607,42.2012
1024,1,1.99784,8.20201,16.3863,-3.9956707993891607,-23.5524
520,1,1.26301,8.4511,10.6738,0.0,10.6738
520,1,1.26301,8.4511,10.6738,1.2630051268143179,20.5868
520,1,1.26301,8.4511,10.6738,-1.2630051268143179,-0.694717
520,1,1.26301,8.4511,10.6738,2.5260102536286357,28.9467
520,1,1.26301,8.4511,10.6738,-2.5260102536286357,-13.22
892,1,1.90066,8.23247,15.6471,0.0,15.6471
892,1,1.90066,8.23247,15.6471,1.900656866169036,29.6308
892,1,1.90066,8.23247,15.6471,-1.900656866169036,-1.67109
892,1,1.90066,8.23247,15.6471,3.801313732338072,40.603
892,1,1.90066,8.23247,15.6471,-3.801313732338072,-21.8324
800,1,2.49343,7.7633,19.3572,0.0,19.3572
800,1,2.49343,7.7633,19.3572,2.4934266188589382,36.2196
800,1,2.49343,7.7633,19.3572,-2.4934266188589382,-2.48447
800,1,2.49343,7.7633,19.3572,4.9868532377178765,48.6734
800,1,2.49343,7.7633,19.3572,-4.9868532377178765,-28.2995
264,1,3.26689,6.77933,22.1473,0.0,22.1473
264,1,3.26689,6.77933,22.1473,3.2668853293624562,41.1881
264,1,3.26689,6.77933,22.1473,-3.2668853293624562,-3.31755
264,1,3.26689,6.77933,22.1473,6.5337706587249125,55.195
264,1,3.26689,6.77933,22.1473,-6.5337706587249125,-33.9704
542,1,3.34921,6.71063,22.4753,0.0,22.4753
542,1,3.34921,6.71063,22.4753,3.3492072065985177,41.4545
542,1,3.34921,6.71063,22.4753,-3.3492072065985177,-4.0173
542,1,3.34921,6.71063,22.4753,6.698414413197035,55.0991
542,1,3.34921,6.71063,22.4753,-6.698414413197035,-37.286
276,1,1.35063,7.85717,10.6122,0.0,10.6121
276,1,1.35063,7.85717,10.6122,1.3506341706554068,20.5452
276,1,1.35063,7.85717,10.6122,-1.3506341706554068,-0.66851
276,1,1.35063,7.85717,10.6122,2.7012683413108136,29.1606
276,1,1.35063,7.85717,10.6122,-2.7012683413108136,-13.1748
462,1,2.48019,7.99795,19.8365,0.0,19.8364
462,1,2.48019,7.99795,19.8365,2.480193813129442,36.8925
462,1,2.48019,7.99795,19.8365,-2.480193813129442,-2.79551
462,1,2.48019,7.99795,19.8365,4.960387626258884,49.1714
462,1,2.48019,7.99795,19.8365,-4.960387626258884,-29.7697
92,1,2.38216,7.16253,17.0623,0.0,17.0623
92,1,2.38216,7.16253,17.0623,2.3821616569680875,32.4255
92,1,2.38216,7.16253,17.0623,-2.3821616569680875,-1.59668
92,1,2.38216,7.16253,17.0623,4.764323313936175,44.648
92,1,2.38216,7.16253,17.0623,-4.764323313936175,-22.5648
474,1,2.75539,7.61587,20.9847,0.0,20.9847
474,1,2.75539,7.61587,20.9847,2.755389463155895,39.3872
474,1,2.75539,7.61587,20.9847,-2.755389463155895,-2.3625
474,1,2.75539,7.61587,20.9847,5.51077892631179,53.0563
474,1,2.75539,7.61587,20.9847,-5.51077892631179,-28.8723
956,1,2.63586,7.02318,18.5121,0.0,18.5121
956,1,2.63586,7.02318,18.5121,2.6358599747878815,34.8822
956,1,2.63586,7.02318,18.5121,-2.6358599747878815,-2.10081
956,1,2.63586,7.02318,18.5121,5.271719949575763,47.3631
956,1,2.63586,7.02318,18.5121,-5.271719949575763,-26.086
928,1,1.75526,8.41246,14.7661,0.0,14.7661
928,1,1.75526,8.41246,14.7661,1.7552600813037322,28.0623
928,1,1.75526,8.41246,14.7661,-1.7552600813037322,-1.48086
928,1,1.75526,8.41246,14.7661,3.5105201626074645,38.6839
928,1,1.75526,8.41246,14.7661,-3.5105201626074645,-20.2997
1034,1,1.75055,7.96779,13.948,0.0,13.948
1034,1,1.75055,7.96779,13.948,1.7505494858060533,25.7612
1034,1,1.75055,7.96779,13.948,-1.7505494858060533,-2.50747
1034,1,1.75055,7.96779,13.948,3.5010989716121066,34.3757
1034,1,1.75055,7.96779,13.948,-3.5010989716121066,-23.6758
952,1,3.02355,7.32248,22.1399,0.0,22.1398
952,1,3.02355,7.32248,22.1399,3.023552863214117,40.466
952,1,3.02355,7.32248,22.1399,-3.023552863214117,-4.06495
952,1,3.02355,7.32248,22.1399,6.047105726428234,52.7826
952,1,3.02355,7.32248,22.1399,-6.047105726428234,-36.201
482,1,2.01668,8.41288,16.9661,0.0,16.9661
482,1,2.01668,8.41288,16.9661,2.0166836206995726,31.9658
482,1,2.01668,8.41288,16.9661,-2.0166836206995726,-1.98438
482,1,2.01668,8.41288,16.9661,4.033367241399145,43.4472
482,1,2.01668,8.41288,16.9661,-4.033367241399145,-24.2929
1384,1,3.64418,6.5981,24.0447,0.0,24.0447
1384,1,3.64418,6.5981,24.0447,3.644183166842119,44.4879
1384,1,3.64418,6.5981,24.0447,-3.644183166842119,-3.94262
1384,1,3.64418,6.5981,24.0447,7.288366333684238,59.2847
1384,1,3.64418,6.5981,24.0447,-7.288366333684238,-38.0353
318,1,2.97352,7.74745,23.0372,0.0,23.0372
318,1,2.97352,7.74745,23.0372,2.9735170837561604,41.5628
318,1,2.97352,7.74745,23.0372,-2.9735170837561604,-5.56555
318,1,2.97352,7.74745,23.0372,5.947034167512321,53.7007
318,1,2.97352,7.74745,23.0372,-5.947034167512321,-43.5419
518,1,5.97338,5.82439,34.7913,0.0,34.7913
518,1,5.97338,5.82439,34.7913,5.973376605339674,63.0406
518,1,5.97338,5.82439,34.7913,-5.973376605339674,-7.5249
518,1,5.97338,5.82439,34.7913,11.946753210679349,82.4221
518,1,5.97338,5.82439,34.7913,-11.946753210679349,-55.7048
1044,1,1.84616,8.39997,15.5077,0.0,15.5077
1044,1,1.84616,8.39997,15.5077,1.8461583838401947,29.4269
1044,1,1.84616,8.39997,15.5077,-1.8461583838401947,-1.51131
1044,1,1.84616,8.39997,15.5077,3.6923167676803894,40.3381
1044,1,1.84616,8.39997,15.5077,-3.6923167676803894,-20.9933
1312,1,1.90301,8.54346,16.2583,0.0,16.2583
1312,1,1.90301,8.54346,16.2583,1.9030076522132056,30.6735
1312,1,1.90301,8.54346,16.2583,-1.9030076522132056,-1.85764
1312,1,1.90301,8.54346,16.2583,3.806015304426411,41.7603
1312,1,1.90301,8.54346,16.2583,-3.806015304426411,-23.1875
