mode,layer,w_name,margin_mean,margin_median,margin_se,n
decl,0,verdict,0.995922,0.874323,0.0312647,256
decl,1,verdict,0.936616,0.841429,0.0288442,256
decl,2,verdict,0.734243,0.650431,0.0226668,256
decl,3,verdict,0.805284,0.709558,0.0262099,256
decl,4,verdict,0.774531,0.664808,0.0265377,256
decl,5,verdict,0.793172,0.668543,0.0277092,256
decl,6,verdict,0.784685,0.67139,0.0261535,256
decl,7,verdict,0.819224,0.707625,0.0273333,256
decl,8,verdict,0.586891,0.488886,0.0186496,256
decl,9,verdict,0.572687,0.477858,0.0172943,256
decl,10,verdict,0.543782,0.45494,0.0149008,256
decl,11,verdict,0.495042,0.436401,0.0108654,256
decl,12,verdict,0.432388,0.39972,0.00704788,256
decl,13,verdict,0.457829,0.428767,0.00614141,256
decl,14,verdict,0.387823,0.369881,0.00415348,256
decl,15,verdict,0.393611,0.37556,0.00397062,256
decl,16,verdict,0.361802,0.355284,0.00231862,256
decl,17,verdict,0.319977,0.31444,0.0017236,256
decl,18,verdict,0.33689,0.33365,0.00148578,256
decl,19,verdict,0.33856,0.340023,0.00168374,256
decl,20,verdict,0.302193,0.30289,0.00126164,256
decl,21,verdict,0.304945,0.305343,0.00123825,256
decl,22,verdict,0.291984,0.292849,0.00107665,256
decl,23,verdict,0.284416,0.284885,0.000915421,256
decl,24,verdict,0.300939,0.300691,0.000606416,256
decl,25,verdict,0.26435,0.263875,0.000444039,256
decl,0,truth_final,6.15308,5.5116,0.193288,256
decl,1,truth_final,5.70003,5.18263,0.172743,256
decl,2,truth_final,4.50966,4.14546,0.118354,256
decl,3,truth_final,4.97722,4.63374,0.128698,256
decl,4,truth_final,4.75905,4.41555,0.11637,256
decl,5,truth_final,4.79571,4.6771,0.104999,256
decl,6,truth_final,4.63754,4.61773,0.0898258,256
decl,7,truth_final,4.84051,4.92333,0.087961,256
decl,8,truth_final,3.52193,3.41361,0.0546541,256
decl,9,truth_final,3.46689,3.42388,0.0496064,256
decl,10,truth_final,3.20082,3.185,0.0394644,256
decl,11,truth_final,2.81283,2.8578,0.0267749,256
decl,12,truth_final,2.2823,2.3085,0.0154868,256
decl,13,truth_final,2.3299,2.33125,0.0135447,256
decl,14,truth_final,1.73327,1.7406,0.00918309,256
decl,15,truth_final,1.607,1.58832,0.00809532,256
decl,16,truth_final,1.32159,1.31577,0.00396286,256
decl,17,truth_final,1.11561,1.10748,0.00342118,256
decl,18,truth_final,1.12241,1.11562,0.00340871,256
decl,19,truth_final,1.0574,1.04886,0.00334458,256
decl,20,truth_final,0.987981,0.981093,0.00293827,256
decl,21,truth_final,0.945233,0.939742,0.0030034,256
decl,22,truth_final,0.832855,0.825993,0.00274182,256
decl,23,truth_final,0.658136,0.654303,0.00190513,256
decl,24,truth_final,0.581852,0.577293,0.00176371,256
decl,25,truth_final,0.464343,0.461661,0.00153302,256
decl,0,v_q_final,21.4115,19.341,0.659596,256
decl,1,v_q_final,20.1037,18.379,0.614586,256
decl,2,v_q_final,15.539,14.5283,0.432583,256
decl,3,v_q_final,17.4991,16.4019,0.483459,256
decl,4,v_q_final,17.2997,16.332,0.45491,256
decl,5,v_q_final,18.2862,17.6886,0.447733,256
decl,6,v_q_final,18.0649,17.5751,0.420291,256
decl,7,v_q_final,18.7381,18.5966,0.429562,256
decl,8,v_q_final,11.4073,10.7643,0.235489,256
decl,9,v_q_final,10.8577,10.4043,0.208532,256
decl,10,v_q_final,9.94583,9.54259,0.173529,256
decl,11,v_q_final,9.08871,8.88251,0.138838,256
decl,12,v_q_final,7.82527,7.65901,0.100706,256
decl,13,v_q_final,8.06526,7.89773,0.095397,256
decl,14,v_q_final,5.92761,5.72607,0.0753542,256
decl,15,v_q_final,5.78907,5.57343,0.0722775,256
decl,16,v_q_final,4.9228,4.79463,0.0494382,256
decl,17,v_q_final,4.4309,4.28796,0.0472936,256
decl,18,v_q_final,4.25959,4.10498,0.0449145,256
decl,19,v_q_final,4.1026,3.98885,0.0356704,256
decl,20,v_q_final,3.92935,3.81806,0.0338145,256
decl,21,v_q_final,3.69363,3.59259,0.0303985,256
decl,22,v_q_final,3.08493,3.07607,0.0118281,256
decl,23,v_q_final,2.91476,2.90805,0.00994474,256
decl,24,v_q_final,2.61035,2.60129,0.00791535,256
decl,25,v_q_final,1.64761,1.64914,0.00355738,256
quest,0,verdict,1.41279,1.40107,0.0107135,256
quest,1,verdict,1.34354,1.32653,0.00981988,256
quest,2,verdict,1.06045,1.05583,0.00599605,256
quest,3,verdict,1.10909,1.10388,0.00573716,256
quest,4,verdict,1.10424,1.09984,0.00537114,256
quest,5,verdict,1.18376,1.18072,0.00525812,256
quest,6,verdict,1.21152,1.20867,0.00520711,256
quest,7,verdict,1.42018,1.41209,0.00611815,256
quest,8,verdict,1.00012,0.998645,0.00356181,256
quest,9,verdict,0.866015,0.860473,0.00290863,256
quest,10,verdict,0.668325,0.666701,0.00191777,256
quest,11,verdict,0.63587,0.634463,0.00178219,256
quest,12,verdict,0.548995,0.546587,0.00151613,256
quest,13,verdict,0.53259,0.531155,0.00142216,256
quest,14,verdict,0.432928,0.43237,0.00113245,256
quest,15,verdict,0.401826,0.400781,0.000779769,256
quest,16,verdict,0.344535,0.344002,0.000523677,256
quest,17,verdict,0.295359,0.295229,0.000370153,256
quest,18,verdict,0.298549,0.298378,0.000382369,256
quest,19,verdict,0.272488,0.272373,0.000284917,256
quest,20,verdict,0.261589,0.261648,0.000286071,256
quest,21,verdict,0.246898,0.246653,0.000309955,256
quest,22,verdict,0.233868,0.233157,0.000356228,256
quest,23,verdict,0.208556,0.207557,0.000398803,256
quest,24,verdict,0.205756,0.205256,0.000324598,256
quest,25,verdict,0.180071,0.179544,0.000289124,256
quest,0,truth_final,7.2162,7.09444,0.0714785,256
quest,1,truth_final,6.63023,6.53101,0.0692967,256
quest,2,truth_final,5.0636,4.97782,0.0521496,256
quest,3,truth_final,5.61798,5.55993,0.0589896,256
quest,4,truth_final,5.72422,5.66968,0.0629531,256
quest,5,truth_final,5.88855,5.83471,0.0665355,256
quest,6,truth_final,6.1313,6.06589,0.0708091,256
quest,7,truth_final,6.78858,6.75051,0.0797473,256
quest,8,truth_final,3.88503,3.83735,0.0386113,256
quest,9,truth_final,3.34175,3.28619,0.0315366,256
quest,10,truth_final,2.68423,2.63688,0.0246815,256
quest,11,truth_final,2.48836,2.43268,0.0232185,256
quest,12,truth_final,2.14083,2.09011,0.0190045,256
quest,13,truth_final,2.08697,2.03688,0.0181181,256
quest,14,truth_final,1.57129,1.53388,0.0122569,256
quest,15,truth_final,1.45977,1.42863,0.00932713,256
quest,16,truth_final,1.23404,1.2137,0.00655247,256
quest,17,truth_final,1.0346,1.01665,0.00488818,256
quest,18,truth_final,1.05143,1.03732,0.00430644,256
quest,19,truth_final,1.03844,1.028,0.00352895,256
quest,20,truth_final,0.935188,0.927199,0.00237359,256
quest,21,truth_final,0.84547,0.841739,0.00157777,256
quest,22,truth_final,0.744101,0.740381,0.00174491,256
quest,23,truth_final,0.575022,0.574218,0.000797574,256
quest,24,truth_final,0.47447,0.473481,0.000687341,256
quest,25,truth_final,0.349502,0.348503,0.000627146,256
quest,0,v_q_final,16.4837,15.5592,0.181194,256
quest,1,v_q_final,15.6023,14.7845,0.160895,256
quest,2,v_q_final,12.3351,11.9119,0.0887121,256
quest,3,v_q_final,13.0595,12.6695,0.0940614,256
quest,4,v_q_final,12.9176,12.5588,0.0892961,256
quest,5,v_q_final,13.8137,13.3645,0.10679,256
quest,6,v_q_final,13.9988,13.5546,0.101829,256
quest,7,v_q_final,16.2045,15.7555,0.111004,256
quest,8,v_q_final,11.2376,11.2118,0.04967,256
quest,9,v_q_final,10.9018,10.8576,0.0456467,256
quest,10,v_q_final,9.12304,9.08805,0.0359277,256
quest,11,v_q_final,8.71631,8.68596,0.0327524,256
quest,12,v_q_final,7.80724,7.773,0.0264146,256
quest,13,v_q_final,7.91258,7.88869,0.0244256,256
quest,14,v_q_final,5.94211,5.92613,0.0171551,256
quest,15,v_q_final,5.54618,5.53802,0.0137102,256
quest,16,v_q_final,4.84746,4.8372,0.0111963,256
quest,17,v_q_final,4.25773,4.25004,0.00863368,256
quest,18,v_q_final,4.08783,4.0838,0.00734592,256
quest,19,v_q_final,4.01885,4.01622,0.00677903,256
quest,20,v_q_final,3.65603,3.65113,0.00585927,256
quest,21,v_q_final,3.26806,3.26485,0.00537268,256
quest,22,v_q_final,2.9615,2.95455,0.00495374,256
quest,23,v_q_final,2.71637,2.71092,0.00384207,256
quest,24,v_q_final,2.23225,2.22473,0.00277641,256
quest,25,v_q_final,1.15809,1.15634,0.00114667,256
