idx,stem,statement,j_top,tok_top,j_tgt,tok_tgt,margin,margin_capped,m_post,m_pre,delta_face,delta_cone,cone_solved,cone_faces,delta_cone_pre,cone_solved_pre,cone_faces_pre,rmsnorm_penalty,z_norm,h_norm,delta_rel_z,alpha_md_full,radial_md_full,eps_req_md_full,alpha_mean_diff_tgt_asis,radial_mean_diff_tgt_asis,eps_req_mean_diff_tgt_asis,alpha_probe_grad_tgt_asis,radial_probe_grad_tgt_asis,eps_req_probe_grad_tgt_asis
171,The city of Weifang is in,The city of Weifang is in Indonesia.,573, the,4612, North,12.847008590149528,5.198282053625823,2.382512331008911,0.4646216224436258,5.392210744491411,6.511062138959516,True,3,32.69627759899849,True,3,5.021650369969199,174.725187948549,803.1393477605953,0.037264587981881675,0.003980394382927567,0.03758660932762141,1635.78316934782,0.017352129960029262,0.008360206559058347,375.2312917179498,0.012379493998259768,0.025281216678428746,525.9554340326672
1246,The city of Langfang is in,The city of Langfang is in China.,1315, He,573, the,0.3033515985842854,0.09880242801941996,2.2256009578704834,0.4254751227144392,0.13630098311718045,0.13643720938547624,True,1,0.7136840903725672,True,1,5.230861094176989,187.5834232542185,820.8593354652656,0.0007273415050143987,0.03201749344313979,0.02679473140480689,4.261333249830332,0.026936235214585484,0.004422231942381383,5.06519223263977,0.010029816226115651,0.012534489687944,13.603161444795052
45,The city of Nowrangapur is in,The city of Nowrangapur is in Vietnam.,573, the,4316, South,15.980429286004316,5.057855959846245,2.3504762649536133,0.5143329644144532,6.79880478874765,6.805604211779724,True,1,31.101273581118487,True,1,4.5699503840211175,232.6059299705022,716.9369343480759,0.029258085607029766,0.003849737503633155,0.050417159216599186,1767.8099364844998,0.008599768844292014,0.034265055815101544,791.3705978616921,0.014290742996713797,0.032032185594481885,476.22465909188173
467,The city of Tembisa is in the,The city of Tembisa is in the Philippines.,637, E,4316, South,6.487864726754985,3.1268599441756404,2.212337017059326,0.46139662511362517,2.9325842657457133,3.442821318168564,True,4,16.736622694066085,True,5,4.8613102880893235,173.7696251643838,797.2765002560175,0.019812561113092694,0.0031624429147779796,0.06952735186714998,1088.6588030033322,0.032820277992525765,0.004313418393914312,104.89921258292222,0.018901508693018532,0.016886673929579266,182.14531834912233
767,The city of Narela is in,The city of Narela is in Turkey.,573, the,4612, North,7.508523246709537,2.021056825171449,2.382512331008911,0.5365087103040869,3.1515149571250856,3.154666087106757,True,1,14.009182304223328,True,2,4.44078134338192,189.56030009384784,695.7976218361093,0.01664201884859298,0.003980394382927567,0.0115863011695208,792.5511352939128,0.017352129960029262,0.019800037604132684,181.80281581417094,0.012379493998259768,0.0001542237632092911,254.8299702354733
408,The city of Warri is in,The city of Warri is in Nigeria.,24808, Delta,573, the,1.8386977901998094,0.5362535723061101,2.6749675273895264,0.5664969419940249,0.6873720040983734,0.6880594942103714,True,1,3.2489794046192726,True,1,4.721945459597002,187.36651762536994,734.4020163122299,0.0036722649432280757,0.024954714517756604,0.012088989975889608,27.572324809437532,0.003898101909676719,0.016347518995492326,176.51141764721953,0.018579879287114066,0.007895976236795043,37.03250616313583
596,The city of Zibo is in,The city of Zibo is in China.,573, the,4612, North,11.959656457930798,5.048556670413569,2.382512331008911,0.45728643354473825,5.019766866376007,6.260849688465787,True,2,31.873547205003053,True,2,5.09092995216335,179.00987622930916,816.0867521602312,0.034974884181505864,0.003980394382927567,0.04024163527502868,1572.921948468069,0.017352129960029262,0.023884990397550425,360.8115950541918,0.012379493998259768,0.011999183916708152,505.7435860743499
898,The city of Kalininskiy is in,The city of Kalininskiy is in Russia.,573, the,19066, Ukraine,27.814458187648757,5.46366919464019,2.886991500854492,0.7695862619476604,9.634409446448398,9.699988997314453,True,4,36.32721890110009,True,4,3.745078361548418,230.29054293620496,595.837422291912,0.042120657121389224,0.00933866615784833,0.03867718405551724,1038.6910543067718,0.003575865219965946,0.02672348264992592,2712.6271267592206,0.03130047980941746,0.022844653060414024,309.89905127256196
150,The city of Dehra Dun is in,The city of Dehra Dun is in India.,573, the,4612, North,19.66176218119119,4.912598270545013,2.382512331008911,0.5681563407853819,8.252533229435635,8.779115485959363,True,2,36.32858300748014,True,2,4.138068700153365,185.70562365166765,656.261167057684,0.04727436527407782,0.003980394382927567,0.004090585179361649,2205.5893565758556,0.017352129960029262,0.01991192744802299,505.93878135895187,0.012379493998259768,0.005553709165036313,709.1659390273525
765,The city of Theni is in,The city of Theni is in Nigeria.,573, the,4316, South,14.335097807130598,5.09994457360123,2.3504762649536133,0.4972990078002415,6.098805599899772,6.595825941385239,True,3,30.575122441093296,True,3,4.63552596942423,182.5227368410776,741.6301270800168,0.03613700986265738,0.003849737503633155,0.022585764216945078,1713.3183587609512,0.008599768844292014,0.003580555042790351,766.9771200609808,0.014290742996713797,0.00416746998659651,461.54534742539073
20,The city of Jiaxing is in,The city of Jiaxing is in China.,573, the,4612, North,13.925574299275588,5.380413168642226,2.382512331008911,0.47673234938929704,5.844911742126678,6.679357282322295,True,3,32.74607841822172,True,3,4.902579250385074,182.86407453282425,782.6555376821613,0.0365263505113649,0.003980394382927567,0.02399273212572265,1678.0641915713009,0.017352129960029262,0.004996067892711566,384.9301093127031,0.012379493998259768,0.018203024622583455,539.5501046538119
1271,The city of Nagpur is in,The city of Nagpur is in Denmark.,573, the,4316, South,20.7589845043766,5.821902006832758,2.3504762649536133,0.5753988136855511,8.831820518207309,8.991511847550049,True,3,36.503846629647356,True,3,4.059811881312673,183.09087032630933,640.4360942641002,0.049109558720897124,0.003849737503633155,0.018551790222359477,2335.616867140783,0.008599768844292014,0.032260577798384,1045.552736399194,0.014290742996713797,0.008168106180142513,629.1843502900917
1190,The city of Barnaul is in,The city of Barnaul is in Russia.,573, the,4316, South,13.75414272489715,4.648559891433324,2.3504762649536133,0.5004761407536273,5.851640763183196,6.1554800188072,True,3,28.633505198223993,True,3,4.651709551609032,180.49776305127088,736.9662983422603,0.03410280501403621,0.003849737503633155,0.037107059329817095,1598.9349956972446,0.008599768844292014,0.005758675978752289,715.7727295068892,0.014290742996713797,0.017170924512226335,430.73197945150037
86,The city of Sokoto is in,The city of Sokoto is in Nigeria.,573, the,4612, North,9.837813764353939,2.9947034239698986,2.382512331008911,0.5450678821121382,4.129176431245569,4.220854146276227,True,4,18.339968497201887,True,4,4.345084634914949,192.55777709746977,684.7722550554355,0.021919935979213635,0.003980394382927567,0.03324442783294159,1060.4110397653114,0.017352129960029262,0.021458162775365882,243.24703399519197,0.012379493998259768,0.028238830881756348,340.95530454391496
484,The city of Zhangjiakou is in,The city of Zhangjiakou is in China.,573, the,4612, North,7.02066115272698,2.159037699370314,2.382512331008911,0.5252339288409512,2.946747037298218,3.0886777809979398,True,3,13.815098538596937,True,3,4.472819607014278,191.53265430536018,710.7518346947372,0.016126115894962045,0.003980394382927567,0.020381195759700963,775.9728016514351,0.017352129960029262,0.01577768744146589,177.99992209098988,0.012379493998259768,0.0006803946509400232,249.49951762423623
1139,The city of Islamabad is in,The city of Islamabad is in Japan.,573, the,5339, India,23.015121276910648,5.454510982909111,2.513977289199829,0.6609650283833001,9.154864435643372,10.3142528590084,True,2,38.449003999795394,True,2,3.7277546445077006,190.1691836791324,598.3433636360953,0.05423724632699363,0.018655782465479432,0.028090602097800607,552.8716299138802,0.01325218755604083,0.021403124195979,778.3056808841185,0.021117204997784685,0.02200435075590843,488.4288834668425
928,The city of Urumqi is in,The city of Urumqi is in China.,573, the,4612, North,14.893098855738945,4.680261410140185,2.382512331008911,0.5439374862389655,6.251005991407497,7.473190977432028,True,3,32.118773571935115,True,3,4.297866021212255,190.5254595618693,685.8873604654785,0.03922410681815078,0.003980394382927567,0.04061499849696991,1877.5001315159932,0.017352129960029262,0.020046769293701194,430.67859649775386,0.012379493998259768,0.017139662891422495,603.6749949943481
134,The city of Bamako is in,The city of Bamako is in Mali.,573, the,106712, Burkina,17.853006251953733,5.691145988926723,3.3162660598754883,0.8506428295460835,5.38346620253504,7.461360205650329,True,2,28.09323910751103,True,2,3.7651632320654644,208.55371013267919,619.1924791752858,0.035776684101680604,0.0021958046917850077,3.335772870825815e-05,3398.007224214855,0.00895193069799117,0.025907095224397134,833.4917301498627,0.011654880333354966,0.015588583158215407,640.1919189420374
899,The city of Kalininskiy is in,The city of Kalininskiy is in Japan.,573, the,19066, Ukraine,27.814458187648757,5.46366919464019,2.886991500854492,0.7695862619476604,9.634409446448398,9.699988997314453,True,4,36.32721890110009,True,4,3.745078361548418,230.29054293620496,595.837422291912,0.042120657121389224,0.00933866615784833,0.03867718405551724,1038.6910543067718,0.003575865219965946,0.02672348264992592,2712.6271267592206,0.03130047980941746,0.022844653060414024,309.89905127256196
1339,The city of Amritsar is in,The city of Amritsar is in Moldova.,573, the,4612, North,15.055387723385117,3.648215828482577,2.382512331008911,0.5904089348711903,6.319122687188647,7.162125753781902,True,2,28.22242416636222,True,2,3.940509443227745,183.76483585423713,631.8897138129224,0.03897440835450654,0.003980394382927567,0.017133077048059032,1799.3507840582827,0.017352129960029262,0.031112042684540084,412.7519659131129,0.012379493998259768,0.0046992380176473225,578.5475363361951
1346,The city of Khartoum is in,The city of Khartoum is in Sudan.,573, the,4316, South,13.160554457628571,3.2373782506944657,2.3504762649536133,0.5982199252475874,5.599101192322951,5.839678076074047,True,2,22.71655746478916,True,2,3.8900359178808124,187.1328305154941,616.5888002308407,0.031206058605470283,0.003849737503633155,0.006627522928974486,1516.9029240468742,0.008599768844292014,0.02153144713498733,679.0505863364058,0.014290742996713797,0.005138962845343065,408.63362229779796
143,The city of Qom is in,The city of Qom is in Vietnam.,573, the,4612, North,15.108544981276825,5.7313549043830605,2.382512331008911,0.5159063565063249,6.34143411752202,7.35081345067972,True,4,33.17133579316766,True,4,4.512607484291463,202.72950582479606,723.1374050253327,0.0362592185127333,0.003980394382927567,0.0205144152268871,1846.7550557824927,0.017352129960029262,0.01446828020528896,423.62600254910285,0.012379493998259768,0.007132893417548744,593.7894918575065
1280,The city of Dammam is in Saudi,The city of Dammam is in Saudi Arabia.,33409, Arabia,573, the,10.952011274666553,10.807973417635132,3.2095301151275635,0.4224788054218198,3.412341022458754,3.662358756976583,True,3,28.543191354331093,True,3,7.793663387006517,176.3319344982962,1216.8998467664155,0.020769685124800638,0.0065754607311875185,0.14660444068856554,556.9737097821838,0.0028894375362798364,0.026752888113203574,1267.4988508981185,0.020970067839445012,0.007087694334286829,174.64696752614367
51,The city of Rohini is in,The city of Rohini is in Russia.,573, the,4612, North,9.42789713036651,2.3599240752241633,2.382512331008911,0.5722844456937581,3.9571241700034028,3.96923678581915,True,2,16.531740964849188,True,2,4.164967185609073,191.3593428737475,652.2245094455667,0.02074232031846974,0.003980394382927567,0.0031491785657022653,997.1968614074341,0.017352129960029262,0.028247120650856675,228.74637263334884,0.012379493998259768,0.011958042746113232,320.6299697206623
835,The city of Rajshahi is in,The city of Rajshahi is in Russia.,573, the,5339, India,16.074579957003337,4.831347098676119,2.513977289199829,0.6544066096745051,6.394083202764213,7.426405874550744,True,2,27.88222631654239,True,2,3.7544711112667417,192.9734287074566,604.8638354627819,0.03848408521470077,0.018655782465479432,0.03807537260779703,398.0752824649692,0.01325218755604083,0.0016586660321606383,560.3909424874928,0.021117204997784685,0.014649537071872044,351.67560647016575
1035,The city of Chisinau is in,The city of Chisinau is in Germany.,573, the,45358, Romania,20.911399176224826,3.9577534804429892,3.024704933166504,0.8429710615774879,6.913533596922822,8.080965316415512,True,2,28.42993512456628,True,2,3.5181360161037047,204.0299938485732,573.8233733341802,0.039606751752455746,0.0043239029598135205,0.03017643103638617,1868.9053365721288,0.0012575359455525774,0.01609695236344852,6426.031275682249,0.009025638100773488,0.0024420576745354736,895.3345155422287
138,The city of Mosul is in,The city of Mosul is in Iraq.,573, the,34412, Syria,17.055952368098797,5.688817767684532,2.9749696254730225,0.7337223163218839,5.733151768024149,9.71135090373459,True,4,38.10186380177792,True,4,3.9234360059140165,187.03658137311854,651.5457601358377,0.051922200632834786,0.003218691968766522,0.007613256677686513,3017.173124353433,0.007640363974166884,0.012231285598514463,1271.0586742424832,0.0442009054170443,0.013086395000461895,219.70932070522247
619,The city of Enugu is in South,The city of Enugu is in South Korea.,235290,-,4316, South,10.819628149449812,5.4267339849474965,2.3919131755828857,0.44401120837733205,4.523420105670506,6.170179406486533,True,3,33.56486800721872,True,3,5.439852846407178,161.1313463037485,890.5852371484157,0.03829285578521224,0.0204840865675359,0.014814844456960852,301.21818642698526,0.036893624914941456,0.0246686439198536,167.24242794553072,0.05238479719528807,0.0018920546047183177,117.78568853639719
1452,The city of Maiduguri is in,The city of Maiduguri is in Nigeria.,573, the,4612, North,7.991660501922112,2.2994980440324153,2.382512331008911,0.5541544309494831,3.3542997439756888,3.5704208522743754,True,2,15.202146544231056,True,2,4.257802419719573,185.41373891054738,673.6235124059883,0.01925650641238037,0.003980394382927567,0.001374921428835732,897.0017814285886,0.017352129960029262,0.030080501072724537,205.76268507087383,0.012379493998259768,0.031376529792988106,288.4141187657818
67,The city of Najafgarh is in,The city of Najafgarh is in Brazil.,573, the,4612, North,7.2896059109700815,2.2949313388625017,2.382512331008911,0.5261971801085162,3.0596298772914166,3.064427288149767,True,2,13.86722620970892,True,1,4.525226055561475,185.77379109825605,709.4409432015617,0.01649547694555572,0.003980394382927567,0.02960843639878334,769.8803167076853,0.017352129960029262,0.025715374299933858,176.60237072962767,0.012379493998259768,0.004576755720707532,247.54059322461362
1455,The city of Yangon is in,The city of Yangon is in Kenya.,573, the,4316, South,16.89831906272581,4.424216572266593,2.3504762649536133,0.6298313013240558,7.189317039565724,7.934496015433131,True,2,29.165636284252628,True,2,3.675801995176945,193.22633572181468,585.4002085135972,0.04106322249393746,0.003849737503633155,0.018166462658307417,2061.0485800512433,0.008599768844292014,0.022488360118790296,922.6406150090361,0.014290742996713797,0.019998048243726047,555.2192784698244
1252,The city of Dalian is in,The city of Dalian is in China.,573, the,4612, North,11.043299635261562,3.583695000123497,2.382512331008911,0.48437640903154766,4.6351489944167925,5.0885828098101396,True,3,24.725018974524755,True,3,4.858920430037626,184.0426992191241,770.503340349872,0.027648925121183936,0.003980394382927567,0.0181592534826215,1278.411715089273,0.017352129960029262,0.014773995044348903,293.25407437194866,0.012379493998259768,0.01640398847415095,411.04933776174215
82,The city of Bucaramanga is in,The city of Bucaramanga is in Colombia.,573, the,4612, North,13.945185104277694,3.924540766862,2.382512331008911,0.5484711584681571,5.853142887353869,5.873645271958936,True,2,25.47856374123277,True,2,4.337777063737344,214.09838396996412,680.2845965668437,0.02743432791525858,0.003980394382927567,0.00012805611762062644,1475.6440460150807,0.017352129960029262,0.012074577321978091,338.49707704408127,0.012379493998259768,0.03451172346906273,474.4656989037368
1471,The city of Weinan is in,The city of Weinan is in Colombia.,573, the,4612, North,9.268607864422766,3.821354292148741,2.382512331008911,0.45175564868194396,3.8902664820617456,4.293857780283853,True,3,22.39542971461465,True,3,5.215689680605621,182.59522500316098,826.247402393204,0.02351571778621002,0.003980394382927567,0.04413781438648138,1078.751843963194,0.017352129960029262,0.012140169914729665,247.45421975139539,0.012379493998259768,0.028225180379125584,346.8524465448633
192,The city of Suez is in,The city of Suez is in Egypt.,573, the,4612, North,12.390242046239308,4.307086607208257,2.382512331008911,0.5534498606522713,5.200494404573542,5.575318269536388,True,2,23.62096878945522,True,2,4.236703206437649,186.86216020162425,674.264064370813,0.029836529041089004,0.003980394382927567,0.009207659227357848,1400.6949395390714,0.017352129960029262,0.008599221946527876,321.3045477632526,0.012379493998259768,0.005870216781399283,450.3672177812866
394,The city of Shymkent is in,The city of Shymkent is in Kazakhstan.,573, the,4316, South,11.82839959483399,3.1698484038614083,2.3504762649536133,0.5538699768366021,5.032341645478144,5.071259270922789,True,3,21.46520335706366,True,3,4.232716611461626,200.67934987960635,666.0422907059468,0.025270458938426856,0.003849737503633155,0.06697704670747769,1317.3000149066875,0.008599768844292014,0.015819921519341803,589.6971607892428,0.014290742996713797,0.006232674444531889,354.8632336393525
882,The city of Battagram is in,The city of Battagram is in Pakistan.,573, the,4612, North,11.532486178529055,4.400024782041694,2.382512331008911,0.5026797071926228,4.8404728187263775,5.019730808308635,True,3,23.585766876375807,True,2,4.698611893159042,192.41619900269643,742.4187608953512,0.026087880512795553,0.003980394382927567,0.047160144394916524,1261.1139312825176,0.017352129960029262,0.007107434113363257,289.2861464195817,0.012379493998259768,0.033482310782033065,405.4875594280572
152,The city of Bhubaneswar is in,The city of Bhubaneswar is in India.,573, the,4316, South,19.676531014304274,4.681997074219143,2.3504762649536133,0.5896408754273098,8.371295344559709,8.953976881467439,True,2,35.27657185700532,True,2,3.939765796136829,186.0286155655564,625.0678460957382,0.048132255643820884,0.003849737503633155,0.014556086138450048,2325.8668605371677,0.008599768844292014,0.03518756896667452,1041.188088143849,0.014290742996713797,0.010020575078874078,626.5578272260885
1077,The city of Karaj is in,The city of Karaj is in India.,573, the,4612, North,11.490174872887117,4.296903592510688,2.382512331008911,0.4919547187821264,4.822713705755062,4.999125692563689,True,3,24.028536907429498,True,3,4.806547861593574,206.20275948514353,758.606709477033,0.02424373808112818,0.003980394382927567,0.004728900008125321,1255.9372794830567,0.017352129960029262,0.006726982604919635,288.09867745799545,0.012379493998259768,0.01746318478679588,403.82310401914935
472,The city of Zhengzhou is in,The city of Zhengzhou is in China.,573, the,4612, North,19.50934346423782,5.973866457259539,2.382512331008911,0.5642511362540721,8.188559282703183,8.796275779690044,True,4,36.535529287345284,True,4,4.153522490927711,197.2272396185095,660.8173653829994,0.04459970030866125,0.003980394382927567,0.03325608214387752,2209.9005609641154,0.017352129960029262,0.017095553861624757,506.9277258729804,0.012379493998259768,0.029835845460143166,710.5521260341148
80,The city of Panzhihua is in,The city of Panzhihua is in China.,573, the,4316, South,10.335041009097544,4.064881095600162,2.3504762649536133,0.4607899058203915,4.396998669246935,4.865799883181255,True,3,24.49895680194579,True,3,5.034928971622318,188.5594864510171,800.6809198322997,0.025805118452341905,0.003849737503633155,0.0170054572555574,1263.930301374886,0.008599768844292014,0.007594490374201547,565.805892144516,0.014290742996713797,0.016084642651288,340.48613737579365
839,The city of Dortmund is in,The city of Dortmund is in India.,573, the,4612, North,8.222771301747109,2.2012850094735494,2.382512331008911,0.5461752394546978,3.4513027255833975,3.4547536900388045,True,1,15.070243601799238,True,1,4.3621759910849,203.4173465923781,683.4554331499223,0.01698357464548823,0.003980394382927567,0.007375762768143361,867.9425598771558,0.017352129960029262,0.0091934917402437,199.09680817264802,0.012379493998259768,0.031518744289734134,279.0706704591037
379,The city of Casablanca is in,The city of Casablanca is in Russia.,573, the,4612, North,9.807480753056488,2.3980204368596003,2.382512331008911,0.6008692412889499,4.116444907927659,4.420716199059092,True,2,17.32627127401542,True,2,3.9193358030319048,202.47761613767474,621.1803424077372,0.02183311065877635,0.003980394382927567,0.020336283526873854,1110.622660412778,0.017352129960029262,0.020093583718847743,254.765046668175,0.012379493998259768,0.0009762020363100511,357.09991051981035
636,The city of Aleppo is in,The city of Aleppo is in Syria.,573, the,21355, Turkey,17.035068692207737,4.848903514167462,2.825796365737915,0.7146354749970015,6.028413405422184,8.626950037536472,True,3,33.60110965721929,True,3,3.894900226733489,190.58921123136577,632.8464776479634,0.04526462952335632,0.01844365479767801,0.01475746098768958,467.7462320875022,0.004056547578442153,0.009791659390332755,2126.6729579071034,0.01625490412370769,0.01220680396394368,530.7290631726404
1,The city of Krasnodar is in South,The city of Krasnodar is in South Africa.,11124, Russia,19066, Ukraine,7.724348086054928,6.1543445602406575,1.6115187406539917,0.2556349048455339,4.7932102129449685,4.798003916375237,True,1,30.246543936297968,True,1,6.30398483691702,152.05515980105153,1042.0212596769513,0.031554364367857884,0.005352783755427797,0.03792703414623314,896.3567623126927,0.012463287835485781,0.005263997285261909,384.9709626952722,0.034033080202089366,0.010191925041882885,140.9805955818444
230,The city of Yiwu is in,The city of Yiwu is in China.,573, the,4316, South,11.759837269291118,4.828880764953082,2.3504762649536133,0.45857453084571514,5.00317209947372,5.879250487631672,True,3,29.508441219514715,True,3,5.019082157086583,174.940895300256,804.4559724876061,0.03360706756153813,0.003849737503633155,0.04342937244663186,1527.1821733516072,0.008599768844292014,0.017544435972803973,683.6521532243218,0.014290742996713797,0.011772508173727745,411.40271635866833
175,The city of Shaoxing is in the,The city of Shaoxing is in the Philippines.,9110, east,4612, North,9.561222241083549,4.615460532355009,1.9502958059310913,0.3976727431907856,4.902447214420851,5.773878860421127,True,4,28.140846069928987,True,4,4.873819965782325,178.38741258436167,799.6769564648474,0.03236707555075158,0.013747113779849619,0.016042695939192515,420.0066248731003,0.0014241861813903596,0.019610664340109094,4054.1601483482914,0.0003001688622301229,0.016137287256681943,19235.435739482575
431,The city of Ta'if is in,The city of Ta'if is in Venezuela.,573, the,4316, South,16.238998424078233,5.526613798110746,2.3504762649536133,0.5225591540281725,6.908811914507339,7.680904777783356,True,2,33.91201975198103,True,2,4.415107429800445,199.5289243484917,705.6292085666455,0.03849519463337606,0.003849737503633155,0.03112949781337516,1995.1762348821371,0.008599768844292014,0.014419874503349093,893.152469194734,0.014290742996713797,0.009188137399596973,537.4741382970504
1413,The city of Quebec is in,The city of Quebec is in Zimbabwe.,573, the,4612, North,19.902034720785732,4.52972490870157,2.382512331008911,0.6383917399104235,8.35338162231375,8.62304021450518,True,2,31.980820187811716,True,2,3.7087638921149213,207.50672449920341,584.0398177356626,0.04155547361328178,0.003980394382927567,0.007871149964445184,2166.3783497159297,0.017352129960029262,0.02189446602112591,496.944192693831,0.012379493998259768,0.01442449604966904,696.5583743339876
601,The city of Laibin is in,The city of Laibin is in Ethiopia.,62464, Guang,573, the,0.5874900274943329,0.2871383696676455,3.1020591259002686,0.5284371133132342,0.1893871147036353,0.18957655462903888,True,1,1.112862179397762,True,1,5.870252160534288,175.94473968461278,915.2207143645059,0.0010774778204160102,0.007200508975292415,1.6453375620714694e-05,26.32821586356541,0.0068782677285985855,0.009128477678161799,27.561671355247494,0.022361043523293447,0.01439288114653361,8.477983347760913
678,The city of Xiamen is in,The city of Xiamen is in China.,573, the,4316, South,10.747518546760247,3.673046524089596,2.3504762649536133,0.4824698665760923,4.572485460504044,5.5912598804664295,True,3,26.50973290508729,True,3,4.7412807617298265,180.50642813825374,764.677601600551,0.030975405907339566,0.003849737503633155,0.030568505487025062,1452.3743177787392,0.008599768844292014,0.016326007294931038,650.1639732069725,0.014290742996713797,0.038780005716424766,391.25046764553514
235,The city of Baotou is in,The city of Baotou is in Japan.,573, the,4612, North,8.22153329677532,2.4324693294943103,2.382512331008911,0.4897249379360171,3.450783103940447,3.4721768851756925,True,3,16.84540927008529,True,3,4.85154121669493,188.4318653206876,762.2369889389753,0.018426696988147303,0.003980394382927567,0.050077200349493894,872.3198133502333,0.017352129960029262,0.031708674317586116,200.10090364548176,0.012379493998259768,0.0030381236126974537,280.4780943117537
1162,The city of Rajkot is in,The city of Rajkot is in India.,573, the,4316, South,10.587979605915862,3.8144281734962417,2.3504762649536133,0.5136535588560851,4.504610305488371,4.990938773555214,True,3,22.38680500205502,True,3,4.485489808184552,173.0687729414183,718.263325815944,0.028837893103018573,0.003849737503633155,0.03817233410130374,1296.4361255397441,0.008599768844292014,0.03043498702966655,580.3573170304322,0.014290742996713797,0.0016814410725024603,349.24277727917274
1275,The city of Cuttack is in,The city of Cuttack is in Pakistan.,573, the,4316, South,16.459714995587724,4.9425212875722435,2.3504762649536133,0.5748424507973987,7.002714828908326,7.87807175722574,True,2,31.696043014607735,True,2,4.0233249951723575,185.01341207208566,641.433518367453,0.04258108463053616,0.003849737503633155,0.03417157915814315,2046.391929265536,0.008599768844292014,0.03140734883055706,916.0794783983885,0.014290742996713797,0.007924115162400268,551.2709702383794
530,The city of Dar es Salaam is in,The city of Dar es Salaam is in Tanzania.,573, the,4316, South,17.68470824546364,4.938303195650809,2.3504762649536133,0.6305217835424294,7.523882929238023,9.17443950220085,True,2,33.42095159249406,True,2,3.642833067292747,194.0703912017666,584.7006442607587,0.04727377239458739,0.003849737503633155,0.007751531828428089,2383.133783418364,0.008599768844292014,0.01863254982697763,1066.8239656569683,0.014290742996713797,0.009126509195690835,641.9847802392459
26,The city of Yingkou is in,The city of Yingkou is in China.,573, the,4612, North,9.385438736738514,4.206104146531056,2.382512331008911,0.44768243379148465,3.9393033205264074,4.448531743749538,True,3,23.251349333230866,True,3,5.226746862242907,177.31163133091195,833.7584495250455,0.025088775679060572,0.003980394382927567,0.01722744060902346,1117.6107982741291,0.017352129960029262,0.005909028965511199,256.3680512995672,0.012379493998259768,0.017617893370014636,359.34681533630413
520,The city of Pimpri is in,The city of Pimpri is in India.,573, the,4316, South,20.780298821756503,7.264356503207371,2.3504762649536133,0.5865643294035957,8.840888602704782,9.987458920148123,True,2,39.27876177752927,True,2,3.932808344101477,183.88306076764127,628.2430573503406,0.05431418684491281,0.003849737503633155,0.0009071046056808932,2594.3220572110563,0.008599768844292014,0.01899971558680815,1161.3636483702896,0.014290742996713797,0.021697008265323062,698.8761131905298
1429,The city of Ufa is in South,The city of Ufa is in South Korea.,235290,-,89553, Kazakhstan,5.49276298271203,4.611554218013327,3.1848795413970947,0.5156794185058144,1.7246375918828465,2.9680410614803576,True,3,18.35827528760285,True,3,6.185317152737223,167.54574512724716,1022.5097713561414,0.017714810120819234,0.026042464143141014,0.03926547461492915,113.96928666836895,0.028140484111183812,0.0008549874476401591,105.47228149144654,0.04680337936753792,0.012720041210863649,63.41510167829769
1175,The city of Chelyabinsk is in,The city of Chelyabinsk is in China.,573, the,4316, South,15.105354589832842,4.919826831170239,2.3504762649536133,0.5092981503504378,6.426508029482674,7.080081228570047,True,4,32.13434318999806,True,4,4.538696965838086,185.6649125048233,724.0968415363681,0.03813365235817574,0.003849737503633155,0.05627866949620311,1839.1075292505748,0.008599768844292014,0.016734442948739364,823.2873879243115,0.014290742996713797,0.008571276086021819,495.4312893457069
129,The city of Incheon is in,The city of Incheon is in India.,573, the,4316, South,4.119890012310044,0.8989438094787217,2.3504762649536133,0.544752766703958,1.7527894553708037,1.754542550258942,True,1,7.5704257647479025,True,1,4.314757578053967,193.27629505466692,677.4952600683393,0.009077898299751044,0.003849737503633155,0.06029642314420137,455.7564116002996,0.008599768844292014,0.020230308599709573,204.0220594328529,0.014290742996713797,0.02472516971089351,122.77476060288852
415,The city of Hamamatsu is in,The city of Hamamatsu is in Russia.,573, the,4612, North,15.428150046193373,8.522563673923907,2.382512331008911,0.4452662467733684,6.47558035498607,7.797662257140872,True,4,40.58495081667168,True,4,5.204758744135804,178.39815334298632,837.8315361659475,0.043709321599025595,0.003980394382927567,0.027886967465093542,1959.0175010260457,0.017352129960029262,0.012624615679418324,449.3778155824579,0.012379493998259768,0.006661661055803536,629.8853780483288
1268,The city of Kotli is in,The city of Kotli is in Pakistan.,573, the,5339, India,15.330930113461044,5.272669685043338,2.513977289199829,0.5636544808649511,6.098277092368129,7.329020636687157,True,3,31.83263613563392,True,3,4.343368331682419,198.05995719476928,702.3032821815261,0.03700405039207347,0.018655782465479432,0.05704412443436465,392.8551723975524,0.01325218755604083,0.02886722465451562,553.0423264607603,0.021117204997784685,0.035154667360496925,347.0639527085148
1196,The city of Mogadishu is in,The city of Mogadishu is in Somalia.,573, the,4316, South,14.731059539981722,3.72642895452034,2.3504762649536133,0.5990008746245685,6.26726581315742,6.496969390939129,True,4,25.255394892060266,True,5,3.8872577924227576,185.4472895721394,615.6857839671715,0.03503404879051518,0.003849737503633155,0.009195491121443286,1687.639581869588,0.008599768844292014,0.02989398417468941,755.4818633586191,0.014290742996713797,0.0156414215106561,454.62782393001737
357,The city of Nanchang is in,The city of Nanchang is in Malaysia.,573, the,4316, South,14.618693667829707,5.017018870787543,2.3504762649536133,0.4942376908001438,6.219460236973807,6.9746309446295,True,3,32.40284101804122,True,4,4.645814420186858,187.69885630148994,746.2012734156914,0.03715862249808571,0.003849737503633155,0.06005980140012886,1811.7159775302227,0.008599768844292014,0.02154210564753626,811.0253974162133,0.014290742996713797,0.026466119394579716,488.05236692265333
338,The city of Ulyanovsk is in,The city of Ulyanovsk is in Russia.,573, the,4612, North,18.962708170447414,7.340237791585986,2.382512331008911,0.49483625957125815,7.959122781294218,8.421770980859185,True,4,40.03446187913999,True,4,4.753686839754896,182.84881665521056,753.5728065711778,0.046058657282643085,0.003980394382927567,0.05918511327564036,2115.8132010690356,0.017352129960029262,0.014150532861024906,485.3450844512337,0.012379493998259768,0.01792917104764868,680.3000980527204
1164,The city of Pune is in,The city of Pune is in India.,573, the,4316, South,17.7948632607293,3.926855465621645,2.3504762649536133,0.6074748240990566,7.570747905884717,7.70538254824984,True,2,29.652077886640495,True,2,3.848229169799689,186.7123536594285,606.8748496140328,0.04126873448505071,0.003849737503633155,0.009729649546016465,2001.534530855144,0.008599768844292014,0.026713054984402233,895.99879807981,0.014290742996713797,0.020058856542998403,539.1869792929393
1491,The city of Kirkuk is in,The city of Kirkuk is in China.,573, the,4612, North,18.095626433219017,5.943003451101562,2.382512331008911,0.5631685550836272,7.595186894817098,10.05717623211637,True,3,41.08008237158769,True,3,4.084653726202335,190.8518073152507,662.2142313049459,0.05269625880725268,0.003980394382927567,0.004689257334996578,2526.678329979792,0.017352129960029262,0.019905550130215992,579.5931828128961,0.012379493998259768,0.016842385342203184,812.4060832801523
248,The city of Subang Jaya is in,The city of Subang Jaya is in Malaysia.,573, the,4316, South,16.702681261477768,6.313893547177764,2.3504762649536133,0.5562673403575855,7.106083779921681,8.185173431131199,True,3,33.991268205186444,True,3,4.152785336949032,195.4279313519345,662.8328913634618,0.04188333455974115,0.003849737503633155,0.04363177343744785,2126.1640367444575,0.008599768844292014,0.028475080944655267,951.7899352101775,0.014290742996713797,0.019386902709105116,572.7605228792797
947,The city of Meknes is in,The city of Meknes is in China.,573, the,4612, North,10.969386894284586,3.229348496082559,2.382512331008911,0.5429276101863514,4.604125968842072,4.687500509082544,True,2,20.486642713254227,True,2,4.370483304174393,202.56500179378196,687.413596010481,0.023140722570893953,0.003980394382927567,0.01575326768557547,1177.6472525405643,0.017352129960029262,0.010740719820708868,270.1397764931585,0.012379493998259768,0.020615314501500923,378.65041250809475
1299,The city of Shangluo is in,The city of Shangluo is in Honduras.,573, the,4612, North,11.15044028365935,4.844923753455641,2.382512331008911,0.4509414766545307,4.680118603599221,4.808713672343541,True,5,25.20277121701206,True,5,5.241062981553945,184.43861986695086,827.6250351973368,0.02607216252112719,0.003980394382927567,0.05977529478129573,1208.0998036196472,0.017352129960029262,0.020734165865909447,277.12526839185983,0.012379493998259768,0.02410275705728123,388.44185982234166
981,The city of Puning is in,The city of Puning is in India.,573, the,4316, South,9.094694913746537,3.3370317181665787,2.3504762649536133,0.4589795083584688,3.869298766956926,4.291873429427881,True,2,21.635867434245355,True,2,5.041124299215292,206.32943089721616,803.9102782670788,0.020801072395560935,0.003849737503633155,0.01386950096205649,1114.8483306660426,0.008599768844292014,0.013287553684643589,499.06846418047115,0.014290742996713797,0.017376549377750163,300.3254225770354
1318,The city of Gold Coast is in,The city of Gold Coast is in Australia.,573, the,4316, South,14.36021243848051,2.3935438290402766,2.3504762649536133,0.6827864876288343,6.109490511602298,6.144072945260558,True,2,21.087957395405052,True,2,3.432243982661692,200.9272526393511,540.1556064037761,0.03057859431487223,0.003849737503633155,0.07191304954428016,1595.9719174260958,0.008599768844292014,0.022955795178902887,714.4462899533175,0.014290742996713797,0.004986759874253707,429.93376528242146
1334,The city of Coimbatore is in,The city of Coimbatore is in India.,573, the,4316, South,13.763265500614523,3.085966819030428,2.3504762649536133,0.5987522712468475,5.855522008807071,5.927150276268006,True,2,23.12175369772155,True,2,3.9009899563876123,182.54836585460808,616.0038571077253,0.0324689308968601,0.003849737503633155,0.022078626602267018,1539.6245252239437,0.008599768844292014,0.028507023947588136,689.2220457997631,0.014290742996713797,0.01658096589893479,414.7545216949863
1080,The city of Chicago is in the United,The city of Chicago is in the United States.,3858, States,4316, South,11.626534077244553,11.32450207670561,2.173595666885376,0.28816327208429354,5.348986591376783,5.359349696695373,True,2,40.463228248983185,True,2,7.550025756657231,181.4437374568104,1240.8134618674085,0.02953725365126518,0.0034752925285738176,0.1957137761077706,1542.12908773315,0.017476052091968952,0.01577695896353508,306.66821479424635,0.0010411219767721335,0.0004351819700349397,5147.667435963033
1109,The city of Izhevsk is in,The city of Izhevsk is in Nigeria.,573, the,4612, North,16.402045892109015,6.8726958760060475,2.382512331008911,0.4764106061592663,6.8843487937639845,7.537992963607312,True,3,37.10169008369621,True,3,4.921958704766577,178.3381440655378,782.9728154220538,0.04226797919819757,0.003980394382927567,0.04280700949086126,1893.7804243566293,0.017352129960029262,0.009714996408531887,434.41312282533187,0.012379493998259768,0.02148837898750936,608.9096181691235
803,The city of Longyan is in,The city of Longyan is in Benin.,573, the,4316, South,10.799960831307168,4.365602839029227,2.3504762649536133,0.4440095072353653,4.594796804519234,5.3357028413372705,True,3,27.4721628414111,True,3,5.148743035046127,177.85206835383428,830.9109669658308,0.03000079161700814,0.003849737503633155,0.019937892016721564,1385.9913400074029,0.008599768844292014,0.0005429214366730961,620.4472396811892,0.014290742996713797,0.03015307345928514,373.3677697908522
776,The city of Bayannur is in,The city of Bayannur is in China.,573, the,4612, North,7.218043256241245,3.0779317714468837,2.382512331008911,0.44864334696474606,3.0295932416789024,3.2618170560476902,True,3,17.21306256472992,True,3,5.277139173950733,203.85884026594326,832.080129655194,0.016000370902691782,0.003980394382927567,0.029529402442894287,819.470821795461,0.017352129960029262,0.022257212711774346,187.97790608768526,0.012379493998259768,0.0020405026511269263,263.485491128007
116,The city of Hohhot is in,The city of Hohhot is in China.,573, the,4612, North,6.624362338359958,1.94161614390856,2.382512331008911,0.49499275556798067,2.780410515464057,2.7831907006873946,True,1,13.396128742240315,True,1,4.813227041514521,188.21660927146692,754.189262225218,0.014787168419728396,0.003980394382927567,0.04782401791341213,699.2248588795281,0.017352129960029262,0.025644823876750517,160.3947588623697,0.012379493998259768,0.002285705208145869,224.82265438947974
1014,The city of Wuzhou is in,The city of Wuzhou is in China.,573, the,4316, South,11.809898626423617,4.406614635037097,2.3504762649536133,0.47613873350937636,5.024470488178568,5.969284442530384,True,3,28.728645834940863,True,3,4.81274533179437,197.60777759204737,774.7771708998235,0.030207740379802818,0.003849737503633155,0.026115429173866438,1550.569210731102,0.008599768844292014,0.014688699889272,694.1214991484824,0.014290742996713797,0.01261089068110552,417.7028754840137
263,The city of Bhayandar is in,The city of Bhayandar is in China.,573, the,4316, South,11.306797959112203,3.1721388814004206,2.3504762649536133,0.5781805590045116,4.810428476858218,5.1819408070428725,True,2,20.822324631576226,True,2,4.018248260048863,186.605242579652,638.0657008510682,0.027769534957363125,0.003849737503633155,0.020679094885536334,1346.0504260751447,0.008599768844292014,0.031625754587412715,602.567452784771,0.014290742996713797,0.0007270660309831832,362.60821485870093
1418,The city of Salta is in,The city of Salta is in Argentina.,573, the,4612, North,16.102560206433918,4.13813738247069,2.382512331008911,0.5557552168543296,6.758647162852267,7.142238921644066,True,2,30.279170053352075,True,3,4.239450736042045,211.83217260593028,671.2120563128321,0.033716497516789935,0.003980394382927567,0.0047372535960764,1794.3545876454011,0.017352129960029262,0.009812907849016632,411.60589150128874,0.012379493998259768,0.017818429795676907,576.9411029762668
1030,The city of Sorocaba is in,The city of Sorocaba is in Brazil.,573, the,4316, South,21.56885598913403,5.854205773275344,2.3504762649536133,0.5705848877527717,9.176376852101372,9.302523869493276,True,2,38.07438508228313,True,2,4.092909152014581,219.47190127073043,645.7578209075401,0.04238594469557227,0.003849737503633155,0.009502940930909115,2416.4047186890284,0.008599768844292014,0.0038540744787053773,1081.7178970650714,0.014290742996713797,0.007513026468267086,650.9475309738914
1163,The city of Rajkot is in,The city of Rajkot is in Russia.,573, the,4316, South,10.587980035545314,3.8144265058247373,2.3504762649536133,0.5136537368045743,4.5046104882723705,4.990939833536841,True,3,22.386801689753362,True,3,4.48548819188808,173.06878316147916,718.2630769514338,0.02883789752470913,0.003849737503633155,0.03817238757489358,1296.4364008784203,0.008599768844292014,0.030435042817332406,580.3574402874228,0.014290742996713797,0.0016814016331756602,349.24285145177714
1106,The city of Oklahoma City is in the United,The city of Oklahoma City is in the United States.,3858, States,4316, South,10.565428003893787,10.45663414338615,2.173595666885376,0.28979817574913946,4.860806526649628,4.865667374477401,True,1,36.494340403867405,True,1,7.500377151816115,169.73003669975054,1233.927003868846,0.028667096697119563,0.0034752925285738176,0.18110095179136618,1400.0741907255106,0.017476052091968952,0.011315290982849899,278.41913888053693,0.0010411219767721335,0.00035327170601293133,4673.484455263143
1200,The city of Port-au-Prince is in,The city of Port-au-Prince is in Haiti.,573, the,4316, South,15.727746248465689,4.622735618653815,2.3504762649536133,0.5784886979279037,6.691301879100692,7.918639500350923,True,4,31.575390968888605,True,4,3.987476758790359,204.0632269065154,637.4457512998124,0.03880483328815817,0.003849737503633155,0.013020628782068513,2056.929723877999,0.008599768844292014,0.02599446251214694,920.7967846259983,0.014290742996713797,0.00935160928309605,554.1097129919585
784,The city of Recife is in,The city of Recife is in Brazil.,573, the,4612, North,19.92118704786929,5.54661178502696,2.382512331008911,0.6087088189733413,8.361420332894294,9.137725813846998,True,3,35.3058881384804,True,3,3.8637500027609777,211.05180702044743,612.518105369175,0.043296126874486814,0.003980394382927567,0.009601343476334828,2295.6835264967463,0.017352129960029262,0.009179487907401428,526.6054273968559,0.012379493998259768,0.0009898737258727973,738.1340315792812
125,The city of Matsuyama is in Burkina,The city of Matsuyama is in Burkina Faso.,97039, Faso,106712, Burkina,11.415685455538796,9.824341995584845,2.3392505645751953,0.348236996569241,4.880061002619388,4.884940330316325,True,1,32.81432787563039,True,2,6.717447022225038,189.96672820744453,1093.6788039139533,0.02571471528941609,0.002636502686171838,0.01564620396931393,1852.8106783039864,0.00836516192051565,0.01994262062360022,583.9624357223686,0.013319453263261569,0.01428536466989804,366.7523158619603
237,The city of Aparecida de Goiania is in,The city of Aparecida de Goiania is in China.,573, the,4316, South,23.66692719727796,6.025029729395275,2.3504762649536133,0.5817343969251914,10.068992208157876,10.159805363143263,True,3,40.914280467312835,True,3,4.027073256318237,225.4805760774269,633.159811688618,0.04505845044344098,0.003849737503633155,0.02431008286398864,2639.09041942601,0.008599768844292014,0.009694917499411934,1181.4044711081629,0.014290742996713797,0.0011268852182782056,710.9361189603328
1267,The city of Muzaffarabad is in,The city of Muzaffarabad is in China.,573, the,5339, India,16.894293944115603,4.923295269764346,2.513977289199829,0.6176493453624016,6.72014580907088,8.46448061507045,True,3,33.439629533354655,True,3,3.9505825642529797,193.00653531050656,640.8049421259648,0.04385592747651211,0.018655782465479432,0.04616815495977121,453.7188740666913,0.01325218755604083,0.01850391362166231,638.7232733671982,0.021117204997784685,0.024886613307727,400.8333780894973
1249,The city of Jinan is in,The city of Jinan is in Rwanda.,573, the,4612, North,13.865349451284963,4.781394056643985,2.382512331008911,0.4939285260639094,5.819633867503834,6.750325445031174,True,2,31.98095952246199,True,2,4.737691505822546,185.21414530668528,755.4118386418565,0.03644605779895323,0.003980394382927567,0.049216811195181925,1695.893621492434,0.017352129960029262,0.022779562929245906,389.0199912391499,0.012379493998259768,0.02301103248785292,545.2828238359413
1205,The city of Sanaa is in,The city of Sanaa is in China.,573, the,4316, South,18.994031405025826,4.957563706700875,2.3504762649536133,0.6045716511482584,8.080928826312004,9.160873378695813,True,2,35.068162185061425,True,2,3.8280369933520357,193.90872218122874,609.6901070887453,0.04724322493412123,0.003849737503633155,0.010796621158196176,2379.6098747123206,0.008599768844292014,0.022068382225108606,1065.2464670345441,0.014290742996713797,0.017608266690686596,641.0354857548265
1449,The city of Ipoh is in,The city of Ipoh is in Brazil.,573, the,4612, North,18.105193138200157,7.292613778594412,2.382512331008911,0.5288224606661767,7.599202280112959,8.608030297806044,True,3,38.147527591287705,True,3,4.431620971525912,188.11897127168027,705.223009846953,0.045758438075734424,0.003980394382927567,0.04101534545921663,2162.6073875309976,0.017352129960029262,0.024175548514715192,496.0791740054215,0.012379493998259768,0.011509501091369721,695.3458920870357
1060,The city of Dakar is in,The city of Dakar is in Senegal.,573, the,4316, South,13.740552420731824,4.0556561140753296,2.3504762649536133,0.6072601277578714,5.845858826829291,7.02082750507773,True,2,26.58088471619707,True,2,3.786004526812938,208.05219111053458,607.3748934324827,0.03374551100664777,0.003849737503633155,0.0023067906753553927,1823.7159023055176,0.008599768844292014,0.02002674170419358,816.3972348789018,0.014290742996713797,0.0015162525193278655,491.28498823974314
337,The city of Volgograd is in,The city of Volgograd is in Nigeria.,573, the,4316, South,14.226064338665225,4.200533674563898,2.3504762649536133,0.5256370326567583,6.052417780507125,6.91140264048036,True,3,30.28970909658954,True,3,4.382570466837152,188.4323582580212,701.6555631546457,0.03667842776247882,0.003849737503633155,0.035272918872848474,1795.2919215810914,0.008599768844292014,0.01921002273527485,803.673071406764,0.014290742996713797,0.010996845322717398,483.62794307263516
1487,The city of Bhopal is in,The city of Bhopal is in Russia.,573, the,4316, South,23.82738340841921,7.52291251207825,2.3504762649536133,0.5925656472143274,10.13725761186933,11.50700522166212,True,3,44.919696267201125,True,3,3.903682617840399,184.96727153697938,621.5690998645416,0.06221103401723474,0.003849737503633155,0.029675534186826672,2989.0363202172844,0.008599768844292014,0.03625021993172252,1338.059828119653,0.014290742996713797,0.00850319278191571,805.2069248119705
463,The city of Chuzhou is in,The city of Chuzhou is in India.,573, the,4316, South,13.051809409035386,6.197721535561216,2.3504762649536133,0.4452169162690499,5.5528360799222805,6.200884312067175,True,4,31.849761729484065,True,4,5.136325744297975,181.30561739522378,828.4940584756367,0.034201280694739954,0.003849737503633155,0.06660005029200106,1610.7291227558103,0.008599768844292014,0.018582955669941073,721.0524404016896,0.014290742996713797,0.01910829114026985,433.90916158054824
470,The city of Zhumadian is in,The city of Zhumadian is in China.,573, the,4612, North,13.887489488497867,7.1197563442740535,2.382512331008911,0.44149069514085676,5.828926594733299,6.89370375555737,True,3,36.01461921238044,True,3,5.22427717949835,192.66758049583183,845.1336273756324,0.03578029961146737,0.003980394382927567,0.070234474809034,1731.914753252936,0.017352129960029262,0.019924312835238635,397.2828564237969,0.012379493998259768,0.011859022813040038,556.8647439488595
1108,The city of Izhevsk is in,The city of Izhevsk is in Russia.,573, the,4612, North,16.40203660946222,6.872690568413672,2.382512331008911,0.47641053014466933,6.884344897605011,7.537988996395332,True,3,37.10167614418372,True,3,4.921959445937869,178.3381444265462,782.972941243481,0.042267956867186506,0.003980394382927567,0.04280702905645832,1893.7794276684626,0.017352129960029262,0.009715014887149268,434.4128941956484,0.012379493998259768,0.021488382666963755,608.9092977027151
1446,The city of Cape Town is in South,The city of Cape Town is in South Africa.,8125, Africa,8625, Australia,10.442326348921526,10.324573945900056,1.7081825733184814,0.22918634813573258,6.113120758886591,6.119233920509537,True,1,45.608163924373855,True,1,7.453247337303318,186.691527315274,1218.6191174877802,0.03277724494789592,0.010223423977090688,0.20044439630574054,598.5503422553846,0.025054785233152847,0.007889888739848947,244.23413984856197,0.006261961130009935,0.007391506327704376,977.2072667751978
146,The city of Beira is in,The city of Beira is in Mozambique.,573, the,42304, Zimbabwe,14.474608313837514,4.403278753931329,2.8956267833709717,0.7335610714570666,4.998782438732232,7.432060698985796,True,2,28.728787286198507,True,2,3.865521078174043,206.44747721469423,622.7184821925892,0.0359997651666959,0.007266617053409456,0.024753282818225312,1022.7676296081565,0.004880524983378584,0.02228379652905599,1522.7994374164416,0.005072620619599524,0.036051714712246774,1465.1323756146671
673,The city of Khulna is in,The city of Khulna is in Japan.,573, the,4316, South,10.435629476471156,2.859602266104183,2.3504762649536133,0.5757776350548175,4.439793599310012,4.659415122510776,True,2,18.8422362368984,True,2,4.043905885497719,189.51682843599045,640.7731591730919,0.024585759275116296,0.003849737503633155,0.0380609939374028,1210.3202148493228,0.008599768844292014,0.006306062487947479,541.8070191041708,0.014290742996713797,0.004919780565445014,326.0442878010068
1229,The city of Indianapolis is in Côte,The city of Indianapolis is in Côte d'Ivoire.,499, d,86914, Côte,14.688662733436434,9.420116687506201,2.8647897243499756,0.7127899054180273,5.127309208276817,5.252393212284417,True,2,21.164260102069147,True,2,4.029450813501489,268.9284540591403,667.8239931305844,0.019530819937444623,0.012837081430683095,0.033031880535534554,409.1578947010639,0.04295307976269154,0.0016721548187501305,122.28210971839496,0.04299224165504956,0.0016768505085546573,122.17072220674748
180,The city of Anshan is in,The city of Anshan is in China.,573, the,4612, North,8.59526553223467,3.4553498851559974,2.382512331008911,0.46161061873650894,3.6076478683301816,4.179163585067659,True,3,21.147597256180944,True,3,5.06024634492468,178.68314867354246,808.6426707300126,0.023388683354260066,0.003980394382927567,0.021083830408512055,1049.937062265146,0.017352129960029262,0.020375549839554603,240.84441476028525,0.012379493998259768,0.01283303536445104,337.58759329380825
1330,The city of Nampula is in,The city of Nampula is in Mozambique.,573, the,4612, North,16.603580698035255,4.6000775471092235,2.382512331008911,0.5772998437652533,6.96893799118522,8.475955741086139,True,2,34.04819121434493,True,2,4.017032680963702,209.1480631689301,646.124611690723,0.04052610199999825,0.003980394382927567,0.005555326404382166,2129.426113512928,0.017352129960029262,0.01910508956790741,488.46774203573597,0.012379493998259768,0.02247990690617569,684.6770750305009
144,The city of Torreon is in,The city of Torreon is in Mexico.,573, the,4612, North,14.012584005002768,4.140642227769752,2.382512331008911,0.5395688490307005,5.8814318912964145,6.14595360860701,True,2,26.88542925708065,True,3,4.3744927100376,212.19437364075284,691.5038855191337,0.02896379156127942,0.003980394382927567,0.0036518439313401457,1544.0564470113338,0.017352129960029262,0.018363010993029467,354.1901554889372,0.012379493998259768,0.01762255626178944,496.46242483505137
1104,The city of Bangkok is in,The city of Bangkok is in Thailand.,573, the,4316, South,19.707955140596944,4.423202163025,2.3504762649536133,0.6429364893378089,8.384664603701447,8.5170403902547,True,2,30.949464924524925,True,2,3.633828596132722,190.4501376022403,573.2508251276031,0.04472057882175304,0.003849737503633155,0.02655145338535311,2212.369124444672,0.008599768844292014,0.012423187706931054,990.3801537535251,0.014290742996713797,0.03536726091178352,595.9830354666109
48,The city of Ajmer is in,The city of Ajmer is in India.,573, the,4612, North,13.976367890120457,4.721262538378017,2.382512331008911,0.5710075345367365,5.866231082297044,6.619596417394916,True,3,27.109461341887688,True,3,4.095334463389594,182.4942693618152,653.4332586300585,0.03627290018773592,0.003980394382927567,0.017722809083443623,1663.050386611747,0.017352129960029262,0.00033009828958786673,381.48610185857285,0.012379493998259768,0.0028746572199497902,534.7226969313493
1359,The city of Tonghua is in,The city of Tonghua is in Venezuela.,573, the,4612, North,10.379615333096066,4.521037401479462,2.382512331008911,0.45539117535213697,4.35658409738457,5.038974847944876,True,4,25.61209399790058,True,4,5.082798539537533,182.27822366078183,819.5870033773971,0.0276444149319908,0.003980394382927567,0.0021134907502768398,1265.9486380439332,0.017352129960029262,0.0027682226734730194,290.3951768199169,0.012379493998259768,0.0126371381073329,407.04206881583553
187,The city of Kayseri is in,The city of Kayseri is in Iraq.,573, the,4612, North,12.777844800946724,4.686466560978801,2.382512331008911,0.5074467430610022,5.36318097272376,6.327855512075906,True,3,29.039992878564135,True,3,4.5892313475149695,199.8683910640093,735.3644232628704,0.03166011132820579,0.003980394382927567,0.034925610600812874,1589.755914443279,0.017352129960029262,0.00727787966309968,364.67312812041865,0.012379493998259768,0.008433935982075681,511.1562324732688
841,The city of Detroit is in,The city of Detroit is in China.,573, the,4316, South,31.73045832208981,9.567415433889218,2.3504762649536133,0.6156225251898878,13.499586783836769,14.146291593420646,True,5,53.39756747145679,True,5,3.7746689384157524,184.502810328774,597.320507310751,0.07667249928720718,0.003849737503633155,0.010692222727685958,3674.6119910955517,0.008599768844292014,0.0035499398625187684,1644.961841365081,0.014290742996713797,0.02123810187769898,989.8919598983504
1124,The city of Jiangmen is in,The city of Jiangmen is in China.,573, the,4316, South,9.924489087211128,3.9411277709110735,2.3504762649536133,0.4471208422520586,4.222331122925416,4.81672760155701,True,3,24.846814499632984,True,3,5.1584429419677456,185.0605715912202,825.1839832351909,0.026027843533287395,0.003849737503633155,0.016168043030204342,1251.1833851038589,0.008599768844292014,0.0019241779841956954,560.0996595105055,0.014290742996713797,0.032725038800196296,337.05228641118464
28,The city of Panshan is in,The city of Panshan is in China.,573, the,4612, North,31.500835612044124,6.245792560440991,2.382512331008911,0.5887936358019191,13.221688384170761,13.241419708776968,True,2,53.55651689924548,True,2,4.044620446835166,229.69971039141788,631.8780852872196,0.05764665391268033,0.003980394382927567,0.02806737676167575,3326.660233863044,0.017352129960029262,0.025218801854474046,763.1005380479895,0.012379493998259768,0.011955071607177157,1069.6252779506467
548,The city of Sapporo is in,The city of Sapporo is in Japan.,573, the,4612, North,13.298762006611828,4.782581912280348,2.382512331008911,0.5227635569392077,5.581822949466232,6.5473140479115735,True,3,29.116520668477936,True,3,4.447093946526876,185.7377547708367,713.7836505626522,0.0352503133032358,0.003980394382927567,0.018397731173483776,1644.8907867003986,0.017352129960029262,0.009325262106351257,377.32048244183,0.012379493998259768,0.009785553356688551,528.8838177741314
639,The city of Ar Raqqah is in,The city of Ar Raqqah is in Iraq.,573, the,4612, North,15.642878808944584,4.590528660529917,2.382512331008911,0.5674069204516484,6.565707386001384,7.6361631638244845,True,4,31.287041622926246,True,4,4.097220155161861,193.9782697692972,657.4631853506418,0.03936607524598682,0.003980394382927567,0.0015542761968887937,1918.4438598790582,0.017352129960029262,0.0021797470851928572,440.07065307915707,0.012379493998259768,0.012186277589645484,616.8396838269746
682,The city of Maoming is in,The city of Maoming is in China.,573, the,4316, South,9.44224608318082,3.786761447704868,2.3504762649536133,0.44827516561729785,4.01716291458368,4.5956935973403965,True,3,23.606497742675042,True,3,5.1366561418142656,189.04077290563973,823.0873406776993,0.024310594623067644,0.003849737503633155,0.024011061829543923,1193.768040808822,0.008599768844292014,0.0064536087169727654,534.3973402716201,0.014290742996713797,0.021527868163926142,321.58535062852866
738,The city of Saratov is in,The city of Saratov is in Russia.,573, the,4316, South,15.054023927853954,4.407422073458721,2.3504762649536133,0.5281001226879346,6.404669620499676,6.8073928314995475,True,4,29.980459807290654,True,4,4.4041030904759015,192.8530602188422,698.3207637274542,0.03529833969849782,0.003849737503633155,0.05085025473691831,1768.2745447124985,0.008599768844292014,0.0159860723652593,791.5785824892105,0.014290742996713797,0.011140339599095682,476.34981841496483
1460,The city of Reynosa is in,The city of Reynosa is in Mexico.,573, the,4612, North,16.485413002477056,5.533821218842428,2.382512331008911,0.5729421675456932,6.919340054578461,7.1972840028657625,True,3,29.612817251059614,True,3,4.114443342692687,211.65090601395264,651.0480457566447,0.034005448587077144,0.003980394382927567,0.03866290397767319,1808.1836397257157,0.017352129960029262,0.012871427093513771,414.77812922360255,0.012379493998259768,0.008739607637152567,581.3875756050701
282,The city of Nyala is in,The city of Nyala is in Sudan.,573, the,4316, South,0.9789961037770567,0.3216518367838406,2.3504762649536133,0.49160048513858917,0.41650967438991654,0.4169262725352964,True,1,1.993438331502284,True,1,4.781273003930263,188.991847942067,750.7907834462782,0.002206054266759166,0.003849737503633155,0.018025674796828848,108.29992230426777,0.008599768844292014,0.01347475975312317,48.48110223474505,0.014290742996713797,0.02183908138539245,29.174569344027105
1000,The city of Caloocan City is in the,The city of Caloocan City is in the Philippines.,2185, process,4612, North,11.306200175613196,4.886410073489593,2.341003656387329,0.49036069265521154,4.8296379823093005,5.251796224720177,True,2,24.971996323098168,True,2,4.754943881020195,172.96186008788345,773.9670698891507,0.030363897694276026,0.009550464901368396,0.015853036815951935,549.8995367196937,0.0011916802316130743,0.03793931143929749,4407.051560812816,0.03414950776716733,0.010806357802934716,153.78834332041117
1436,The city of Jos is in,The city of Jos is in Nigeria.,573, the,4612, North,11.824651237844158,3.6283342399220264,2.382512331008911,0.5568167164693313,4.963101799702682,5.264406898967711,True,3,22.210163924191633,True,3,4.2189299479390145,190.53980407178207,670.2200049530713,0.027628908954815817,0.003980394382927567,0.0023917622762222313,1322.5842448043445,0.017352129960029262,0.026928744117594702,303.38678370288284,0.012379493998259768,0.036769978013267424,425.2521871821052
864,The city of Voronezh is in,The city of Voronezh is in Russia.,573, the,4316, South,13.539973667350054,4.385520585203828,2.3504762649536133,0.4930446506347199,5.760523460387832,6.701136450344693,True,3,31.378795252824624,True,3,4.682608015124146,189.67077116142647,748.0904064729557,0.035330359070673244,0.003849737503633155,0.05047862943360381,1740.673602815921,0.008599768844292014,0.01605851950171631,779.2228572274342,0.014290742996713797,0.011475383030052012,468.914489042707
697,The city of San Miguel de Tucuman is in,The city of San Miguel de Tucuman is in China.,573, the,4612, North,25.82398010555665,5.466422136267016,2.382512331008911,0.6262251291758845,10.838970178433911,11.178084470481494,True,4,42.30321182715842,True,3,3.784477737565014,227.3392654404798,594.8066695186819,0.04916917651169262,0.003980394382927567,0.031578613606651505,2808.2856609449964,0.017352129960029262,0.012014063864898915,644.1909146733157,0.012379493998259768,0.01556049682359431,902.9516450391945
694,The city of Lubumbashi is in the Democratic Republic of the,The city of Lubumbashi is in the Democratic Republic of the Congo.,47894, Congo,573, the,9.379060413066874,9.239876073454417,3.0062997341156006,0.39605244108000687,3.11980216298227,3.3244235977511347,True,2,26.038666118325384,True,2,7.832535581789187,154.30543855514904,1210.8093304205092,0.021544435691182588,0.002924639038424828,0.12729897083727698,1136.6953508018635,0.00027207987894625323,0.0031697935793456077,12218.557324512198,0.01810380030563897,0.012226927306913146,183.63125651113396
1325,The city of Hiroshima is in,The city of Hiroshima is in Malaysia.,573, the,4316, South,18.27669372262074,6.9445048541030205,2.3504762649536133,0.5476633824333741,7.775740599950892,9.415116069890091,True,5,39.2746625356375,True,5,4.17144751526106,188.55690287154863,673.1098541641777,0.049932492136360494,0.003849737503633155,0.02926942603533513,2445.651440131869,0.008599768844292014,0.01574553509763034,1094.8103652971154,0.014290742996713797,0.03708339205991887,658.8262116291035
60,The city of Tirunelveli is in,The city of Tirunelveli is in India.,573, the,4316, South,11.442877973005857,3.42608449302419,2.3504762649536133,0.5285873610032878,4.868323132474465,5.138885997890148,True,2,22.492740275691848,True,2,4.37696813763267,181.28304688052674,697.9224533888408,0.028347305974379906,0.003849737503633155,0.03653775683922427,1334.8665962394505,0.008599768844292014,0.01476412853543796,597.5609450597057,0.014290742996713797,0.003630899919822324,359.59543874463714
352,The city of Xuanzhou is in,The city of Xuanzhou is in China.,573, the,4316, South,30.156004999070753,6.831971748877512,2.3504762649536133,0.5875548367552684,12.829742401021813,13.096941822994598,True,3,52.089947180218154,True,2,3.977260331779336,213.46033474390384,626.0801534098928,0.061355388759731296,0.003849737503633155,0.05005151847257805,3402.0350246307644,0.008599768844292014,0.021142266495922518,1522.941146457387,0.014290742996713797,0.025734878758666063,916.4633235659113
1001,The city of Caloocan City is in,The city of Caloocan City is in China.,573, the,4612, North,20.27851947170617,6.485400582856381,2.382512331008911,0.6213862910049414,8.5114016862691,8.702339302226498,True,5,33.10751376660061,True,5,3.8044383948727485,195.34466765260981,599.9905596416677,0.04454864013847697,0.003980394382927567,0.004958863024875387,2186.3007694795197,0.017352129960029262,0.02732828235884054,501.514184268582,0.012379493998259768,0.0002918912551387611,702.964055190771
648,The city of Qinhuangdao is in,The city of Qinhuangdao is in China.,573, the,4612, North,8.303807501787247,3.0184660974906743,2.382512331008911,0.46974259978595206,3.485315645048886,3.5397686450072245,True,3,17.82078028507197,True,3,5.0344477485012575,186.2112642570003,794.657842695173,0.01900942276038574,0.003980394382927567,0.027497612555226314,889.3009848948024,0.017352129960029262,0.008375860900526883,203.99620410641825,0.012379493998259768,0.005300377195307032,285.9380719038131
140,The city of Basrah is in,The city of Basrah is in Iraq.,573, the,4316, South,12.955358232613193,3.4705725668519047,2.3504762649536133,0.5760754797487445,5.511801342469147,7.504665236027857,True,3,29.61030398058061,True,3,3.9455862519262808,189.71367934276014,640.303194760233,0.039557849818878915,0.003849737503633155,0.007666529448458168,1949.3966092351484,0.008599768844292014,0.019402197599711513,872.6589483866165,0.014290742996713797,0.004689341535389753,525.1417115088823
83,The city of Bucaramanga is in,The city of Bucaramanga is in Brazil.,573, the,4612, North,13.945181392366699,3.9245399076331857,2.382512331008911,0.5484711605614025,5.853141329372008,5.873643447068307,True,2,25.478556155843297,True,2,4.337777120019147,214.09839433162404,680.2845941808566,0.027434318063919844,0.003980394382927567,0.0001281086648837089,1475.6435875452778,0.017352129960029262,0.012074552325650271,338.4969718759761,0.012379493998259768,0.03451174172453203,474.46555149136043
1277,The city of Makassar is in,The city of Makassar is in China.,573, the,4316, South,2.232118534866153,0.6064555126974414,2.3504762649536133,0.5246643121173921,0.9496452136734101,0.9505950295778335,True,1,4.258629514335921,True,1,4.479961899471756,202.25731474742372,703.4662996180996,0.0046999290520836,0.003849737503633155,0.04088101001140403,246.92463542792672,0.008599768844292014,0.0008069892393991838,110.5372768488747,0.014290742996713797,0.01472322133772755,66.51823700114304
883,The city of Battagram is in,The city of Battagram is in Tanzania.,573, the,4612, North,11.532492630578538,4.4000299274206895,2.382512331008911,0.502679628148287,4.840475526812878,5.019734293423805,True,3,23.585786471304612,True,2,4.698612534572518,192.41620861870967,742.4188772798253,0.026087897321430274,0.003980394382927567,0.047160183276327386,1261.1148068528341,0.017352129960029262,0.00710747474258659,289.28634726611625,0.012379493998259768,0.033482328757981177,405.4878409512899
563,The city of Ebute Ikorodu is in,The city of Ebute Ikorodu is in China.,573, the,4316, South,12.830353459078832,6.258246674508187,2.3504762649536133,0.5026230517917827,5.458618600146571,6.431319891375481,True,4,29.275620735908518,True,4,4.5520392750433185,187.6669458584584,733.8846438845051,0.0342698596279501,0.003849737503633155,0.026047933450834383,1670.5866011139672,0.008599768844292014,0.016183417531311618,747.8479954312013,0.014290742996713797,0.000374804722787502,450.03397603990106
1495,The city of Tangerang is in,The city of Tangerang is in China.,573, the,4316, South,6.952259063373468,2.2262739286766564,2.3504762649536133,0.535727327346256,2.957808665007162,3.0106684725817274,True,2,13.149677887714812,True,2,4.367693755546129,202.82446431223767,688.8297647763493,0.0148437146514385,0.003849737503633155,0.06702075832333453,782.0451315811627,0.008599768844292014,0.018427496596040108,350.0871392118894,0.014290742996713797,0.004119954738288655,210.67263425519866
1421,The city of Bujumbura is in,The city of Bujumbura is in Nigeria.,573, the,4316, South,17.386595054191012,4.737981008816735,2.3504762649536133,0.615577288311633,7.397051956418772,8.079899617018459,True,2,30.43347699630812,True,2,3.7665662246851395,206.21214887304583,598.9185753924178,0.03918246165987454,0.003849737503633155,0.002523313384894768,2098.8183244683896,0.008599768844292014,0.03075552685321968,939.5484650010551,0.014290742996713797,0.03185683665498382,565.3939489973656
400,The city of Zaporizhzhya is in,The city of Zaporizhzhya is in Ukraine.,573, the,11124, Russia,15.297641833814687,4.856007585518705,2.6666390895843506,0.6277224326503964,5.7366750129651525,8.332388218825336,True,3,34.35575013653017,True,3,4.123157639116038,197.879147116481,675.4728339682459,0.04210847044898824,0.013345173195509966,0.01712784674611989,624.374678151708,0.011403236307200576,0.014545163792191906,730.7038102476091,0.01331986438033688,0.005587997654659865,625.561040330547
501,The city of Sao Jose dos Campos is in,The city of Sao Jose dos Campos is in Iran.,573, the,4612, North,24.053974455910655,6.914113127137772,2.382512331008911,0.5962620979821347,10.096054548319854,10.368179731208617,True,3,41.184103806766636,True,3,3.972163376257928,219.25996523987962,624.8952826578923,0.047287153949264714,0.003980394382927567,0.002633498852420431,2604.81217029124,0.017352129960029262,0.005452844997383422,597.5162562228259,0.012379493998259768,0.0052574046195050525,837.5285559059288
1269,The city of Kotli is in the United,The city of Kotli is in the United States.,13636, Kingdom,4316, South,7.285569098316974,6.861007022469599,2.2494266033172607,0.33629230439774194,3.2388561100739377,3.812885842788283,True,4,25.314930446590655,True,4,6.639309827350714,150.18931881336388,1090.148919767598,0.025387197125026253,0.011697500290546215,0.06793253273596768,325.9573197762443,0.030807049049965448,0.012519366740463476,123.7666690050133,0.00132240610272469,0.013786773043615254,2883.2941975480903
1052,The city of Benxi is in,The city of Benxi is in China.,573, the,4612, North,9.403660963454477,3.953237214991171,2.382512331008911,0.457308266132412,3.9469516447255297,4.415599627202079,True,2,22.599261119352896,True,2,5.11805032778137,183.0148453378,816.2077550149047,0.02412700247923592,0.003980394382927567,0.011824185239572273,1109.3372169705506,0.017352129960029262,0.008617367771630814,254.47017959025433,0.012379493998259768,0.021614923236945,356.6866002619167
304,The city of Orumiyeh is in,The city of Orumiyeh is in Iran.,573, the,4612, North,9.196149873360739,3.740002268795709,2.382512331008911,0.47261929692176585,3.859854051402323,4.02397168310687,True,3,20.086856164303132,True,3,4.991798587606924,196.26582418779876,789.7767312261979,0.020502661121767667,0.003980394382927567,0.002495640300026542,1010.9479855479175,0.017352129960029262,0.0031042675600500766,231.90073451363688,0.012379493998259768,0.012515066649507257,325.05138608028204
214,The city of Maturin is in,The city of Maturin is in Venezuela.,573, the,4316, South,18.305421279002125,5.881001368517705,2.3504762649536133,0.5446188390534894,7.787962615041928,7.928980727138317,True,4,34.04912986187928,True,3,4.294263163654845,228.4936252503821,676.8700742713858,0.03470110257321088,0.003849737503633155,0.016780506823852882,2059.615939958351,0.008599768844292014,0.016388746480827075,921.9992851785867,0.014290742996713797,0.024263489860901107,554.8333441418415
1394,The city of Batam is in,The city of Batam is in Indonesia.,573, the,4612, North,11.807597794208526,3.7404051539705807,2.382512331008911,0.5726367178873923,4.955944042987773,5.192157349669916,True,2,21.289677276798443,True,2,4.100352867416837,209.16436481802623,651.7050526944261,0.024823336203502504,0.003980394382927567,0.07655101028375366,1304.4328903537194,0.017352129960029262,0.024280531009999953,299.2230557072868,0.012379493998259768,0.005919427525955959,419.41595919831593
580,The city of Cixi is in,The city of Cixi is in China.,573, the,4612, North,8.934853369280894,4.0339682987727485,2.382512331008911,0.4323284924611506,3.750181374925894,4.074824461265215,True,2,22.134776030286414,True,2,5.4320808762921935,176.0299389806136,863.3945623240643,0.023148473974725293,0.003980394382927567,0.02040232180704752,1023.7237995166184,0.017352129960029262,0.009200345200033913,234.83137059551757,0.012379493998259768,0.011817754747823138,329.159209725214
184,The city of N'Djamena is in,The city of N'Djamena is in Chad.,573, the,4612, North,15.377742041124854,4.060318412951524,2.382512331008911,0.615373461436756,6.4544228548076035,6.9408696390626226,True,2,26.504509191711342,True,2,3.8186150396120717,208.63912294376112,606.233788270832,0.0332673447871689,0.003980394382927567,0.004027957174030275,1743.7643035657275,0.017352129960029262,0.0337389374522428,400.00101745727807,0.012379493998259768,0.02983554663007884,560.6747448674661
741,The city of Kharkiv is in,The city of Kharkiv is in Moldova.,573, the,11124, Russia,15.70150922452396,4.2624088176719885,2.6666390895843506,0.6622852552834072,5.888126850706054,8.194213274563904,True,2,32.08195690393008,True,2,3.915196716140816,199.83409995509936,640.1994964786306,0.041005080095964895,0.013345173195509966,0.0035434727730189602,614.0207515119307,0.011403236307200576,0.013797379569152989,718.5866410038057,0.01331986438033688,0.002239091957188212,615.1874403961956
647,The city of Anyang is in,The city of Anyang is in Kuwait.,573, the,4612, North,7.348425495372997,3.039226597835963,2.382512331008911,0.4254271631779569,3.08431792764791,3.628272798877713,True,2,19.67206623827961,True,2,5.421881795758168,202.33608265355429,877.481982484398,0.017931911853261224,0.003980394382927567,0.06706750780271259,911.5360061907056,0.017352129960029262,0.0186752178860045,209.09668191947972,0.012379493998259768,0.0178604595612668,293.0873264600114
1362,The city of Grosszschocher is in,The city of Grosszschocher is in Germany.,573, the,4316, South,23.66200777932155,4.755796659373962,2.3504762649536133,0.5977231378654511,10.06689926298342,10.089788245429359,True,2,39.64330958490892,True,2,3.9290526838228947,250.29260688732535,616.2236894574656,0.04031197074059601,0.003849737503633155,0.019828977212586068,2620.9029150447823,0.008599768844292014,0.023925009446549725,1173.2627269541467,0.014290742996713797,0.013032177014839698,706.0366453829265
583,The city of Hanzhong is in,The city of Hanzhong is in Iran.,573, the,4612, North,12.892895454857495,5.30561392978592,2.382512331008911,0.45961717787636425,5.411470609009525,5.730980557026077,True,4,29.270897655599132,True,4,5.107485074210128,188.33910020701177,811.8807175537419,0.030429053503637345,0.003980394382927567,0.05760089444068838,1439.8021918649576,0.017352129960029262,0.025151278467537196,330.2753362398406,0.012379493998259768,0.02031684397774447,462.94142214792475
1103,The city of Najran is in,The city of Najran is in India.,573, the,4316, South,12.320729449602599,3.513125550695406,2.3504762649536133,0.5028115267084586,5.241801261007734,5.267625983161181,True,3,24.56515924457456,True,3,4.663421306505258,194.5990871769856,733.6441064880788,0.027069119694124448,0.003849737503633155,0.019906310484309384,1368.307833505507,0.008599768844292014,0.005182017950050663,612.5311131656172,0.014290742996713797,0.005820705993653039,368.6040665885943
546,The city of Osaka is in,The city of Osaka is in Japan.,573, the,4316, South,17.74664022631827,6.219031385003165,2.3504762649536133,0.5479252805928039,7.550231623661386,8.791587700668554,True,3,36.7733336558532,True,3,4.182786421280514,188.91967040993575,672.8353849024192,0.046536116020061524,0.003849737503633155,0.027548744484934537,2283.6849765397183,0.008599768844292014,0.011097371956012186,1022.305117713002,0.014290742996713797,0.03848097160659589,615.1945845426097
278,The city of Accra is in,The city of Accra is in Ghana.,476, a,573, the,2.659421637346412,0.4792488258859229,1.4819707870483398,0.3605485090489609,1.7945169099069869,1.7963113809392912,True,1,7.3834197473908265,True,1,4.1103228681488595,184.22188424533306,675.3226259645631,0.009750803430862192,0.004320024463374912,0.003174338273264932,415.8104650027763,0.046724848321128214,0.010933462255369435,38.444456118801966,0.023846369985094817,0.0014502226627304176,75.32850417325892
30,The city of Guatemala City is in,The city of Guatemala City is in Guatemala.,573, the,4316, South,20.12041330206491,4.891129563560115,2.3504762649536133,0.6371041821648037,8.560143151439986,8.708064106042787,True,3,31.92887364228426,True,3,3.6665868846932184,209.12188198063188,578.4636119901072,0.04164109477003127,0.003849737503633155,0.00010629752202292314,2261.9890571304227,0.008599768844292014,0.005813325129696413,1012.5928107733562,0.014290742996713797,0.005279766375838653,609.3499902730904
595,The city of Kashgar is in,The city of Kashgar is in Turkey.,573, the,4316, South,15.981526871801599,5.303953224164727,2.3504762649536133,0.5167282349667587,6.799271751896203,7.475920339907677,True,4,33.499201611969426,True,4,4.480946838497629,190.8424459499657,713.6135135388406,0.03917325782896161,0.003849737503633155,0.06940491328477921,1941.9298933634682,0.008599768844292014,0.022511463079019453,869.3164287630501,0.014290742996713797,2.9695090873645136e-06,523.13027682513
829,The city of Ma'anshan is in,The city of Ma'anshan is in India.,573, the,4612, North,14.218994048759782,6.497973058975402,2.382512331008911,0.4471128621575851,5.968067347940455,6.632606418594519,True,5,34.70094205692456,True,5,5.231871132838583,186.8456261533502,834.4786700744482,0.03549778796079993,0.003980394382927567,0.06462700881447343,1666.3189072526675,0.017352129960029262,0.020155797376910447,382.23586579127567,0.012379493998259768,0.011552430188714163,535.7736285123519
692,The city of Minsk is in,The city of Minsk is in Belarus.,573, the,11124, Russia,20.06835775862898,4.555092223498352,2.6666390895843506,0.7274486238260239,7.5257119859279635,8.381625694171294,True,3,30.428304913072775,True,3,3.6303583604590055,197.6906969748205,582.5984555993042,0.04239767385330655,0.013345173195509966,0.03142856539028784,628.0642125342611,0.011403236307200576,0.01501932869919255,735.0216612523161,0.01331986438033688,0.006796783854760636,629.2575851256009
693,The city of Minsk is in South,The city of Minsk is in South Korea.,235290,-,11124, Russia,6.078474721856448,4.063412692495326,2.695138692855835,0.4734145170262167,2.2553476516696613,3.1715220159764423,True,2,18.2139679875167,True,2,5.742973845290813,184.6050769946508,948.9835372506768,0.01718003679859976,0.028026092171951643,0.02625669283901943,113.16319080511995,0.02896013504765433,0.018036929236532887,109.513371079163,0.047206887312445635,0.00573933735876695,67.1834597986786
848,The city of Erode is in,The city of Erode is in India.,573, the,4316, South,14.673783492334529,4.435486840624195,2.3504762649536133,0.562521451004313,6.242897965457276,6.57092769944296,True,2,27.039425051419805,True,2,4.1150087610478545,186.75268721652847,655.616964955961,0.03518518419938111,0.003849737503633155,0.03665390306689397,1706.8508419708373,0.008599768844292014,0.016028240208027057,764.0818978296526,0.014290742996713797,0.008672929914543739,459.8030837832551
1038,The city of Kozhikode is in,The city of Kozhikode is in India.,573, the,4316, South,16.358432206476422,3.9320266761527503,2.3504762649536133,0.599461991635572,6.959624502653404,7.5723094457774875,True,2,29.255320581131066,True,2,3.8634607830831027,186.97145619169206,615.0977512203359,0.04049981531947847,0.003849737503633155,0.016132177986623662,1966.9677318599486,0.008599768844292014,0.031780491065408686,880.5247655933812,0.014290742996713797,0.02328509176897591,529.8751399782898
127,The city of Suwon is in,The city of Suwon is in Russia.,573, the,4316, South,3.492920018850782,1.1575415188969396,2.3504762649536133,0.4508227876343592,1.4860477729264434,1.4875340482590733,True,1,7.7556267481865335,True,1,5.2137473809512365,191.5678044533253,818.6673205537005,0.007765052444506691,0.003849737503633155,0.037332799721155226,386.3988250770933,0.008599768844292014,0.002155168952508394,172.973724665449,0.014290742996713797,0.007899360956516301,104.09074241984035
1312,The city of Daqing is in,The city of Daqing is in China.,573, the,4612, North,11.134600148659885,4.741462535719303,2.382512331008911,0.4573743663944946,4.673470102857671,5.606739493318725,True,5,28.450819480759076,True,5,5.074396539140532,181.60094828488056,815.9856691333968,0.030873954933998114,0.003980394382927567,0.03211091462070304,1408.5889371582787,0.017352129960029262,0.013866129253195768,323.1153470054618,0.012379493998259768,0.00943521098254496,452.90538483292494
21,The city of Jiaxing is in,The city of Jiaxing is in Ukraine.,573, the,4612, North,13.925568831786698,5.3804108900101095,2.382512331008911,0.47673227664293216,5.844909447284877,6.6793548514396,True,3,32.7460712782203,True,3,4.902579965662784,182.8640365672329,782.6556574298673,0.0365263448014494,0.003980394382927567,0.023992706886962308,1678.0635808572706,0.017352129960029262,0.0049960565298192185,384.92996922138866,0.012379493998259768,0.018202997286816795,539.5499082901564
802,The city of Longyan is in,The city of Longyan is in China.,573, the,4316, South,10.799963839838238,4.365602550703348,2.3504762649536133,0.4440096258906217,4.5947980844858165,5.335704349951372,True,3,27.472163285300596,True,3,5.14874166248566,177.85208352926816,830.9107446874278,0.030000797539564972,0.003849737503633155,0.019937940681606956,1385.9917318819398,0.008599768844292014,0.0005429197485341463,620.4474151061487,0.014290742996713797,0.030153088094648103,373.3678753566791
1311,The city of Shenyang is in,The city of Shenyang is in Somalia.,573, the,4612, North,9.531271480099335,3.0728161494246473,2.382512331008911,0.4838240966121022,4.00051296945992,4.661087592009075,True,2,22.54965355942257,True,2,4.837852349756629,177.2571296638965,771.4690505740969,0.02629562828218604,0.003980394382927567,0.029984952265589546,1171.0114987602963,0.017352129960029262,0.018078515912232543,268.6176050286575,0.012379493998259768,0.011719519778344636,376.51681019145866
911,The city of Zarqa is in,The city of Zarqa is in India.,573, the,4612, North,16.99783133236015,5.5635943532161765,2.382512331008911,0.5804868086995003,7.134414840640996,8.024630791680675,True,3,32.156330819423225,True,3,4.0072037772454845,193.50099382143247,642.5466932352415,0.041470747168802675,0.003980394382927567,0.01105132111272706,2016.0391206708982,0.017352129960029262,0.0043562133276253,462.4579697227638,0.012379493998259768,0.0010155439280140153,648.2196116261882
897,The city of Al Ain City is in,The city of Al Ain City is in India.,573, the,4612, North,25.062179681105583,7.839768689861129,2.382512331008911,0.5402738918393615,10.519223491486661,10.837553466187682,True,2,47.258977844482125,True,2,4.360668484074974,186.67983740391938,689.5297397806423,0.05805422597802276,0.003980394382927567,0.006392682601100791,2722.7335845592006,0.017352129960029262,0.007424872769664813,624.5661766683429,0.012379493998259768,0.007474440878679909,875.4439775738134
1468,The city of Xinyang is in,The city of Xinyang is in China.,573, the,4612, North,13.216891087898272,6.149903494037748,2.382512331008911,0.4432712467191815,5.5474596777013865,6.072746275149561,True,3,31.849060988251,True,3,5.244589440296782,192.88220824970907,841.7938038655567,0.031484222055813804,0.003980394382927567,0.06932350871932579,1525.6644671182246,0.017352129960029262,0.01029956759136634,349.971230571588,0.012379493998259768,0.024196406599187224,490.5488282480067
111,The city of Belo Horizonte is in North,The city of Belo Horizonte is in North Korea.,235290,-,4316, South,7.202679780254401,4.959771395088045,2.3919131755828857,0.4409662334030811,3.011263056611233,3.9301017303060597,True,5,21.508517718010513,True,5,5.472763606130755,185.81372226646502,896.9218337078078,0.021150761538860523,0.0204840865675359,0.03336544718882285,191.8612146725967,0.036893624914941456,0.00842059571994417,106.5252259534524,0.05238479719528807,0.011031831704837163,75.02370803603237
1350,The city of Nizhniy Novgorod is in,The city of Nizhniy Novgorod is in Russia.,573, the,4612, North,21.4086729468392,7.571781763328241,2.382512331008911,0.5419959630165063,8.985755359248602,9.698306903591988,True,3,42.0694919328832,True,3,4.337818172912409,189.63086176024825,687.7592179252063,0.05114308300646564,0.003980394382927567,0.042784630641802934,2436.5190909698035,0.017352129960029262,0.01766999010035273,558.9116106168002,0.012379493998259768,0.007450064240239019,783.4170689816009
1059,The city of Pikine is in,The city of Pikine is in Pakistan.,573, the,4316, South,17.14292171131397,5.168172040131611,2.3504762649536133,0.5988312560263425,7.293382182547709,8.312458751137859,True,3,32.045221826161736,True,3,3.855083409800403,226.02512362484822,615.6861045680482,0.03677670259760461,0.003849737503633155,0.002307937908012321,2159.2274131140243,0.008599768844292014,0.024222404981943967,966.5909516457698,0.014290742996713797,0.026017395811012457,581.6673599860649
36,The city of Mombasa is in,The city of Mombasa is in Kenya.,573, the,4316, South,13.188789261704862,3.860717004018799,2.3504762649536133,0.5956097809541118,5.611113568068786,5.890800211130487,True,4,22.971931415295575,True,3,3.899628334345954,190.5022980691782,619.2891878037315,0.03092246272531225,0.003849737503633155,0.008217541933909826,1530.1823060847908,0.008599768844292014,0.015341598801672286,684.9951804274867,0.014290742996713797,0.003317604368818507,412.2109125106438
12,The city of Abidjan is in Côte,The city of Abidjan is in Côte d'Ivoire.,499, d,573, the,14.332142495723854,14.027879840089668,2.1217901706695557,0.31591424482330643,6.754740734424828,6.794256327071555,True,2,45.61978612330215,True,3,6.7144635008148255,199.83522224128916,1050.9239068965194,0.0339992932720734,0.004605180554958603,0.11634892632267341,1475.3506938519222,0.04273023263438671,0.03018007266814279,159.00349490734922,0.01433761719824466,0.002135319819859049,473.8762538522348
703,The city of Sao Bernardo do Campo is in,The city of Sao Bernardo do Campo is in Zambia.,573, the,4316, South,22.822348808425136,6.447811710857682,2.3504762649536133,0.5596866917109317,9.70966997144961,9.928437757115372,True,3,41.390375853750896,True,4,4.168870961001677,215.010404905189,658.1970634310213,0.04617654555598561,0.003849737503633155,0.0029878699121537594,2578.9908396989404,0.008599768844292014,0.0041031567790941114,1154.5005379656507,0.014290742996713797,0.008864272413003678,694.7460855883035
130,The city of Hwaseong-si is in South,The city of Hwaseong-si is in South Korea.,15674, Korea,4316, South,10.017167581066188,8.976344646551427,2.0896873474121094,0.2846301555622977,4.793620248249841,4.9172304184814575,True,2,36.18950913947279,True,2,7.359734252731817,150.9696119674775,1203.0070939878938,0.03257099461539815,0.030275569059979603,0.06359958429473661,162.41578841143573,0.012952903480392885,0.005408107788237263,379.62379831863836,0.006586425840461005,0.0017676418599835665,746.5703763450078
1407,The city of Huainan is in,The city of Huainan is in Egypt.,573, the,4612, North,14.669976907545333,6.060033561849502,2.382512331008911,0.47160414200241807,6.157356130590563,6.658693791934636,True,6,32.992571785522316,True,6,4.9548113813980565,193.22520091522122,791.1056191555215,0.034460793728744415,0.003980394382927567,0.06954480784652006,1672.8728742294093,0.017352129960029262,0.021641220217377913,383.73927623138934,0.012379493998259768,0.011977294576609808,537.8809338144736
1382,The city of Ulhasnagar is in,The city of Ulhasnagar is in India.,573, the,4612, North,15.913601875524634,6.140357611157663,2.382512331008911,0.5147829376862211,6.679336626470167,7.480120518309946,True,2,34.03125442307598,True,2,4.549559641422058,179.9524565384546,724.650495332251,0.04156720426159615,0.003980394382927567,0.01211559673796333,1879.2410496791883,0.017352129960029262,0.018500981299624686,431.077944640828,0.012379493998259768,0.011585330725557846,604.2347546160978
1483,The city of Varanasi is in,The city of Varanasi is in Turkey.,573, the,4612, North,15.318910365082637,4.158308575632135,2.382512331008911,0.566403003920541,6.429729729287743,7.142496355145218,True,2,29.574869185941775,True,2,4.140690833483873,184.52777234088018,658.652236419559,0.0387068909169445,0.003980394382927567,0.017396138561767818,1794.4192630208504,0.017352129960029262,0.025750946475943032,411.6207273457496,0.012379493998259768,0.011753850010936567,576.9618981316413
1361,The city of Hezhou is in,The city of Hezhou is in India.,573, the,4612, North,11.25881567859117,5.03859721216008,2.382512331008911,0.4519663841277863,4.725606466776796,5.297359368906627,True,2,27.395656550031028,True,2,5.171568444238941,197.669249188738,825.7410615935472,0.02679910704698745,0.003980394382927567,0.027916749432538586,1330.8629395186806,0.017352129960029262,0.014021899683954023,305.2858283743337,0.012379493998259768,0.014852886890105721,427.91404637792925
1241,The city of Al Mahallah al Kubra is in,The city of Al Mahallah al Kubra is in Afghanistan.,573, the,4612, North,11.56757103857673,3.2072133381420054,2.382512331008911,0.548882160555742,4.855198811784645,4.860053585584608,True,1,21.09585504935563,True,1,4.340663056046952,211.51187413830036,679.9232810566449,0.02297768673926451,0.003980394382927567,0.0018646444921295267,1220.9980012106373,0.017352129960029262,0.013258723339150236,280.0839779773302,0.012379493998259768,0.02957107393397227,392.58903362833763
684,The city of Anshun is in,The city of Anshun is in China.,573, the,4612, North,11.10992285385803,4.943765579057321,2.382512331008911,0.4612764728171753,4.663112425174045,5.237971972457793,True,3,26.223047493612274,True,4,5.006335969626759,190.21143758121934,809.0845421963029,0.02753762885694613,0.003980394382927567,0.02147656210706792,1315.9429615628394,0.017352129960029262,0.018812802767105785,301.86334383868115,0.012379493998259768,0.0062094138654058715,423.116806970795
354,The city of Wuhan is in,The city of Wuhan is in China.,573, the,4316, South,20.22904705652781,6.76565601655893,2.3504762649536133,0.5637647549928871,8.606360914232432,9.86264276381251,True,5,40.054396454361594,True,5,4.061223488832738,194.70644574650711,653.7046458159751,0.050653909920644925,0.003849737503633155,0.01811797700295409,2561.9000657849347,0.008599768844292014,0.01801486474316701,1146.8497517068395,0.014290742996713797,0.03251003332881763,690.1420567202458
1063,The city of Faisalabad is in,The city of Faisalabad is in India.,573, the,4316, South,14.798120961428381,4.593093339810661,2.3504762649536133,0.5507835412658837,6.29579680598069,6.871126798457807,True,3,28.849035375173973,True,3,4.198588706243786,186.65036833440197,669.5799904017177,0.036812822068197186,0.003849737503633155,0.04503989688005915,1784.8299506065655,0.008599768844292014,0.01114265088621997,798.9897080801688,0.014290742996713797,0.0011425962627816299,480.8096262061283
885,The city of Yaounde is in,The city of Yaounde is in China.,573, the,4316, South,17.462825424341503,4.659340194234229,2.3504762649536133,0.6128428110821919,7.429483838964072,8.271023015910565,True,3,31.284341790508535,True,3,3.782402942215052,202.7353069358844,601.585044530316,0.04079715142329056,0.003849737503633155,0.021689274185847606,2148.46415063491,0.008599768844292014,0.02690659606149258,961.7727133910524,0.014290742996713797,0.01280372159729184,578.7678791657308
823,The city of Yichang is in,The city of Yichang is in Japan.,573, the,4612, North,18.81074199985366,7.747463871054268,2.382512331008911,0.5085532811897485,7.895338779584812,8.718938329054717,True,6,39.87365672999969,True,6,4.573223851936876,192.98682203906327,733.2620975858761,0.04517893106343748,0.003980394382927567,0.051003975548518835,2190.4709660056265,0.017352129960029262,0.020980787572501373,502.4707830761322,0.012379493998259768,0.01519748871426346,704.3049037610399
953,The city of Jaipur is in,The city of Jaipur is in China.,573, the,4612, North,18.623040203886546,5.114338415595343,2.382512331008911,0.5895760755154393,7.816555642337573,8.3850319172426,True,2,33.43171660388227,True,2,3.987070882238958,180.1041292844113,632.5091575307493,0.04655657785614334,0.003980394382927567,0.01598343095531715,2106.5831951746036,0.017352129960029262,0.0130366097468467,483.227819095268,0.012379493998259768,0.010819610164767183,677.3323625683986
483,The city of Bengbu is in,The city of Bengbu is in India.,573, the,4316, South,10.50351797850772,5.1488944288834535,2.3504762649536133,0.41878214404843067,4.468676470006817,5.351297791267826,True,4,29.036107730423108,True,4,5.425993630517784,177.69174971136994,880.9853356348439,0.03011562326309522,0.003849737503633155,0.06454985271348691,1390.0422525477613,0.008599768844292014,0.018037233841015833,622.2606546941877,0.014290742996713797,0.014269422715634422,374.45903215097877
1171,The city of Bhiwandi is in,The city of Bhiwandi is in China.,573, the,4612, North,13.552169609418655,5.721722407816383,2.382512331008911,0.47863346128700196,5.68818445681655,6.409626677959801,True,2,31.342122837385098,True,2,4.889851533032088,173.28205782507163,779.5755887585444,0.03698955770960617,0.003980394382927567,0.01294349387476239,1610.299397831413,0.017352129960029262,0.006073147361709488,369.38558509672384,0.012379493998259768,0.011873991788893997,517.7616047037808
222,The city of Santo Domingo Oeste is in the Dominican,The city of Santo Domingo Oeste is in the Dominican Republic.,9576, Republic,4316, South,9.747309531100711,9.33313866217461,2.2574682235717773,0.30760454704437057,4.317805862923054,4.3221238070708825,True,1,31.719481026107296,True,1,7.338864512445259,144.1760142656611,1198.7046276842113,0.029978105783302247,0.012209782237735119,0.10327149381982194,353.9886070787635,0.006846491967175564,0.010691779744580219,631.2902765084118,0.010656974842736908,0.001622369362876644,405.5676090871658
23,The city of Huaihua is in South,The city of Huaihua is in South Africa.,5892, China,4612, North,9.744963019207255,8.071375124894773,2.142287015914917,0.3504490867306837,4.548859675110072,5.001714023703265,True,3,30.592139167529865,True,3,6.1163311262005085,163.40614117670322,999.8831261638917,0.03060909454005489,0.042935491950469355,0.027687153008971902,116.49369313092471,0.012173286126785778,0.013641225805198264,410.8762393005472,0.02032150276723372,0.02307177964864925,246.12914118575924
1088,The city of Curitiba is in,The city of Curitiba is in Brazil.,573, the,4316, South,13.111884305552366,3.1230914562091683,2.3504762649536133,0.5818629075869369,5.578394685815357,5.793317677349375,True,2,23.21766954636608,True,2,4.007663801545386,211.28036909394447,633.924992515729,0.027420047125975122,0.003849737503633155,0.014886773732784467,1504.8604409734387,0.008599768844292014,0.0037822467842040033,673.6596973992638,0.014290742996713797,0.015077895059498813,405.3895363370237
69,The city of Borivli is in,The city of Borivli is in Ukraine.,573, the,4612, North,12.318258876706064,4.127806324915425,2.382512331008911,0.5131661127499131,5.170281268382653,5.470650219431208,True,2,25.001735295909455,True,2,4.570157895876027,178.55066648249863,727.1987105990631,0.030639203578483626,0.003980394382927567,0.02012412823561749,1374.3990401794213,0.017352129960029262,0.03163397014961079,315.2725476372575,0.012379493998259768,0.002494360682092988,441.91226395846536
430,The city of Ta'if is in Saudi,The city of Ta'if is in Saudi Arabia.,33409, Arabia,573, the,11.173659137274182,11.046155405359961,3.2095301151275635,0.4203372361740401,3.4814003098488087,3.603372874150841,True,3,27.964451710155885,True,3,7.760632242852718,166.42818337622126,1223.088462894279,0.021651217967122747,0.0065754607311875185,0.12478157658520558,548.003101449604,0.0028894375362798364,0.025484832401813963,1247.0845377021715,0.020970067839445012,0.008639009314100008,171.83410667717737
378,The city of Casablanca is in,The city of Casablanca is in Morocco.,573, the,4612, North,9.807477151862287,2.398019903682914,2.382512331008911,0.6008692263857176,4.116443396416404,4.42071455563817,True,2,17.32626527219566,True,2,3.919335902404686,202.47761868723853,621.1803579455477,0.02183310226730157,0.003980394382927567,0.02033634045727521,1110.622247533861,0.017352129960029262,0.020093590156987348,254.76495195813504,0.012379493998259768,0.0009761775050311262,357.0997777663293
715,The city of Beirut is in,The city of Beirut is in Algeria.,573, the,29076, Iraq,21.781283604718887,6.643710809257648,2.879305124282837,0.7333441355402457,7.5647708959445765,9.627232131458552,True,6,37.03004446447188,True,6,3.846385332651341,189.76045135172043,623.7741698836506,0.05073360683367319,0.007048572966608918,0.009672649103049897,1365.8413095906747,0.0033699990278604273,0.011531095099546494,2856.7462636838704,0.025607553058085125,0.012892168768870766,375.95283351053826
453,The city of Abobo is in,The city of Abobo is in India.,573, the,15922, Nigeria,15.720264534444595,4.181653791706022,2.755669593811035,0.6726677927590128,5.704698621979491,5.762885488760343,True,3,23.55241546057013,True,3,4.086913666166999,230.93969079758253,643.7691084491712,0.024954071207324353,0.006422483341588538,0.010955638188993505,897.2986276886083,0.0018060067175482341,0.041964501673459005,3190.9546253425992,0.013773731806065634,0.046883167961203814,418.39681285376133
420,The city of Cochin is in,The city of Cochin is in India.,573, the,4316, South,10.073487270789357,2.139415786183717,2.3504762649536133,0.6009751940248159,4.285721758176596,4.924232281872497,True,2,18.890462271343456,True,2,3.836224854965643,189.3065850133931,613.9237081480566,0.026011943966577373,0.003849737503633155,0.020697043956669582,1279.1085826566868,0.008599768844292014,0.026583923652450513,572.6005397390295,0.014290742996713797,0.0282643071247269,344.5749659765654
469,The city of Puente Alto is in,The city of Puente Alto is in China.,573, the,4316, South,17.862177653036618,4.972894294149672,2.3504762649536133,0.5633337594244492,7.5993865240707414,7.83016606760716,True,3,32.393723747919914,True,3,4.1370417266027655,219.79410445668645,654.4218786770834,0.03562500498802144,0.003849737503633155,0.01431203358292299,2033.9480445660286,0.008599768844292014,0.0024560515025235426,910.5088996437773,0.014290742996713797,0.010060814449110738,547.9187519786573
950,The city of Kalyan is in,The city of Kalyan is in India.,573, the,4612, North,15.563499759197335,5.864979490475851,2.382512331008911,0.5031483247170636,6.532390013950834,7.098733919835666,True,2,33.15045780360114,True,2,4.6699113078418595,176.49372309508757,741.4363976817096,0.040220886019902015,0.003980394382927567,0.016760686417726586,1783.4247657174537,0.017352129960029262,0.0077277199043626465,409.09870639441056,0.012379493998259768,0.0042154648673250195,573.4268234900038
789,The city of Port Said is in,The city of Port Said is in China.,573, the,4612, North,11.274210530891558,3.3274291490506425,2.382512331008911,0.5636633615524046,4.7320680712352585,4.963980694871734,True,3,20.738206216641185,True,3,4.177737080659023,188.9516664731085,662.1092704111671,0.026271166523838013,0.003980394382927567,0.010163993362425777,1247.1077529811862,0.017352129960029262,0.01885161659772343,286.07327782273956,0.012379493998259768,0.004042951181268625,400.98413518109373
367,The city of Zhoushan is in the,The city of Zhoushan is in the Philippines.,9110, east,4316, South,6.243930601844177,2.6516963003465257,1.9382268190383911,0.4078687795980506,3.22146538295346,3.7706055324228513,True,5,17.81731297225216,True,4,4.725318737015542,182.97177119927517,776.5044720536225,0.020607580654156056,0.004271369539476538,0.02829344033440736,882.7626590428288,0.00946768823756874,0.026793660126255364,398.26042406642716,0.002415182558628183,0.020571933558822045,1561.2093251304966
365,The city of Bijie is in,The city of Bijie is in Indonesia.,573, the,4316, South,13.763592467119523,6.670044173436114,2.3504762649536133,0.45171495426875574,5.855661115297902,6.5985114396575355,True,4,33.61308917539072,True,4,5.094041206532371,185.4517358570782,816.5186759836195,0.0355807477841178,0.003849737503633155,0.04466003284952608,1714.0159383413154,0.008599768844292014,0.0249633212905593,767.2893956954683,0.014290742996713797,0.011248445724845848,461.7332661552226
